c LOG 0 set option 'set ("log", 1)' from '0'
c LOG 0 API call 'set ("log", 1)' succeeded
c ----------------------------------------------------------------------------
c LOG 0 API call 'set ("check", 1)' started
c LOG 0 set option 'set ("check", 1)' from '0'
c LOG 0 API call 'set ("check", 1)' succeeded
c ----------------------------------------------------------------------------
c LOG 0 API call 'set ("backboneeffort", 1)' started
c LOG 0 set option 'set ("backboneeffort", 1)' from '20'
c LOG 0 API call 'set ("backboneeffort", 1)' succeeded
c ----------------------------------------------------------------------------
c LOG 0 API call 'set ("blockocclim", 2)' started
c LOG 0 set option 'set ("blockocclim", 2)' from '100'
c LOG 0 API call 'set ("blockocclim", 2)' succeeded
c ----------------------------------------------------------------------------
c LOG 0 API call 'set ("bumpreasondepth", 1)' started
c LOG 0 keeping value '1' of option 'bumpreasondepth'
c LOG 0 API call 'set ("bumpreasondepth", 1)' succeeded
c ----------------------------------------------------------------------------
c LOG 0 API call 'set ("bumpreasonlimit", 2)' started
c LOG 0 set option 'set ("bumpreasonlimit", 2)' from '10'
c LOG 0 API call 'set ("bumpreasonlimit", 2)' succeeded
c ----------------------------------------------------------------------------
c LOG 0 API call 'set ("bumpreasonrate", 6)' started
c LOG 0 set option 'set ("bumpreasonrate", 6)' from '100'
c LOG 0 API call 'set ("bumpreasonrate", 6)' succeeded
c ----------------------------------------------------------------------------
c LOG 0 API call 'set ("checkproof", 1)' started
c LOG 0 set option 'set ("checkproof", 1)' from '3'
c LOG 0 API call 'set ("checkproof", 1)' succeeded
c ----------------------------------------------------------------------------
c LOG 0 API call 'set ("chronolevelim", 1)' started
c LOG 0 set option 'set ("chronolevelim", 1)' from '100'
c LOG 0 API call 'set ("chronolevelim", 1)' succeeded
c ----------------------------------------------------------------------------
c LOG 0 API call 'set ("compact", 0)' started
c LOG 0 set option 'set ("compact", 0)' from '1'
c LOG 0 API call 'set ("compact", 0)' succeeded
c ----------------------------------------------------------------------------
c LOG 0 API call 'set ("compactlim", 0)' started
c LOG 0 set option 'set ("compactlim", 0)' from '100'
c LOG 0 API call 'set ("compactlim", 0)' succeeded
c ----------------------------------------------------------------------------
c LOG 0 API call 'set ("condition", 1)' started
c LOG 0 set option 'set ("condition", 1)' from '0'
c LOG 0 API call 'set ("condition", 1)' succeeded
c ----------------------------------------------------------------------------
c LOG 0 API call 'set ("conditionmaxeff", 1)' started
c LOG 0 set option 'set ("conditionmaxeff", 1)' from '10000000'
c LOG 0 API call 'set ("conditionmaxeff", 1)' succeeded
c ----------------------------------------------------------------------------
c LOG 0 API call 'set ("conditionmaxrat", 2)' started
c LOG 0 set option 'set ("conditionmaxrat", 2)' from '100'
c LOG 0 API call 'set ("conditionmaxrat", 2)' succeeded
c ----------------------------------------------------------------------------
c LOG 0 API call 'set ("congruencebinaries", 1)' started
c LOG 0 keeping value '1' of option 'congruencebinaries'
c LOG 0 API call 'set ("congruencebinaries", 1)' succeeded
c ----------------------------------------------------------------------------
c LOG 0 API call 'set ("cover", 1)' started
c LOG 0 set option 'set ("cover", 1)' from '0'
c LOG 0 API call 'set ("cover", 1)' succeeded
c ----------------------------------------------------------------------------
c LOG 0 API call 'set ("covereffort", 1)' started
c LOG 0 set option 'set ("covereffort", 1)' from '4'
c LOG 0 API call 'set ("covereffort", 1)' succeeded
c ----------------------------------------------------------------------------
c LOG 0 API call 'set ("covermaxeff", 0)' started
c LOG 0 set option 'set ("covermaxeff", 0)' from '100000000'
c LOG 0 API call 'set ("covermaxeff", 0)' succeeded
c ----------------------------------------------------------------------------
c LOG 0 API call 'set ("elimbackward", 0)' started
c LOG 0 set option 'set ("elimbackward", 0)' from '1'
c LOG 0 API call 'set ("elimbackward", 0)' succeeded
c ----------------------------------------------------------------------------
c LOG 0 API call 'set ("elimeffort", 3)' started
c LOG 0 set option 'set ("elimeffort", 3)' from '1000'
c LOG 0 API call 'set ("elimeffort", 3)' succeeded
c ----------------------------------------------------------------------------
c LOG 0 API call 'set ("elimequivs", 1)' started
c LOG 0 keeping value '1' of option 'elimequivs'
c LOG 0 API call 'set ("elimequivs", 1)' succeeded
c ----------------------------------------------------------------------------
c LOG 0 API call 'set ("elimfactor", 0)' started
c LOG 0 set option 'set ("elimfactor", 0)' from '1'
c LOG 0 API call 'set ("elimfactor", 0)' succeeded
c ----------------------------------------------------------------------------
c LOG 0 API call 'set ("elimint", 3)' started
c LOG 0 set option 'set ("elimint", 3)' from '2000'
c LOG 0 API call 'set ("elimint", 3)' succeeded
c ----------------------------------------------------------------------------
c LOG 0 API call 'set ("elimites", 0)' started
c LOG 0 set option 'set ("elimites", 0)' from '1'
c LOG 0 API call 'set ("elimites", 0)' succeeded
c ----------------------------------------------------------------------------
c LOG 0 API call 'set ("elimlimited", 1)' started
c LOG 0 keeping value '1' of option 'elimlimited'
c LOG 0 API call 'set ("elimlimited", 1)' succeeded
c ----------------------------------------------------------------------------
c LOG 0 API call 'set ("elimprod", 0)' started
c LOG 0 set option 'set ("elimprod", 0)' from '1'
c LOG 0 API call 'set ("elimprod", 0)' succeeded
c ----------------------------------------------------------------------------
c LOG 0 API call 'set ("elimsubst", 1)' started
c LOG 0 keeping value '1' of option 'elimsubst'
c LOG 0 API call 'set ("elimsubst", 1)' succeeded
c ----------------------------------------------------------------------------
c LOG 0 API call 'set ("elimxorlim", 3)' started
c LOG 0 set option 'set ("elimxorlim", 3)' from '5'
c LOG 0 API call 'set ("elimxorlim", 3)' succeeded
c ----------------------------------------------------------------------------
c LOG 0 API call 'set ("emadecisions", 2)' started
c LOG 0 set option 'set ("emadecisions", 2)' from '100000'
c LOG 0 API call 'set ("emadecisions", 2)' succeeded
c ----------------------------------------------------------------------------
c LOG 0 API call 'set ("ematrailslow", 1)' started
c LOG 0 set option 'set ("ematrailslow", 1)' from '100000'
c LOG 0 API call 'set ("ematrailslow", 1)' succeeded
c ----------------------------------------------------------------------------
c LOG 0 API call 'set ("factorboundelim", 1)' started
c LOG 0 set option 'set ("factorboundelim", 1)' from '0'
c LOG 0 API call 'set ("factorboundelim", 1)' succeeded
c ----------------------------------------------------------------------------
c LOG 0 API call 'set ("factorcandrounds", 2)' started
c LOG 0 keeping value '2' of option 'factorcandrounds'
c LOG 0 API call 'set ("factorcandrounds", 2)' succeeded
c ----------------------------------------------------------------------------
c LOG 0 API call 'set ("factordelay", 0)' started
c LOG 0 set option 'set ("factordelay", 0)' from '4'
c LOG 0 API call 'set ("factordelay", 0)' succeeded
c ----------------------------------------------------------------------------
c LOG 0 API call 'set ("factorxorrand", 0)' started
c LOG 0 set option 'set ("factorxorrand", 0)' from '1'
c LOG 0 API call 'set ("factorxorrand", 0)' succeeded
c ----------------------------------------------------------------------------
c LOG 0 API call 'set ("fastelimclslim", 2)' started
c LOG 0 set option 'set ("fastelimclslim", 2)' from '100'
c LOG 0 API call 'set ("fastelimclslim", 2)' succeeded
c ----------------------------------------------------------------------------
c LOG 0 API call 'set ("frat", 1)' started
c LOG 0 set option 'set ("frat", 1)' from '0'
c LOG 0 API call 'set ("frat", 1)' succeeded
c ----------------------------------------------------------------------------
c LOG 0 API call 'set ("instantiate", 0)' started
c LOG 0 keeping value '0' of option 'instantiate'
c LOG 0 API call 'set ("instantiate", 0)' succeeded
c ----------------------------------------------------------------------------
c LOG 0 API call 'set ("instantiateocclim", 1)' started
c LOG 0 keeping value '1' of option 'instantiateocclim'
c LOG 0 API call 'set ("instantiateocclim", 1)' succeeded
c ----------------------------------------------------------------------------
c LOG 0 API call 'set ("minimize", 1)' started
c LOG 0 keeping value '1' of option 'minimize'
c LOG 0 API call 'set ("minimize", 1)' succeeded
c ----------------------------------------------------------------------------
c LOG 0 API call 'set ("minimizeticks", 0)' started
c LOG 0 set option 'set ("minimizeticks", 0)' from '1'
c LOG 0 API call 'set ("minimizeticks", 0)' succeeded
c ----------------------------------------------------------------------------
c LOG 0 API call 'set ("modelalllits", 1)' started
c LOG 0 set option 'set ("modelalllits", 1)' from '0'
c LOG 0 API call 'set ("modelalllits", 1)' succeeded
c ----------------------------------------------------------------------------
c LOG 0 API call 'set ("probe", 0)' started
c LOG 0 set option 'set ("probe", 0)' from '1'
c LOG 0 API call 'set ("probe", 0)' succeeded
c ----------------------------------------------------------------------------
c LOG 0 API call 'set ("probethresh", 0)' started
c LOG 0 keeping value '0' of option 'probethresh'
c LOG 0 API call 'set ("probethresh", 0)' succeeded
c ----------------------------------------------------------------------------
c LOG 0 API call 'set ("profile", 1)' started
c LOG 0 set option 'set ("profile", 1)' from '2'
c LOG 0 API call 'set ("profile", 1)' succeeded
c ----------------------------------------------------------------------------
c LOG 0 API call 'set ("randec", 0)' started
c LOG 0 set option 'set ("randec", 0)' from '1'
c LOG 0 API call 'set ("randec", 0)' succeeded
c ----------------------------------------------------------------------------
c LOG 0 API call 'set ("randecinit", 2)' started
c LOG 0 set option 'set ("randecinit", 2)' from '1000'
c LOG 0 API call 'set ("randecinit", 2)' succeeded
c ----------------------------------------------------------------------------
c LOG 0 API call 'set ("reduceinit", 1)' started
c LOG 0 set option 'set ("reduceinit", 1)' from '300'
c LOG 0 API call 'set ("reduceinit", 1)' succeeded
c ----------------------------------------------------------------------------
c LOG 0 API call 'set ("reluctant", 1)' started
c LOG 0 keeping value '1' of option 'reluctant'
c LOG 0 API call 'set ("reluctant", 1)' succeeded
c ----------------------------------------------------------------------------
c LOG 0 API call 'set ("report", 1)' started
c LOG 0 set option 'set ("report", 1)' from '0'
c LOG 0 API call 'set ("report", 1)' succeeded
c ----------------------------------------------------------------------------
c LOG 0 API call 'set ("reportsolve", 0)' started
c LOG 0 keeping value '0' of option 'reportsolve'
c LOG 0 API call 'set ("reportsolve", 0)' succeeded
c ----------------------------------------------------------------------------
c LOG 0 API call 'set ("restartmarginstable", 0)' started
c LOG 0 set option 'set ("restartmarginstable", 0)' from '25'
c LOG 0 API call 'set ("restartmarginstable", 0)' succeeded
c ----------------------------------------------------------------------------
c LOG 0 API call 'set ("restoreflush", 1)' started
c LOG 0 set option 'set ("restoreflush", 1)' from '0'
c LOG 0 API call 'set ("restoreflush", 1)' succeeded
c ----------------------------------------------------------------------------
c LOG 0 API call 'set ("scorefactor", 500)' started
c LOG 0 set option 'set ("scorefactor", 500)' from '950'
c LOG 0 API call 'set ("scorefactor", 500)' succeeded
c ----------------------------------------------------------------------------
c LOG 0 API call 'set ("shrinkreap", 0)' started
c LOG 0 set option 'set ("shrinkreap", 0)' from '1'
c LOG 0 API call 'set ("shrinkreap", 0)' succeeded
c ----------------------------------------------------------------------------
c LOG 0 API call 'set ("shufflerandom", 0)' started
c LOG 0 keeping value '0' of option 'shufflerandom'
c LOG 0 API call 'set ("shufflerandom", 0)' succeeded
c ----------------------------------------------------------------------------
c LOG 0 API call 'set ("stabilizeinit", 1)' started
c LOG 0 set option 'set ("stabilizeinit", 1)' from '1000'
c LOG 0 API call 'set ("stabilizeinit", 1)' succeeded
c ----------------------------------------------------------------------------
c LOG 0 API call 'set ("stabilizeonly", 0)' started
c LOG 0 keeping value '0' of option 'stabilizeonly'
c LOG 0 API call 'set ("stabilizeonly", 0)' succeeded
c ----------------------------------------------------------------------------
c LOG 0 API call 'set ("subsumebinlim", 0)' started
c LOG 0 set option 'set ("subsumebinlim", 0)' from '10000'
c LOG 0 API call 'set ("subsumebinlim", 0)' succeeded
c ----------------------------------------------------------------------------
c LOG 0 API call 'set ("subsumelimited", 1)' started
c LOG 0 keeping value '1' of option 'subsumelimited'
c LOG 0 API call 'set ("subsumelimited", 1)' succeeded
c ----------------------------------------------------------------------------
c LOG 0 API call 'set ("subsumestr", 1)' started
c LOG 0 keeping value '1' of option 'subsumestr'
c LOG 0 API call 'set ("subsumestr", 1)' succeeded
c ----------------------------------------------------------------------------
c LOG 0 API call 'set ("sweepmaxdepth", 2)' started
c LOG 0 set option 'set ("sweepmaxdepth", 2)' from '3'
c LOG 0 API call 'set ("sweepmaxdepth", 2)' succeeded
c ----------------------------------------------------------------------------
c LOG 0 API call 'set ("sweepthresh", 1)' started
c LOG 0 set option 'set ("sweepthresh", 1)' from '5'
c LOG 0 API call 'set ("sweepthresh", 1)' succeeded
c ----------------------------------------------------------------------------
c LOG 0 API call 'set ("sweepvars", 1)' started
c LOG 0 set option 'set ("sweepvars", 1)' from '256'
c LOG 0 API call 'set ("sweepvars", 1)' succeeded
c ----------------------------------------------------------------------------
c LOG 0 API call 'set ("ternary", 0)' started
c LOG 0 set option 'set ("ternary", 0)' from '1'
c LOG 0 API call 'set ("ternary", 0)' succeeded
c ----------------------------------------------------------------------------
c LOG 0 API call 'set ("ternaryeffort", 8)' started
c LOG 0 keeping value '8' of option 'ternaryeffort'
c LOG 0 API call 'set ("ternaryeffort", 8)' succeeded
c ----------------------------------------------------------------------------
c LOG 0 API call 'set ("ternaryocclim", 5)' started
c LOG 0 set option 'set ("ternaryocclim", 5)' from '100'
c LOG 0 API call 'set ("ternaryocclim", 5)' succeeded
c ----------------------------------------------------------------------------
c LOG 0 API call 'set ("ternarythresh", 0)' started
c LOG 0 set option 'set ("ternarythresh", 0)' from '6'
c LOG 0 API call 'set ("ternarythresh", 0)' succeeded
c ----------------------------------------------------------------------------
c LOG 0 API call 'set ("tier1limit", 0)' started
c LOG 0 set option 'set ("tier1limit", 0)' from '50'
c LOG 0 API call 'set ("tier1limit", 0)' succeeded
c ----------------------------------------------------------------------------
c LOG 0 API call 'set ("tier2minglue", 1)' started
c LOG 0 set option 'set ("tier2minglue", 1)' from '0'
c LOG 0 API call 'set ("tier2minglue", 1)' succeeded
c ----------------------------------------------------------------------------
c LOG 0 API call 'set ("transredeffort", 1)' started
c LOG 0 set option 'set ("transredeffort", 1)' from '100'
c LOG 0 API call 'set ("transredeffort", 1)' succeeded
c ----------------------------------------------------------------------------
c LOG 0 API call 'set ("transredmineff", 1)' started
c LOG 0 set option 'set ("transredmineff", 1)' from '0'
c LOG 0 API call 'set ("transredmineff", 1)' succeeded
c ----------------------------------------------------------------------------
c LOG 0 API call 'set ("varprioritizeswap", 1)' started
c LOG 0 set option 'set ("varprioritizeswap", 1)' from '0'
c LOG 0 API call 'set ("varprioritizeswap", 1)' succeeded
c ----------------------------------------------------------------------------
c LOG 0 API call 'set ("vivifyeffort", 15)' started
c LOG 0 set option 'set ("vivifyeffort", 15)' from '50'
c LOG 0 API call 'set ("vivifyeffort", 15)' succeeded
c ----------------------------------------------------------------------------
c LOG 0 API call 'set ("vivifyflush", 0)' started
c LOG 0 set option 'set ("vivifyflush", 0)' from '1'
c LOG 0 API call 'set ("vivifyflush", 0)' succeeded
c ----------------------------------------------------------------------------
c LOG 0 API call 'set ("vivifyonce", 1)' started
c LOG 0 set option 'set ("vivifyonce", 1)' from '0'
c LOG 0 API call 'set ("vivifyonce", 1)' succeeded
c ----------------------------------------------------------------------------
c LOG 0 API call 'set ("vivifyschedmax", 10)' started
c LOG 0 set option 'set ("vivifyschedmax", 10)' from '5000'
c LOG 0 API call 'set ("vivifyschedmax", 10)' succeeded
c ----------------------------------------------------------------------------
c LOG 0 API call 'set ("vivifytier2", 0)' started
c LOG 0 set option 'set ("vivifytier2", 0)' from '1'
c LOG 0 API call 'set ("vivifytier2", 0)' succeeded
c ----------------------------------------------------------------------------
c LOG 0 API call 'set ("vivifytier2eff", 5)' started
c LOG 0 set option 'set ("vivifytier2eff", 5)' from '2'
c LOG 0 API call 'set ("vivifytier2eff", 5)' succeeded
c ----------------------------------------------------------------------------
c LOG 0 API call 'set ("vivifytier3eff", 77)' started
c LOG 0 set option 'set ("vivifytier3eff", 77)' from '1'
c LOG 0 API call 'set ("vivifytier3eff", 77)' succeeded
c ----------------------------------------------------------------------------
c LOG 0 API call 'set ("walkddfwstrat", 2)' started
c LOG 0 set option 'set ("walkddfwstrat", 2)' from '4'
c LOG 0 API call 'set ("walkddfwstrat", 2)' succeeded
c ----------------------------------------------------------------------------
c LOG 0 API call 'set ("walkredundant", 1)' started
c LOG 0 set option 'set ("walkredundant", 1)' from '0'
c LOG 0 API call 'set ("walkredundant", 1)' succeeded
c ----------------------------------------------------------------------------
c LOG 0 API call 'set ("arena", 1)' started
c LOG 0 keeping value '1' of option 'arena'
c LOG 0 API call 'set ("arena", 1)' succeeded
c ----------------------------------------------------------------------------
c LOG 0 API call 'set ("arena", 1)' started
c LOG 0 keeping value '1' of option 'arena'
c LOG 0 API call 'set ("arena", 1)' succeeded
c ----------------------------------------------------------------------------
c LOG 0 API call 'declare_var ()' started
c LOG 0 API leaves state CONFIGURING
c LOG 0 connecting proof to internal solver
c LOG 0 PROOF new
c LOG 0 PROOF connecting proof checker
c LOG 0 API enters state STEADY
c LOG 0 1 external variables from 0
c LOG 0 initialized 1 external variables
c LOG 0 reserving 2 new internal variables, reserved so far: 0
c LOG 0 new mapping external 1 to internal 1
c LOG 0 declaring 1
c LOG 0 declaring new 1 (max_var: 1, unused: 0, active: 0)
c LOG 0 API call 'declare_var ()' succeeded
c ----------------------------------------------------------------------------
c LOG 0 API call 'add (-1)' started
c LOG 0 adding external -1 as internal -1
c LOG 0 API enters state ADDING
c LOG 0 API call 'add (-1)' succeeded
c ----------------------------------------------------------------------------
c LOG 0 API call 'declare_var ()' started
c LOG 0 API enters state STEADY
c LOG 0 2 external variables from 1
c LOG 0 initialized 1 external variables
c LOG 0 reserving 3 new internal variables, reserved so far: 1
c LOG 0 new mapping external 2 to internal 2
c LOG 0 declaring 2
c LOG 0 declaring new 2 (max_var: 2, unused: 0, active: 0)
c LOG 0 API call 'declare_var ()' succeeded
c ----------------------------------------------------------------------------
c LOG 0 API call 'add (2)' started
c LOG 0 adding external 2 as internal 2
c LOG 0 API enters state ADDING
c LOG 0 API call 'add (2)' succeeded
c ----------------------------------------------------------------------------
c LOG 0 API call 'declare_var ()' started
c LOG 0 API enters state STEADY
c LOG 0 3 external variables from 2
c LOG 0 initialized 1 external variables
c LOG 0 new mapping external 3 to internal 3
c LOG 0 declaring 3
c LOG 0 declaring new 3 (max_var: 3, unused: 0, active: 0)
c LOG 0 API call 'declare_var ()' succeeded
c ----------------------------------------------------------------------------
c LOG 0 API call 'add (3)' started
c LOG 0 adding external 3 as internal 3
c LOG 0 API enters state ADDING
c LOG 0 API call 'add (3)' succeeded
c ----------------------------------------------------------------------------
c LOG 0 API call 'add (0)' started
c LOG 0 API enters state STEADY
c LOG 0 PROOF adding original external clause -1 2 3
c LOG 0 CHECKER addition of original clause -1 2 3
c LOG 0 CHECKER enlarging variables of checker from 0 to 2
c LOG 0 CHECKER enlarging variables of checker from 2 to 4
c LOG 0 CHECKER enlarging clauses of checker from 0 to 1
c LOG 0 original clause -1 2 3
c LOG 0 new pointer 0x600001718450 irredundant size 3 clause[2] -1 2 3
c LOG 0 marking added irredundant size 3 clause[2] -1 2 3
c LOG 0 marking -1 as factor literal candidate
c LOG 0 marking 2 as factor literal candidate
c LOG 0 marking 3 as factor literal candidate
c LOG 0 watch -1 blit 2 in irredundant size 3 clause[1] -1 2 3
c LOG 0 watch 2 blit -1 in irredundant size 3 clause[1] -1 2 3
c LOG 0 API call 'add (0)' succeeded
c ----------------------------------------------------------------------------
c LOG 0 API call 'declare_var ()' started
c LOG 0 4 external variables from 3
c LOG 0 initialized 1 external variables
c LOG 0 reserving 5 new internal variables, reserved so far: 3
c LOG 0 new mapping external 4 to internal 4
c LOG 0 declaring 4
c LOG 0 declaring new 4 (max_var: 4, unused: 0, active: 0)
c LOG 0 API call 'declare_var ()' succeeded
c ----------------------------------------------------------------------------
c LOG 0 API call 'add (-4)' started
c LOG 0 adding external -4 as internal -4
c LOG 0 API enters state ADDING
c LOG 0 API call 'add (-4)' succeeded
c ----------------------------------------------------------------------------
c LOG 0 API call 'add (3)' started
c LOG 0 API enters state STEADY
c LOG 0 adding external 3 as internal 3
c LOG 0 API enters state ADDING
c LOG 0 API call 'add (3)' succeeded
c ----------------------------------------------------------------------------
c LOG 0 API call 'declare_var ()' started
c LOG 0 API enters state STEADY
c LOG 0 5 external variables from 4
c LOG 0 initialized 1 external variables
c LOG 0 new mapping external 5 to internal 5
c LOG 0 declaring 5
c LOG 0 declaring new 5 (max_var: 5, unused: 0, active: 0)
c LOG 0 API call 'declare_var ()' succeeded
c ----------------------------------------------------------------------------
c LOG 0 API call 'add (-5)' started
c LOG 0 adding external -5 as internal -5
c LOG 0 API enters state ADDING
c LOG 0 API call 'add (-5)' succeeded
c ----------------------------------------------------------------------------
c LOG 0 API call 'add (0)' started
c LOG 0 API enters state STEADY
c LOG 0 PROOF adding original external clause -4 3 -5
c LOG 0 CHECKER addition of original clause -4 3 -5
c LOG 0 CHECKER enlarging variables of checker from 4 to 8
c LOG 0 CHECKER enlarging clauses of checker from 1 to 2
c LOG 0 original clause -4 3 -5
c LOG 0 new pointer 0x6000017184e0 irredundant size 3 clause[3] -4 3 -5
c LOG 0 marking added irredundant size 3 clause[3] -4 3 -5
c LOG 0 marking -4 as factor literal candidate
c LOG 0 marking -5 as factor literal candidate
c LOG 0 watch -4 blit 3 in irredundant size 3 clause[2] -4 3 -5
c LOG 0 watch 3 blit -4 in irredundant size 3 clause[2] -4 3 -5
c LOG 0 API call 'add (0)' succeeded
c ----------------------------------------------------------------------------
c LOG 0 API call 'declare_var ()' started
c LOG 0 6 external variables from 5
c LOG 0 initialized 1 external variables
c LOG 0 new mapping external 6 to internal 6
c LOG 0 declaring 6
c LOG 0 declaring new 6 (max_var: 6, unused: 0, active: 0)
c LOG 0 API call 'declare_var ()' succeeded
c ----------------------------------------------------------------------------
c LOG 0 API call 'add (6)' started
c LOG 0 adding external 6 as internal 6
c LOG 0 API enters state ADDING
c LOG 0 API call 'add (6)' succeeded
c ----------------------------------------------------------------------------
c LOG 0 API call 'declare_var ()' started
c LOG 0 API enters state STEADY
c LOG 0 7 external variables from 6
c LOG 0 initialized 1 external variables
c LOG 0 new mapping external 7 to internal 7
c LOG 0 declaring 7
c LOG 0 declaring new 7 (max_var: 7, unused: 0, active: 0)
c LOG 0 API call 'declare_var ()' succeeded
c ----------------------------------------------------------------------------
c LOG 0 API call 'add (7)' started
c LOG 0 adding external 7 as internal 7
c LOG 0 API enters state ADDING
c LOG 0 API call 'add (7)' succeeded
c ----------------------------------------------------------------------------
c LOG 0 API call 'declare_var ()' started
c LOG 0 API enters state STEADY
c LOG 0 8 external variables from 7
c LOG 0 initialized 1 external variables
c LOG 0 reserving 9 new internal variables, reserved so far: 7
c LOG 0 new mapping external 8 to internal 8
c LOG 0 declaring 8
c LOG 0 declaring new 8 (max_var: 8, unused: 0, active: 0)
c LOG 0 API call 'declare_var ()' succeeded
c ----------------------------------------------------------------------------
c LOG 0 API call 'add (-8)' started
c LOG 0 adding external -8 as internal -8
c LOG 0 API enters state ADDING
c LOG 0 API call 'add (-8)' succeeded
c ----------------------------------------------------------------------------
c LOG 0 API call 'add (0)' started
c LOG 0 API enters state STEADY
c LOG 0 PROOF adding original external clause 6 7 -8
c LOG 0 CHECKER addition of original clause 6 7 -8
c LOG 0 CHECKER enlarging variables of checker from 8 to 16
c LOG 0 CHECKER enlarging clauses of checker from 2 to 4
c LOG 0 original clause 6 7 -8
c LOG 0 new pointer 0x600001720030 irredundant size 3 clause[4] 6 7 -8
c LOG 0 marking added irredundant size 3 clause[4] 6 7 -8
c LOG 0 marking 6 as factor literal candidate
c LOG 0 marking 7 as factor literal candidate
c LOG 0 marking -8 as factor literal candidate
c LOG 0 watch 6 blit 7 in irredundant size 3 clause[3] 6 7 -8
c LOG 0 watch 7 blit 6 in irredundant size 3 clause[3] 6 7 -8
c LOG 0 API call 'add (0)' succeeded
c ----------------------------------------------------------------------------
c LOG 0 API call 'active ()' started
c LOG 0 API call 'active ()' returns '0'
c ----------------------------------------------------------------------------
c LOG 0 API call 'declare_var ()' started
c LOG 0 9 external variables from 8
c LOG 0 initialized 1 external variables
c LOG 0 new mapping external 9 to internal 9
c LOG 0 declaring 9
c LOG 0 declaring new 9 (max_var: 9, unused: 0, active: 0)
c LOG 0 API call 'declare_var ()' succeeded
c ----------------------------------------------------------------------------
c LOG 0 API call 'add (-9)' started
c LOG 0 adding external -9 as internal -9
c LOG 0 API enters state ADDING
c LOG 0 API call 'add (-9)' succeeded
c ----------------------------------------------------------------------------
c LOG 0 API call 'declare_var ()' started
c LOG 0 API enters state STEADY
c LOG 0 10 external variables from 9
c LOG 0 initialized 1 external variables
c LOG 0 new mapping external 10 to internal 10
c LOG 0 declaring 10
c LOG 0 declaring new 10 (max_var: 10, unused: 0, active: 0)
c LOG 0 API call 'declare_var ()' succeeded
c ----------------------------------------------------------------------------
c LOG 0 API call 'add (-10)' started
c LOG 0 adding external -10 as internal -10
c LOG 0 API enters state ADDING
c LOG 0 API call 'add (-10)' succeeded
c ----------------------------------------------------------------------------
c LOG 0 API call 'declare_var ()' started
c LOG 0 API enters state STEADY
c LOG 0 11 external variables from 10
c LOG 0 initialized 1 external variables
c LOG 0 new mapping external 11 to internal 11
c LOG 0 declaring 11
c LOG 0 declaring new 11 (max_var: 11, unused: 0, active: 0)
c LOG 0 API call 'declare_var ()' succeeded
c ----------------------------------------------------------------------------
c LOG 0 API call 'add (11)' started
c LOG 0 adding external 11 as internal 11
c LOG 0 API enters state ADDING
c LOG 0 API call 'add (11)' succeeded
c ----------------------------------------------------------------------------
c LOG 0 API call 'add (0)' started
c LOG 0 API enters state STEADY
c LOG 0 PROOF adding original external clause -9 -10 11
c LOG 0 CHECKER addition of original clause -9 -10 11
c LOG 0 original clause -9 -10 11
c LOG 0 new pointer 0x600001718480 irredundant size 3 clause[5] -9 -10 11
c LOG 0 marking added irredundant size 3 clause[5] -9 -10 11
c LOG 0 marking -9 as factor literal candidate
c LOG 0 marking -10 as factor literal candidate
c LOG 0 marking 11 as factor literal candidate
c LOG 0 watch -9 blit -10 in irredundant size 3 clause[4] -9 -10 11
c LOG 0 watch -10 blit -9 in irredundant size 3 clause[4] -9 -10 11
c LOG 0 API call 'add (0)' succeeded
c ----------------------------------------------------------------------------
c LOG 0 API call 'add (2)' started
c LOG 0 adding external 2 as internal 2
c LOG 0 API enters state ADDING
c LOG 0 API call 'add (2)' succeeded
c ----------------------------------------------------------------------------
c LOG 0 API call 'declare_var ()' started
c LOG 0 API enters state STEADY
c LOG 0 12 external variables from 11
c LOG 0 initialized 1 external variables
c LOG 0 new mapping external 12 to internal 12
c LOG 0 declaring 12
c LOG 0 declaring new 12 (max_var: 12, unused: 0, active: 0)
c LOG 0 API call 'declare_var ()' succeeded
c ----------------------------------------------------------------------------
c LOG 0 API call 'add (12)' started
c LOG 0 adding external 12 as internal 12
c LOG 0 API enters state ADDING
c LOG 0 API call 'add (12)' succeeded
c ----------------------------------------------------------------------------
c LOG 0 API call 'declare_var ()' started
c LOG 0 API enters state STEADY
c LOG 0 13 external variables from 12
c LOG 0 initialized 1 external variables
c LOG 0 new mapping external 13 to internal 13
c LOG 0 declaring 13
c LOG 0 declaring new 13 (max_var: 13, unused: 0, active: 0)
c LOG 0 API call 'declare_var ()' succeeded
c ----------------------------------------------------------------------------
c LOG 0 API call 'add (13)' started
c LOG 0 adding external 13 as internal 13
c LOG 0 API enters state ADDING
c LOG 0 API call 'add (13)' succeeded
c ----------------------------------------------------------------------------
c LOG 0 API call 'add (0)' started
c LOG 0 API enters state STEADY
c LOG 0 PROOF adding original external clause 2 12 13
c LOG 0 CHECKER addition of original clause 2 12 13
c LOG 0 CHECKER enlarging clauses of checker from 4 to 8
c LOG 0 original clause 2 12 13
c LOG 0 new pointer 0x6000017200c0 irredundant size 3 clause[6] 2 12 13
c LOG 0 marking added irredundant size 3 clause[6] 2 12 13
c LOG 0 marking 12 as factor literal candidate
c LOG 0 marking 13 as factor literal candidate
c LOG 0 watch 2 blit 12 in irredundant size 3 clause[5] 2 12 13
c LOG 0 watch 12 blit 2 in irredundant size 3 clause[5] 2 12 13
c LOG 0 API call 'add (0)' succeeded
c ----------------------------------------------------------------------------
c LOG 0 API call 'declare_var ()' started
c LOG 0 14 external variables from 13
c LOG 0 initialized 1 external variables
c LOG 0 new mapping external 14 to internal 14
c LOG 0 declaring 14
c LOG 0 declaring new 14 (max_var: 14, unused: 0, active: 0)
c LOG 0 API call 'declare_var ()' succeeded
c ----------------------------------------------------------------------------
c LOG 0 API call 'add (14)' started
c LOG 0 adding external 14 as internal 14
c LOG 0 API enters state ADDING
c LOG 0 API call 'add (14)' succeeded
c ----------------------------------------------------------------------------
c LOG 0 API call 'declare_var ()' started
c LOG 0 API enters state STEADY
c LOG 0 15 external variables from 14
c LOG 0 initialized 1 external variables
c LOG 0 new mapping external 15 to internal 15
c LOG 0 declaring 15
c LOG 0 declaring new 15 (max_var: 15, unused: 0, active: 0)
c LOG 0 API call 'declare_var ()' succeeded
c ----------------------------------------------------------------------------
c LOG 0 API call 'add (-15)' started
c LOG 0 adding external -15 as internal -15
c LOG 0 API enters state ADDING
c LOG 0 API call 'add (-15)' succeeded
c ----------------------------------------------------------------------------
c LOG 0 API call 'declare_var ()' started
c LOG 0 API enters state STEADY
c LOG 0 16 external variables from 15
c LOG 0 initialized 1 external variables
c LOG 0 reserving 17 new internal variables, reserved so far: 15
c LOG 0 new mapping external 16 to internal 16
c LOG 0 declaring 16
c LOG 0 declaring new 16 (max_var: 16, unused: 0, active: 0)
c LOG 0 API call 'declare_var ()' succeeded
c ----------------------------------------------------------------------------
c LOG 0 API call 'add (-16)' started
c LOG 0 adding external -16 as internal -16
c LOG 0 API enters state ADDING
c LOG 0 API call 'add (-16)' succeeded
c ----------------------------------------------------------------------------
c LOG 0 API call 'add (0)' started
c LOG 0 API enters state STEADY
c LOG 0 PROOF adding original external clause 14 -15 -16
c LOG 0 CHECKER addition of original clause 14 -15 -16
c LOG 0 CHECKER enlarging variables of checker from 16 to 32
c LOG 0 original clause 14 -15 -16
c LOG 0 new pointer 0x600001720120 irredundant size 3 clause[7] 14 -15 -16
c LOG 0 marking added irredundant size 3 clause[7] 14 -15 -16
c LOG 0 marking 14 as factor literal candidate
c LOG 0 marking -15 as factor literal candidate
c LOG 0 marking -16 as factor literal candidate
c LOG 0 watch 14 blit -15 in irredundant size 3 clause[6] 14 -15 -16
c LOG 0 watch -15 blit 14 in irredundant size 3 clause[6] 14 -15 -16
c LOG 0 API call 'add (0)' succeeded
c ----------------------------------------------------------------------------
c LOG 0 API call 'declare_var ()' started
c LOG 0 17 external variables from 16
c LOG 0 initialized 1 external variables
c LOG 0 new mapping external 17 to internal 17
c LOG 0 declaring 17
c LOG 0 declaring new 17 (max_var: 17, unused: 0, active: 0)
c LOG 0 API call 'declare_var ()' succeeded
c ----------------------------------------------------------------------------
c LOG 0 API call 'add (-17)' started
c LOG 0 adding external -17 as internal -17
c LOG 0 API enters state ADDING
c LOG 0 API call 'add (-17)' succeeded
c ----------------------------------------------------------------------------
c LOG 0 API call 'declare_var ()' started
c LOG 0 API enters state STEADY
c LOG 0 18 external variables from 17
c LOG 0 initialized 1 external variables
c LOG 0 new mapping external 18 to internal 18
c LOG 0 declaring 18
c LOG 0 declaring new 18 (max_var: 18, unused: 0, active: 0)
c LOG 0 API call 'declare_var ()' succeeded
c ----------------------------------------------------------------------------
c LOG 0 API call 'add (-18)' started
c LOG 0 adding external -18 as internal -18
c LOG 0 API enters state ADDING
c LOG 0 API call 'add (-18)' succeeded
c ----------------------------------------------------------------------------
c LOG 0 API call 'declare_var ()' started
c LOG 0 API enters state STEADY
c LOG 0 19 external variables from 18
c LOG 0 initialized 1 external variables
c LOG 0 new mapping external 19 to internal 19
c LOG 0 declaring 19
c LOG 0 declaring new 19 (max_var: 19, unused: 0, active: 0)
c LOG 0 API call 'declare_var ()' succeeded
c ----------------------------------------------------------------------------
c LOG 0 API call 'add (-19)' started
c LOG 0 adding external -19 as internal -19
c LOG 0 API enters state ADDING
c LOG 0 API call 'add (-19)' succeeded
c ----------------------------------------------------------------------------
c LOG 0 API call 'add (0)' started
c LOG 0 API enters state STEADY
c LOG 0 PROOF adding original external clause -17 -18 -19
c LOG 0 CHECKER addition of original clause -17 -18 -19
c LOG 0 original clause -17 -18 -19
c LOG 0 new pointer 0x600001720180 irredundant size 3 clause[8] -17 -18 -19
c LOG 0 marking added irredundant size 3 clause[8] -17 -18 -19
c LOG 0 marking -17 as factor literal candidate
c LOG 0 marking -18 as factor literal candidate
c LOG 0 marking -19 as factor literal candidate
c LOG 0 watch -17 blit -18 in irredundant size 3 clause[7] -17 -18 -19
c LOG 0 watch -18 blit -17 in irredundant size 3 clause[7] -17 -18 -19
c LOG 0 API call 'add (0)' succeeded
c ----------------------------------------------------------------------------
c LOG 0 API call 'declare_var ()' started
c LOG 0 20 external variables from 19
c LOG 0 initialized 1 external variables
c LOG 0 new mapping external 20 to internal 20
c LOG 0 declaring 20
c LOG 0 declaring new 20 (max_var: 20, unused: 0, active: 0)
c LOG 0 API call 'declare_var ()' succeeded
c ----------------------------------------------------------------------------
c LOG 0 API call 'add (-20)' started
c LOG 0 adding external -20 as internal -20
c LOG 0 API enters state ADDING
c LOG 0 API call 'add (-20)' succeeded
c ----------------------------------------------------------------------------
c LOG 0 API call 'add (12)' started
c LOG 0 API enters state STEADY
c LOG 0 adding external 12 as internal 12
c LOG 0 API enters state ADDING
c LOG 0 API call 'add (12)' succeeded
c ----------------------------------------------------------------------------
c LOG 0 API call 'add (-15)' started
c LOG 0 API enters state STEADY
c LOG 0 adding external -15 as internal -15
c LOG 0 API enters state ADDING
c LOG 0 API call 'add (-15)' succeeded
c ----------------------------------------------------------------------------
c LOG 0 API call 'add (0)' started
c LOG 0 API enters state STEADY
c LOG 0 PROOF adding original external clause -20 12 -15
c LOG 0 CHECKER addition of original clause -20 12 -15
c LOG 0 original clause -20 12 -15
c LOG 0 new pointer 0x6000017201e0 irredundant size 3 clause[9] -20 12 -15
c LOG 0 marking added irredundant size 3 clause[9] -20 12 -15
c LOG 0 marking -20 as factor literal candidate
c LOG 0 watch -20 blit 12 in irredundant size 3 clause[8] -20 12 -15
c LOG 0 watch 12 blit -20 in irredundant size 3 clause[8] -20 12 -15
c LOG 0 API call 'add (0)' succeeded
c ----------------------------------------------------------------------------
c LOG 0 API call 'declare_var ()' started
c LOG 0 21 external variables from 20
c LOG 0 initialized 1 external variables
c LOG 0 new mapping external 21 to internal 21
c LOG 0 declaring 21
c LOG 0 declaring new 21 (max_var: 21, unused: 0, active: 0)
c LOG 0 API call 'declare_var ()' succeeded
c ----------------------------------------------------------------------------
c LOG 0 API call 'add (21)' started
c LOG 0 adding external 21 as internal 21
c LOG 0 API enters state ADDING
c LOG 0 API call 'add (21)' succeeded
c ----------------------------------------------------------------------------
c LOG 0 API call 'declare_var ()' started
c LOG 0 API enters state STEADY
c LOG 0 22 external variables from 21
c LOG 0 initialized 1 external variables
c LOG 0 new mapping external 22 to internal 22
c LOG 0 declaring 22
c LOG 0 declaring new 22 (max_var: 22, unused: 0, active: 0)
c LOG 0 API call 'declare_var ()' succeeded
c ----------------------------------------------------------------------------
c LOG 0 API call 'add (22)' started
c LOG 0 adding external 22 as internal 22
c LOG 0 API enters state ADDING
c LOG 0 API call 'add (22)' succeeded
c ----------------------------------------------------------------------------
c LOG 0 API call 'declare_var ()' started
c LOG 0 API enters state STEADY
c LOG 0 23 external variables from 22
c LOG 0 initialized 1 external variables
c LOG 0 new mapping external 23 to internal 23
c LOG 0 declaring 23
c LOG 0 declaring new 23 (max_var: 23, unused: 0, active: 0)
c LOG 0 API call 'declare_var ()' succeeded
c ----------------------------------------------------------------------------
c LOG 0 API call 'add (23)' started
c LOG 0 adding external 23 as internal 23
c LOG 0 API enters state ADDING
c LOG 0 API call 'add (23)' succeeded
c ----------------------------------------------------------------------------
c LOG 0 API call 'add (0)' started
c LOG 0 API enters state STEADY
c LOG 0 PROOF adding original external clause 21 22 23
c LOG 0 CHECKER addition of original clause 21 22 23
c LOG 0 CHECKER enlarging clauses of checker from 8 to 16
c LOG 0 original clause 21 22 23
c LOG 0 new pointer 0x600001720240 irredundant size 3 clause[10] 21 22 23
c LOG 0 marking added irredundant size 3 clause[10] 21 22 23
c LOG 0 marking 21 as factor literal candidate
c LOG 0 marking 22 as factor literal candidate
c LOG 0 marking 23 as factor literal candidate
c LOG 0 watch 21 blit 22 in irredundant size 3 clause[9] 21 22 23
c LOG 0 watch 22 blit 21 in irredundant size 3 clause[9] 21 22 23
c LOG 0 API call 'add (0)' succeeded
c ----------------------------------------------------------------------------
c LOG 0 API call 'active ()' started
c LOG 0 API call 'active ()' returns '0'
c ----------------------------------------------------------------------------
c LOG 0 API call 'declare_var ()' started
c LOG 0 24 external variables from 23
c LOG 0 initialized 1 external variables
c LOG 0 new mapping external 24 to internal 24
c LOG 0 declaring 24
c LOG 0 declaring new 24 (max_var: 24, unused: 0, active: 0)
c LOG 0 API call 'declare_var ()' succeeded
c ----------------------------------------------------------------------------
c LOG 0 API call 'add (-24)' started
c LOG 0 adding external -24 as internal -24
c LOG 0 API enters state ADDING
c LOG 0 API call 'add (-24)' succeeded
c ----------------------------------------------------------------------------
c LOG 0 API call 'declare_var ()' started
c LOG 0 API enters state STEADY
c LOG 0 25 external variables from 24
c LOG 0 initialized 1 external variables
c LOG 0 new mapping external 25 to internal 25
c LOG 0 declaring 25
c LOG 0 declaring new 25 (max_var: 25, unused: 0, active: 0)
c LOG 0 API call 'declare_var ()' succeeded
c ----------------------------------------------------------------------------
c LOG 0 API call 'add (-25)' started
c LOG 0 adding external -25 as internal -25
c LOG 0 API enters state ADDING
c LOG 0 API call 'add (-25)' succeeded
c ----------------------------------------------------------------------------
c LOG 0 API call 'add (-12)' started
c LOG 0 API enters state STEADY
c LOG 0 adding external -12 as internal -12
c LOG 0 API enters state ADDING
c LOG 0 API call 'add (-12)' succeeded
c ----------------------------------------------------------------------------
c LOG 0 API call 'add (0)' started
c LOG 0 API enters state STEADY
c LOG 0 PROOF adding original external clause -24 -25 -12
c LOG 0 CHECKER addition of original clause -24 -25 -12
c LOG 0 original clause -24 -25 -12
c LOG 0 new pointer 0x6000017202a0 irredundant size 3 clause[11] -24 -25 -12
c LOG 0 marking added irredundant size 3 clause[11] -24 -25 -12
c LOG 0 marking -24 as factor literal candidate
c LOG 0 marking -25 as factor literal candidate
c LOG 0 marking -12 as factor literal candidate
c LOG 0 watch -24 blit -25 in irredundant size 3 clause[10] -24 -25 -12
c LOG 0 watch -25 blit -24 in irredundant size 3 clause[10] -24 -25 -12
c LOG 0 API call 'add (0)' succeeded
c ----------------------------------------------------------------------------
c LOG 0 API call 'add (4)' started
c LOG 0 adding external 4 as internal 4
c LOG 0 API enters state ADDING
c LOG 0 API call 'add (4)' succeeded
c ----------------------------------------------------------------------------
c LOG 0 API call 'declare_var ()' started
c LOG 0 API enters state STEADY
c LOG 0 26 external variables from 25
c LOG 0 initialized 1 external variables
c LOG 0 new mapping external 26 to internal 26
c LOG 0 declaring 26
c LOG 0 declaring new 26 (max_var: 26, unused: 0, active: 0)
c LOG 0 API call 'declare_var ()' succeeded
c ----------------------------------------------------------------------------
c LOG 0 API call 'add (-26)' started
c LOG 0 adding external -26 as internal -26
c LOG 0 API enters state ADDING
c LOG 0 API call 'add (-26)' succeeded
c ----------------------------------------------------------------------------
c LOG 0 API call 'declare_var ()' started
c LOG 0 API enters state STEADY
c LOG 0 27 external variables from 26
c LOG 0 initialized 1 external variables
c LOG 0 new mapping external 27 to internal 27
c LOG 0 declaring 27
c LOG 0 declaring new 27 (max_var: 27, unused: 0, active: 0)
c LOG 0 API call 'declare_var ()' succeeded
c ----------------------------------------------------------------------------
c LOG 0 API call 'add (27)' started
c LOG 0 adding external 27 as internal 27
c LOG 0 API enters state ADDING
c LOG 0 API call 'add (27)' succeeded
c ----------------------------------------------------------------------------
c LOG 0 API call 'declare_var ()' started
c LOG 0 API enters state STEADY
c LOG 0 28 external variables from 27
c LOG 0 initialized 1 external variables
c LOG 0 new mapping external 28 to internal 28
c LOG 0 declaring 28
c LOG 0 declaring new 28 (max_var: 28, unused: 0, active: 0)
c LOG 0 API call 'declare_var ()' succeeded
c ----------------------------------------------------------------------------
c LOG 0 API call 'add (28)' started
c LOG 0 adding external 28 as internal 28
c LOG 0 API enters state ADDING
c LOG 0 API call 'add (28)' succeeded
c ----------------------------------------------------------------------------
c LOG 0 API call 'declare_var ()' started
c LOG 0 API enters state STEADY
c LOG 0 29 external variables from 28
c LOG 0 initialized 1 external variables
c LOG 0 new mapping external 29 to internal 29
c LOG 0 declaring 29
c LOG 0 declaring new 29 (max_var: 29, unused: 0, active: 0)
c LOG 0 API call 'declare_var ()' succeeded
c ----------------------------------------------------------------------------
c LOG 0 API call 'add (-29)' started
c LOG 0 adding external -29 as internal -29
c LOG 0 API enters state ADDING
c LOG 0 API call 'add (-29)' succeeded
c ----------------------------------------------------------------------------
c LOG 0 API call 'add (18)' started
c LOG 0 API enters state STEADY
c LOG 0 adding external 18 as internal 18
c LOG 0 API enters state ADDING
c LOG 0 API call 'add (18)' succeeded
c ----------------------------------------------------------------------------
c LOG 0 API call 'declare_var ()' started
c LOG 0 API enters state STEADY
c LOG 0 30 external variables from 29
c LOG 0 initialized 1 external variables
c LOG 0 new mapping external 30 to internal 30
c LOG 0 declaring 30
c LOG 0 declaring new 30 (max_var: 30, unused: 0, active: 0)
c LOG 0 API call 'declare_var ()' succeeded
c ----------------------------------------------------------------------------
c LOG 0 API call 'add (-30)' started
c LOG 0 adding external -30 as internal -30
c LOG 0 API enters state ADDING
c LOG 0 API call 'add (-30)' succeeded
c ----------------------------------------------------------------------------
c LOG 0 API call 'add (-2)' started
c LOG 0 API enters state STEADY
c LOG 0 adding external -2 as internal -2
c LOG 0 API enters state ADDING
c LOG 0 API call 'add (-2)' succeeded
c ----------------------------------------------------------------------------
c LOG 0 API call 'add (-7)' started
c LOG 0 API enters state STEADY
c LOG 0 adding external -7 as internal -7
c LOG 0 API enters state ADDING
c LOG 0 API call 'add (-7)' succeeded
c ----------------------------------------------------------------------------
c LOG 0 API call 'declare_var ()' started
c LOG 0 API enters state STEADY
c LOG 0 31 external variables from 30
c LOG 0 initialized 1 external variables
c LOG 0 new mapping external 31 to internal 31
c LOG 0 declaring 31
c LOG 0 declaring new 31 (max_var: 31, unused: 0, active: 0)
c LOG 0 API call 'declare_var ()' succeeded
c ----------------------------------------------------------------------------
c LOG 0 API call 'add (-31)' started
c LOG 0 adding external -31 as internal -31
c LOG 0 API enters state ADDING
c LOG 0 API call 'add (-31)' succeeded
c ----------------------------------------------------------------------------
c LOG 0 API call 'add (-8)' started
c LOG 0 API enters state STEADY
c LOG 0 adding external -8 as internal -8
c LOG 0 API enters state ADDING
c LOG 0 API call 'add (-8)' succeeded
c ----------------------------------------------------------------------------
c LOG 0 API call 'add (-13)' started
c LOG 0 API enters state STEADY
c LOG 0 adding external -13 as internal -13
c LOG 0 API enters state ADDING
c LOG 0 API call 'add (-13)' succeeded
c ----------------------------------------------------------------------------
c LOG 0 API call 'add (25)' started
c LOG 0 API enters state STEADY
c LOG 0 adding external 25 as internal 25
c LOG 0 API enters state ADDING
c LOG 0 API call 'add (25)' succeeded
c ----------------------------------------------------------------------------
c LOG 0 API call 'add (20)' started
c LOG 0 API enters state STEADY
c LOG 0 adding external 20 as internal 20
c LOG 0 API enters state ADDING
c LOG 0 API call 'add (20)' succeeded
c ----------------------------------------------------------------------------
c LOG 0 API call 'add (-23)' started
c LOG 0 API enters state STEADY
c LOG 0 adding external -23 as internal -23
c LOG 0 API enters state ADDING
c LOG 0 API call 'add (-23)' succeeded
c ----------------------------------------------------------------------------
c LOG 0 API call 'add (0)' started
c LOG 0 API enters state STEADY
c LOG 0 PROOF adding original external clause 4 -26 27 28 -29 18 -30 -2 -7 -31 -8 -13 25 20 -23
c LOG 0 CHECKER addition of original clause 4 -26 27 28 -29 18 -30 -2 -7 -31 -8 -13 25 20 -23
c LOG 0 original clause 4 -26 27 28 -29 18 -30 -2 -7 -31 -8 -13 25 20 -23
c LOG 0 new pointer 0x600003d0c060 irredundant size 15 clause[12] 4 -26 27 28 -29 18 -30 -2 -7 -31 -8 -13 25 20 -23
c LOG 0 marking added irredundant size 15 clause[12] 4 -26 27 28 -29 18 -30 -2 -7 -31 -8 -13 25 20 -23
c LOG 0 marking 4 as factor literal candidate
c LOG 0 marking -26 as factor literal candidate
c LOG 0 marking 27 as factor literal candidate
c LOG 0 marking 28 as factor literal candidate
c LOG 0 marking -29 as factor literal candidate
c LOG 0 marking 18 as factor literal candidate
c LOG 0 marking -30 as factor literal candidate
c LOG 0 marking -2 as factor literal candidate
c LOG 0 marking -7 as factor literal candidate
c LOG 0 marking -31 as factor literal candidate
c LOG 0 marking -13 as factor literal candidate
c LOG 0 marking 25 as factor literal candidate
c LOG 0 marking 20 as factor literal candidate
c LOG 0 marking -23 as factor literal candidate
c LOG 0 watch 4 blit -26 in irredundant size 15 clause[11] 4 -26 27 28 -29 18 -30 -2 -7 -31 -8 -13 25 20 -23
c LOG 0 watch -26 blit 4 in irredundant size 15 clause[11] 4 -26 27 28 -29 18 -30 -2 -7 -31 -8 -13 25 20 -23
c LOG 0 API call 'add (0)' succeeded
c ----------------------------------------------------------------------------
c LOG 0 API call 'add (-24)' started
c LOG 0 adding external -24 as internal -24
c LOG 0 API enters state ADDING
c LOG 0 API call 'add (-24)' succeeded
c ----------------------------------------------------------------------------
c LOG 0 API call 'add (-23)' started
c LOG 0 API enters state STEADY
c LOG 0 adding external -23 as internal -23
c LOG 0 API enters state ADDING
c LOG 0 API call 'add (-23)' succeeded
c ----------------------------------------------------------------------------
c LOG 0 API call 'add (30)' started
c LOG 0 API enters state STEADY
c LOG 0 adding external 30 as internal 30
c LOG 0 API enters state ADDING
c LOG 0 API call 'add (30)' succeeded
c ----------------------------------------------------------------------------
c LOG 0 API call 'add (0)' started
c LOG 0 API enters state STEADY
c LOG 0 PROOF adding original external clause -24 -23 30
c LOG 0 CHECKER addition of original clause -24 -23 30
c LOG 0 original clause -24 -23 30
c LOG 0 new pointer 0x600001724060 irredundant size 3 clause[13] -24 -23 30
c LOG 0 marking added irredundant size 3 clause[13] -24 -23 30
c LOG 0 marking 30 as factor literal candidate
c LOG 0 watch -24 blit -23 in irredundant size 3 clause[12] -24 -23 30
c LOG 0 watch -23 blit -24 in irredundant size 3 clause[12] -24 -23 30
c LOG 0 API call 'add (0)' succeeded
c ----------------------------------------------------------------------------
c LOG 0 API call 'declare_var ()' started
c LOG 0 32 external variables from 31
c LOG 0 initialized 1 external variables
c LOG 0 reserving 33 new internal variables, reserved so far: 31
c LOG 0 new mapping external 32 to internal 32
c LOG 0 declaring 32
c LOG 0 declaring new 32 (max_var: 32, unused: 0, active: 0)
c LOG 0 API call 'declare_var ()' succeeded
c ----------------------------------------------------------------------------
c LOG 0 API call 'add (32)' started
c LOG 0 adding external 32 as internal 32
c LOG 0 API enters state ADDING
c LOG 0 API call 'add (32)' succeeded
c ----------------------------------------------------------------------------
c LOG 0 API call 'add (-16)' started
c LOG 0 API enters state STEADY
c LOG 0 adding external -16 as internal -16
c LOG 0 API enters state ADDING
c LOG 0 API call 'add (-16)' succeeded
c ----------------------------------------------------------------------------
c LOG 0 API call 'add (-2)' started
c LOG 0 API enters state STEADY
c LOG 0 adding external -2 as internal -2
c LOG 0 API enters state ADDING
c LOG 0 API call 'add (-2)' succeeded
c ----------------------------------------------------------------------------
c LOG 0 API call 'add (0)' started
c LOG 0 API enters state STEADY
c LOG 0 PROOF adding original external clause 32 -16 -2
c LOG 0 CHECKER addition of original clause 32 -16 -2
c LOG 0 CHECKER enlarging variables of checker from 32 to 64
c LOG 0 original clause 32 -16 -2
c LOG 0 new pointer 0x6000017240c0 irredundant size 3 clause[14] 32 -16 -2
c LOG 0 marking added irredundant size 3 clause[14] 32 -16 -2
c LOG 0 marking 32 as factor literal candidate
c LOG 0 watch 32 blit -16 in irredundant size 3 clause[13] 32 -16 -2
c LOG 0 watch -16 blit 32 in irredundant size 3 clause[13] 32 -16 -2
c LOG 0 API call 'add (0)' succeeded
c ----------------------------------------------------------------------------
c LOG 0 API call 'vars ()' started
c LOG 0 API call 'vars ()' returns '32'
c ----------------------------------------------------------------------------
c LOG 0 API call 'declare_var ()' started
c LOG 0 33 external variables from 32
c LOG 0 initialized 1 external variables
c LOG 0 new mapping external 33 to internal 33
c LOG 0 declaring 33
c LOG 0 declaring new 33 (max_var: 33, unused: 0, active: 0)
c LOG 0 API call 'declare_var ()' succeeded
c ----------------------------------------------------------------------------
c LOG 0 API call 'add (-33)' started
c LOG 0 adding external -33 as internal -33
c LOG 0 API enters state ADDING
c LOG 0 API call 'add (-33)' succeeded
c ----------------------------------------------------------------------------
c LOG 0 API call 'add (27)' started
c LOG 0 API enters state STEADY
c LOG 0 adding external 27 as internal 27
c LOG 0 API enters state ADDING
c LOG 0 API call 'add (27)' succeeded
c ----------------------------------------------------------------------------
c LOG 0 API call 'add (-14)' started
c LOG 0 API enters state STEADY
c LOG 0 adding external -14 as internal -14
c LOG 0 API enters state ADDING
c LOG 0 API call 'add (-14)' succeeded
c ----------------------------------------------------------------------------
c LOG 0 API call 'add (0)' started
c LOG 0 API enters state STEADY
c LOG 0 PROOF adding original external clause -33 27 -14
c LOG 0 CHECKER addition of original clause -33 27 -14
c LOG 0 original clause -33 27 -14
c LOG 0 new pointer 0x60000172c030 irredundant size 3 clause[15] -33 27 -14
c LOG 0 marking added irredundant size 3 clause[15] -33 27 -14
c LOG 0 marking -33 as factor literal candidate
c LOG 0 marking -14 as factor literal candidate
c LOG 0 watch -33 blit 27 in irredundant size 3 clause[14] -33 27 -14
c LOG 0 watch 27 blit -33 in irredundant size 3 clause[14] -33 27 -14
c LOG 0 API call 'add (0)' succeeded
c ----------------------------------------------------------------------------
c LOG 0 API call 'add (-32)' started
c LOG 0 adding external -32 as internal -32
c LOG 0 API enters state ADDING
c LOG 0 API call 'add (-32)' succeeded
c ----------------------------------------------------------------------------
c LOG 0 API call 'add (-7)' started
c LOG 0 API enters state STEADY
c LOG 0 adding external -7 as internal -7
c LOG 0 API enters state ADDING
c LOG 0 API call 'add (-7)' succeeded
c ----------------------------------------------------------------------------
c LOG 0 API call 'declare_var ()' started
c LOG 0 API enters state STEADY
c LOG 0 34 external variables from 33
c LOG 0 initialized 1 external variables
c LOG 0 new mapping external 34 to internal 34
c LOG 0 declaring 34
c LOG 0 declaring new 34 (max_var: 34, unused: 0, active: 0)
c LOG 0 API call 'declare_var ()' succeeded
c ----------------------------------------------------------------------------
c LOG 0 API call 'add (-34)' started
c LOG 0 adding external -34 as internal -34
c LOG 0 API enters state ADDING
c LOG 0 API call 'add (-34)' succeeded
c ----------------------------------------------------------------------------
c LOG 0 API call 'add (0)' started
c LOG 0 API enters state STEADY
c LOG 0 PROOF adding original external clause -32 -7 -34
c LOG 0 CHECKER addition of original clause -32 -7 -34
c LOG 0 original clause -32 -7 -34
c LOG 0 new pointer 0x60000172c090 irredundant size 3 clause[16] -32 -7 -34
c LOG 0 marking added irredundant size 3 clause[16] -32 -7 -34
c LOG 0 marking -32 as factor literal candidate
c LOG 0 marking -34 as factor literal candidate
c LOG 0 watch -32 blit -7 in irredundant size 3 clause[15] -32 -7 -34
c LOG 0 watch -7 blit -32 in irredundant size 3 clause[15] -32 -7 -34
c LOG 0 API call 'add (0)' succeeded
c ----------------------------------------------------------------------------
c LOG 0 API call 'add (-20)' started
c LOG 0 adding external -20 as internal -20
c LOG 0 API enters state ADDING
c LOG 0 API call 'add (-20)' succeeded
c ----------------------------------------------------------------------------
c LOG 0 API call 'declare_var ()' started
c LOG 0 API enters state STEADY
c LOG 0 35 external variables from 34
c LOG 0 initialized 1 external variables
c LOG 0 new mapping external 35 to internal 35
c LOG 0 declaring 35
c LOG 0 declaring new 35 (max_var: 35, unused: 0, active: 0)
c LOG 0 API call 'declare_var ()' succeeded
c ----------------------------------------------------------------------------
c LOG 0 API call 'add (-35)' started
c LOG 0 adding external -35 as internal -35
c LOG 0 API enters state ADDING
c LOG 0 API call 'add (-35)' succeeded
c ----------------------------------------------------------------------------
c LOG 0 API call 'add (-15)' started
c LOG 0 API enters state STEADY
c LOG 0 adding external -15 as internal -15
c LOG 0 API enters state ADDING
c LOG 0 API call 'add (-15)' succeeded
c ----------------------------------------------------------------------------
c LOG 0 API call 'add (0)' started
c LOG 0 API enters state STEADY
c LOG 0 PROOF adding original external clause -20 -35 -15
c LOG 0 CHECKER addition of original clause -20 -35 -15
c LOG 0 original clause -20 -35 -15
c LOG 0 new pointer 0x60000172c0f0 irredundant size 3 clause[17] -20 -35 -15
c LOG 0 marking added irredundant size 3 clause[17] -20 -35 -15
c LOG 0 marking -35 as factor literal candidate
c LOG 0 watch -20 blit -35 in irredundant size 3 clause[16] -20 -35 -15
c LOG 0 watch -35 blit -20 in irredundant size 3 clause[16] -20 -35 -15
c LOG 0 API call 'add (0)' succeeded
c ----------------------------------------------------------------------------
c LOG 0 API call 'declare_var ()' started
c LOG 0 36 external variables from 35
c LOG 0 initialized 1 external variables
c LOG 0 new mapping external 36 to internal 36
c LOG 0 declaring 36
c LOG 0 declaring new 36 (max_var: 36, unused: 0, active: 0)
c LOG 0 API call 'declare_var ()' succeeded
c ----------------------------------------------------------------------------
c LOG 0 API call 'add (36)' started
c LOG 0 adding external 36 as internal 36
c LOG 0 API enters state ADDING
c LOG 0 API call 'add (36)' succeeded
c ----------------------------------------------------------------------------
c LOG 0 API call 'add (-14)' started
c LOG 0 API enters state STEADY
c LOG 0 adding external -14 as internal -14
c LOG 0 API enters state ADDING
c LOG 0 API call 'add (-14)' succeeded
c ----------------------------------------------------------------------------
c LOG 0 API call 'add (-33)' started
c LOG 0 API enters state STEADY
c LOG 0 adding external -33 as internal -33
c LOG 0 API enters state ADDING
c LOG 0 API call 'add (-33)' succeeded
c ----------------------------------------------------------------------------
c LOG 0 API call 'add (0)' started
c LOG 0 API enters state STEADY
c LOG 0 PROOF adding original external clause 36 -14 -33
c LOG 0 CHECKER addition of original clause 36 -14 -33
c LOG 0 CHECKER enlarging clauses of checker from 16 to 32
c LOG 0 original clause 36 -14 -33
c LOG 0 new pointer 0x600001720300 irredundant size 3 clause[18] 36 -14 -33
c LOG 0 marking added irredundant size 3 clause[18] 36 -14 -33
c LOG 0 marking 36 as factor literal candidate
c LOG 0 watch 36 blit -14 in irredundant size 3 clause[17] 36 -14 -33
c LOG 0 watch -14 blit 36 in irredundant size 3 clause[17] 36 -14 -33
c LOG 0 API call 'add (0)' succeeded
c ----------------------------------------------------------------------------
c LOG 0 API call 'add (-29)' started
c LOG 0 adding external -29 as internal -29
c LOG 0 API enters state ADDING
c LOG 0 API call 'add (-29)' succeeded
c ----------------------------------------------------------------------------
c LOG 0 API call 'add (-5)' started
c LOG 0 API enters state STEADY
c LOG 0 adding external -5 as internal -5
c LOG 0 API enters state ADDING
c LOG 0 API call 'add (-5)' succeeded
c ----------------------------------------------------------------------------
c LOG 0 API call 'add (-12)' started
c LOG 0 API enters state STEADY
c LOG 0 adding external -12 as internal -12
c LOG 0 API enters state ADDING
c LOG 0 API call 'add (-12)' succeeded
c ----------------------------------------------------------------------------
c LOG 0 API call 'add (0)' started
c LOG 0 API enters state STEADY
c LOG 0 PROOF adding original external clause -29 -5 -12
c LOG 0 CHECKER addition of original clause -29 -5 -12
c LOG 0 original clause -29 -5 -12
c LOG 0 new pointer 0x600001718540 irredundant size 3 clause[19] -29 -5 -12
c LOG 0 marking added irredundant size 3 clause[19] -29 -5 -12
c LOG 0 watch -29 blit -5 in irredundant size 3 clause[18] -29 -5 -12
c LOG 0 watch -5 blit -29 in irredundant size 3 clause[18] -29 -5 -12
c LOG 0 API call 'add (0)' succeeded
c ----------------------------------------------------------------------------
c LOG 0 API call 'propagate_assumptions ()' started
c LOG 0 activating all new variables 1 2 3 4 5 6 7 8 9 10 11 12 13 14 15 16 17 18 19 20 21 22 23 24 25 26 27 28 29 30 31 32 33 34 35 36
c LOG 0 enlarge internal size from 64 to new size 64
c LOG 0 activate 1 previously declared
c LOG 0 enqueueing 1 at the beginning
c LOG 0 enqueueing 1 at the beginning, next: 0, last: 1
c LOG 0 queue unassigned now 1 bumped 0
c LOG 0 pushing 1 to the scores
c LOG 0 activate 2 previously declared
c LOG 0 enqueueing 2 at the beginning
c LOG 0 enqueueing 2 at the beginning, next: 1, last: 1
c LOG 0 queue unassigned now 1 bumped 0
c LOG 0 pushing 2 to the scores
c LOG 0 activate 3 previously declared
c LOG 0 enqueueing 3 at the beginning
c LOG 0 enqueueing 3 at the beginning, next: 2, last: 1
c LOG 0 queue unassigned now 1 bumped 0
c LOG 0 pushing 3 to the scores
c LOG 0 activate 4 previously declared
c LOG 0 enqueueing 4 at the beginning
c LOG 0 enqueueing 4 at the beginning, next: 3, last: 1
c LOG 0 queue unassigned now 1 bumped 0
c LOG 0 pushing 4 to the scores
c LOG 0 activate 5 previously declared
c LOG 0 enqueueing 5 at the beginning
c LOG 0 enqueueing 5 at the beginning, next: 4, last: 1
c LOG 0 queue unassigned now 1 bumped 0
c LOG 0 pushing 5 to the scores
c LOG 0 activate 6 previously declared
c LOG 0 enqueueing 6 at the beginning
c LOG 0 enqueueing 6 at the beginning, next: 5, last: 1
c LOG 0 queue unassigned now 1 bumped 0
c LOG 0 pushing 6 to the scores
c LOG 0 activate 7 previously declared
c LOG 0 enqueueing 7 at the beginning
c LOG 0 enqueueing 7 at the beginning, next: 6, last: 1
c LOG 0 queue unassigned now 1 bumped 0
c LOG 0 pushing 7 to the scores
c LOG 0 activate 8 previously declared
c LOG 0 enqueueing 8 at the beginning
c LOG 0 enqueueing 8 at the beginning, next: 7, last: 1
c LOG 0 queue unassigned now 1 bumped 0
c LOG 0 pushing 8 to the scores
c LOG 0 activate 9 previously declared
c LOG 0 enqueueing 9 at the beginning
c LOG 0 enqueueing 9 at the beginning, next: 8, last: 1
c LOG 0 queue unassigned now 1 bumped 0
c LOG 0 pushing 9 to the scores
c LOG 0 activate 10 previously declared
c LOG 0 enqueueing 10 at the beginning
c LOG 0 enqueueing 10 at the beginning, next: 9, last: 1
c LOG 0 queue unassigned now 1 bumped 0
c LOG 0 pushing 10 to the scores
c LOG 0 activate 11 previously declared
c LOG 0 enqueueing 11 at the beginning
c LOG 0 enqueueing 11 at the beginning, next: 10, last: 1
c LOG 0 queue unassigned now 1 bumped 0
c LOG 0 pushing 11 to the scores
c LOG 0 activate 12 previously declared
c LOG 0 enqueueing 12 at the beginning
c LOG 0 enqueueing 12 at the beginning, next: 11, last: 1
c LOG 0 queue unassigned now 1 bumped 0
c LOG 0 pushing 12 to the scores
c LOG 0 activate 13 previously declared
c LOG 0 enqueueing 13 at the beginning
c LOG 0 enqueueing 13 at the beginning, next: 12, last: 1
c LOG 0 queue unassigned now 1 bumped 0
c LOG 0 pushing 13 to the scores
c LOG 0 activate 14 previously declared
c LOG 0 enqueueing 14 at the beginning
c LOG 0 enqueueing 14 at the beginning, next: 13, last: 1
c LOG 0 queue unassigned now 1 bumped 0
c LOG 0 pushing 14 to the scores
c LOG 0 activate 15 previously declared
c LOG 0 enqueueing 15 at the beginning
c LOG 0 enqueueing 15 at the beginning, next: 14, last: 1
c LOG 0 queue unassigned now 1 bumped 0
c LOG 0 pushing 15 to the scores
c LOG 0 activate 16 previously declared
c LOG 0 enqueueing 16 at the beginning
c LOG 0 enqueueing 16 at the beginning, next: 15, last: 1
c LOG 0 queue unassigned now 1 bumped 0
c LOG 0 pushing 16 to the scores
c LOG 0 activate 17 previously declared
c LOG 0 enqueueing 17 at the beginning
c LOG 0 enqueueing 17 at the beginning, next: 16, last: 1
c LOG 0 queue unassigned now 1 bumped 0
c LOG 0 pushing 17 to the scores
c LOG 0 activate 18 previously declared
c LOG 0 enqueueing 18 at the beginning
c LOG 0 enqueueing 18 at the beginning, next: 17, last: 1
c LOG 0 queue unassigned now 1 bumped 0
c LOG 0 pushing 18 to the scores
c LOG 0 activate 19 previously declared
c LOG 0 enqueueing 19 at the beginning
c LOG 0 enqueueing 19 at the beginning, next: 18, last: 1
c LOG 0 queue unassigned now 1 bumped 0
c LOG 0 pushing 19 to the scores
c LOG 0 activate 20 previously declared
c LOG 0 enqueueing 20 at the beginning
c LOG 0 enqueueing 20 at the beginning, next: 19, last: 1
c LOG 0 queue unassigned now 1 bumped 0
c LOG 0 pushing 20 to the scores
c LOG 0 activate 21 previously declared
c LOG 0 enqueueing 21 at the beginning
c LOG 0 enqueueing 21 at the beginning, next: 20, last: 1
c LOG 0 queue unassigned now 1 bumped 0
c LOG 0 pushing 21 to the scores
c LOG 0 activate 22 previously declared
c LOG 0 enqueueing 22 at the beginning
c LOG 0 enqueueing 22 at the beginning, next: 21, last: 1
c LOG 0 queue unassigned now 1 bumped 0
c LOG 0 pushing 22 to the scores
c LOG 0 activate 23 previously declared
c LOG 0 enqueueing 23 at the beginning
c LOG 0 enqueueing 23 at the beginning, next: 22, last: 1
c LOG 0 queue unassigned now 1 bumped 0
c LOG 0 pushing 23 to the scores
c LOG 0 activate 24 previously declared
c LOG 0 enqueueing 24 at the beginning
c LOG 0 enqueueing 24 at the beginning, next: 23, last: 1
c LOG 0 queue unassigned now 1 bumped 0
c LOG 0 pushing 24 to the scores
c LOG 0 activate 25 previously declared
c LOG 0 enqueueing 25 at the beginning
c LOG 0 enqueueing 25 at the beginning, next: 24, last: 1
c LOG 0 queue unassigned now 1 bumped 0
c LOG 0 pushing 25 to the scores
c LOG 0 activate 26 previously declared
c LOG 0 enqueueing 26 at the beginning
c LOG 0 enqueueing 26 at the beginning, next: 25, last: 1
c LOG 0 queue unassigned now 1 bumped 0
c LOG 0 pushing 26 to the scores
c LOG 0 activate 27 previously declared
c LOG 0 enqueueing 27 at the beginning
c LOG 0 enqueueing 27 at the beginning, next: 26, last: 1
c LOG 0 queue unassigned now 1 bumped 0
c LOG 0 pushing 27 to the scores
c LOG 0 activate 28 previously declared
c LOG 0 enqueueing 28 at the beginning
c LOG 0 enqueueing 28 at the beginning, next: 27, last: 1
c LOG 0 queue unassigned now 1 bumped 0
c LOG 0 pushing 28 to the scores
c LOG 0 activate 29 previously declared
c LOG 0 enqueueing 29 at the beginning
c LOG 0 enqueueing 29 at the beginning, next: 28, last: 1
c LOG 0 queue unassigned now 1 bumped 0
c LOG 0 pushing 29 to the scores
c LOG 0 activate 30 previously declared
c LOG 0 enqueueing 30 at the beginning
c LOG 0 enqueueing 30 at the beginning, next: 29, last: 1
c LOG 0 queue unassigned now 1 bumped 0
c LOG 0 pushing 30 to the scores
c LOG 0 activate 31 previously declared
c LOG 0 enqueueing 31 at the beginning
c LOG 0 enqueueing 31 at the beginning, next: 30, last: 1
c LOG 0 queue unassigned now 1 bumped 0
c LOG 0 pushing 31 to the scores
c LOG 0 activate 32 previously declared
c LOG 0 enqueueing 32 at the beginning
c LOG 0 enqueueing 32 at the beginning, next: 31, last: 1
c LOG 0 queue unassigned now 1 bumped 0
c LOG 0 pushing 32 to the scores
c LOG 0 activate 33 previously declared
c LOG 0 enqueueing 33 at the beginning
c LOG 0 enqueueing 33 at the beginning, next: 32, last: 1
c LOG 0 queue unassigned now 1 bumped 0
c LOG 0 pushing 33 to the scores
c LOG 0 activate 34 previously declared
c LOG 0 enqueueing 34 at the beginning
c LOG 0 enqueueing 34 at the beginning, next: 33, last: 1
c LOG 0 queue unassigned now 1 bumped 0
c LOG 0 pushing 34 to the scores
c LOG 0 activate 35 previously declared
c LOG 0 enqueueing 35 at the beginning
c LOG 0 enqueueing 35 at the beginning, next: 34, last: 1
c LOG 0 queue unassigned now 1 bumped 0
c LOG 0 pushing 35 to the scores
c LOG 0 activate 36 previously declared
c LOG 0 enqueueing 36 at the beginning
c LOG 0 enqueueing 36 at the beginning, next: 35, last: 1
c LOG 0 queue unassigned now 1 bumped 0
c LOG 0 pushing 36 to the scores
c LOG 0 PROOF solve query
c LOG 0 initializing search limits and increments
c LOG 0 initial reduce limit 1 after 1 conflicts
c LOG 0 initial flush limit 100000 interval 100000
c LOG 0 new rephase limit 1000 after 1000 conflicts
c LOG 0 new restart limit 2 increment 2
c LOG 0 starting in default non-stable phase
c LOG 0 initializing averages
c LOG 0 init averages.current.jump EMA target alpha 1e-05 window 100000
c LOG 0 init averages.current.level EMA target alpha 1e-05 window 100000
c LOG 0 init averages.current.size EMA target alpha 1e-05 window 100000
c LOG 0 init averages.current.glue.fast EMA target alpha 0.030303 window 33
c LOG 0 init averages.current.glue.slow EMA target alpha 1e-05 window 100000
c LOG 0 init averages.current.decisions EMA target alpha 0.5 window 2
c LOG 0 init averages.current.trail.fast EMA target alpha 0.01 window 100
c LOG 0 init averages.current.trail.slow EMA target alpha 1 window 1
c LOG 0 new ticks-based stabilize limit 1 after 1 conflicts
c LOG 0 new restart reluctant doubling sequence period 1
c LOG 0 no limit on conflicts
c LOG 0 no limit on decisions
c LOG 0 no limit on ticks
c LOG 0 no local search
c LOG 0 initial randomize decision limit 2 after 2 conflicts
c LOG 0 starting propagate
c LOG 0 no tainted literals and nothing to restore
c time measured in process time since initialization
c 
c  seconds  reduction conflicts       size tier2     variables
c         MB    restarts   redundant    glue  trail      remaining
c          level     rate       size/glu tier1 irredundant
c 
c *  0.07  0  0 0   0  0    0    0 0.0 0 0 2 6  0%   18  36 50%
c LOG 0 starting propagate
c LOG 0 checking satisfied
CADICAL CHECKING FOR ASYNC TERMINATE.
c LOG 0 checking satisfied
c LOG 0 finalizing
c LOG 0 PROOF reporting status 0
c LOG 0 PROOF conclude unknown
c ?  0.08  0  0 0   0  0    0    0 0.0 0 0 2 6  0%   18  36 50%
c LOG 0 reset limits
c LOG 0 keeping unbounded terminate limit
c LOG 0 keeping unbounded conflict limit
c LOG 0 keeping unbounded decision limit
c LOG 0 reset preprocessing limit to no preprocessing
c LOG 0 reset local search limit to no local search
c LOG 0 keeping unbounded ticks limit
c LOG 0 API call 'propagate_assumptions ()' returns '0'
c LOG 0 API enters state INCONCLUSIVE
c ----------------------------------------------------------------------------
c LOG 0 API call 'implied ()' started
c LOG 0 API call 'implied ()' returns '0'
c ----------------------------------------------------------------------------
c LOG 0 API call 'add (8)' started
c LOG 0 cleared 0 assumptions
c LOG 0 PROOF reset assumptions
c LOG 0 cleared 0 constraint literals
c LOG 0 API enters state STEADY
c LOG 0 adding external 8 as internal 8
c LOG 0 API enters state ADDING
c LOG 0 API call 'add (8)' succeeded
c ----------------------------------------------------------------------------
c LOG 0 API call 'declare_var ()' started
c LOG 0 API enters state STEADY
c LOG 0 37 external variables from 36
c LOG 0 initialized 1 external variables
c LOG 0 new mapping external 37 to internal 37
c LOG 0 declaring 37
c LOG 0 declaring new 37 (max_var: 37, unused: 0, active: 36)
c LOG 0 API call 'declare_var ()' succeeded
c ----------------------------------------------------------------------------
c LOG 0 API call 'add (-37)' started
c LOG 0 adding external -37 as internal -37
c LOG 0 API enters state ADDING
c LOG 0 API call 'add (-37)' succeeded
c ----------------------------------------------------------------------------
c LOG 0 API call 'declare_var ()' started
c LOG 0 API enters state STEADY
c LOG 0 38 external variables from 37
c LOG 0 initialized 1 external variables
c LOG 0 new mapping external 38 to internal 38
c LOG 0 declaring 38
c LOG 0 declaring new 38 (max_var: 38, unused: 0, active: 36)
c LOG 0 API call 'declare_var ()' succeeded
c ----------------------------------------------------------------------------
c LOG 0 API call 'add (-38)' started
c LOG 0 adding external -38 as internal -38
c LOG 0 API enters state ADDING
c LOG 0 API call 'add (-38)' succeeded
c ----------------------------------------------------------------------------
c LOG 0 API call 'add (0)' started
c LOG 0 API enters state STEADY
c LOG 0 PROOF adding original external clause 8 -37 -38
c LOG 0 CHECKER addition of original clause 8 -37 -38
c LOG 0 original clause 8 -37 -38
c LOG 0 new pointer 0x600001724150 irredundant size 3 clause[20] 8 -37 -38
c LOG 0 marking added irredundant size 3 clause[20] 8 -37 -38
c LOG 0 marking 8 as factor literal candidate
c LOG 0 marking -37 as factor literal candidate
c LOG 0 marking -38 as factor literal candidate
c LOG 0 watch 8 blit -37 in irredundant size 3 clause[19] 8 -37 -38
c LOG 0 watch -37 blit 8 in irredundant size 3 clause[19] 8 -37 -38
c LOG 0 API call 'add (0)' succeeded
c ----------------------------------------------------------------------------
c LOG 0 API call 'add (19)' started
c LOG 0 adding external 19 as internal 19
c LOG 0 API enters state ADDING
c LOG 0 API call 'add (19)' succeeded
c ----------------------------------------------------------------------------
c LOG 0 API call 'add (-27)' started
c LOG 0 API enters state STEADY
c LOG 0 adding external -27 as internal -27
c LOG 0 API enters state ADDING
c LOG 0 API call 'add (-27)' succeeded
c ----------------------------------------------------------------------------
c LOG 0 API call 'add (-11)' started
c LOG 0 API enters state STEADY
c LOG 0 adding external -11 as internal -11
c LOG 0 API enters state ADDING
c LOG 0 API call 'add (-11)' succeeded
c ----------------------------------------------------------------------------
c LOG 0 API call 'add (0)' started
c LOG 0 API enters state STEADY
c LOG 0 PROOF adding original external clause 19 -27 -11
c LOG 0 CHECKER addition of original clause 19 -27 -11
c LOG 0 original clause 19 -27 -11
c LOG 0 new pointer 0x600001720360 irredundant size 3 clause[21] 19 -27 -11
c LOG 0 marking added irredundant size 3 clause[21] 19 -27 -11
c LOG 0 marking 19 as factor literal candidate
c LOG 0 marking -27 as factor literal candidate
c LOG 0 marking -11 as factor literal candidate
c LOG 0 watch 19 blit -27 in irredundant size 3 clause[20] 19 -27 -11
c LOG 0 watch -27 blit 19 in irredundant size 3 clause[20] 19 -27 -11
c LOG 0 API call 'add (0)' succeeded
c ----------------------------------------------------------------------------
c LOG 0 API call 'add (1)' started
c LOG 0 adding external 1 as internal 1
c LOG 0 API enters state ADDING
c LOG 0 API call 'add (1)' succeeded
c ----------------------------------------------------------------------------
c LOG 0 API call 'add (-6)' started
c LOG 0 API enters state STEADY
c LOG 0 adding external -6 as internal -6
c LOG 0 API enters state ADDING
c LOG 0 API call 'add (-6)' succeeded
c ----------------------------------------------------------------------------
c LOG 0 API call 'add (23)' started
c LOG 0 API enters state STEADY
c LOG 0 adding external 23 as internal 23
c LOG 0 API enters state ADDING
c LOG 0 API call 'add (23)' succeeded
c ----------------------------------------------------------------------------
c LOG 0 API call 'declare_var ()' started
c LOG 0 API enters state STEADY
c LOG 0 39 external variables from 38
c LOG 0 initialized 1 external variables
c LOG 0 new mapping external 39 to internal 39
c LOG 0 declaring 39
c LOG 0 declaring new 39 (max_var: 39, unused: 0, active: 36)
c LOG 0 API call 'declare_var ()' succeeded
c ----------------------------------------------------------------------------
c LOG 0 API call 'add (-39)' started
c LOG 0 adding external -39 as internal -39
c LOG 0 API enters state ADDING
c LOG 0 API call 'add (-39)' succeeded
c ----------------------------------------------------------------------------
c LOG 0 API call 'add (0)' started
c LOG 0 API enters state STEADY
c LOG 0 PROOF adding original external clause 1 -6 23 -39
c LOG 0 CHECKER addition of original clause 1 -6 23 -39
c LOG 0 original clause 1 -6 23 -39
c LOG 0 new pointer 0x6000017185a0 irredundant size 4 clause[22] 1 -6 23 -39
c LOG 0 marking added irredundant size 4 clause[22] 1 -6 23 -39
c LOG 0 marking 1 as factor literal candidate
c LOG 0 marking -6 as factor literal candidate
c LOG 0 marking -39 as factor literal candidate
c LOG 0 watch 1 blit -6 in irredundant size 4 clause[21] 1 -6 23 -39
c LOG 0 watch -6 blit 1 in irredundant size 4 clause[21] 1 -6 23 -39
c LOG 0 API call 'add (0)' succeeded
c ----------------------------------------------------------------------------
c LOG 0 API call 'add (-30)' started
c LOG 0 adding external -30 as internal -30
c LOG 0 API enters state ADDING
c LOG 0 API call 'add (-30)' succeeded
c ----------------------------------------------------------------------------
c LOG 0 API call 'add (19)' started
c LOG 0 API enters state STEADY
c LOG 0 adding external 19 as internal 19
c LOG 0 API enters state ADDING
c LOG 0 API call 'add (19)' succeeded
c ----------------------------------------------------------------------------
c LOG 0 API call 'add (36)' started
c LOG 0 API enters state STEADY
c LOG 0 adding external 36 as internal 36
c LOG 0 API enters state ADDING
c LOG 0 API call 'add (36)' succeeded
c ----------------------------------------------------------------------------
c LOG 0 API call 'add (0)' started
c LOG 0 API enters state STEADY
c LOG 0 PROOF adding original external clause -30 19 36
c LOG 0 CHECKER addition of original clause -30 19 36
c LOG 0 original clause -30 19 36
c LOG 0 new pointer 0x600001718600 irredundant size 3 clause[23] -30 19 36
c LOG 0 marking added irredundant size 3 clause[23] -30 19 36
c LOG 0 watch -30 blit 19 in irredundant size 3 clause[22] -30 19 36
c LOG 0 watch 19 blit -30 in irredundant size 3 clause[22] -30 19 36
c LOG 0 API call 'add (0)' succeeded
c ----------------------------------------------------------------------------
c LOG 0 API call 'add (9)' started
c LOG 0 adding external 9 as internal 9
c LOG 0 API enters state ADDING
c LOG 0 API call 'add (9)' succeeded
c ----------------------------------------------------------------------------
c LOG 0 API call 'add (-13)' started
c LOG 0 API enters state STEADY
c LOG 0 adding external -13 as internal -13
c LOG 0 API enters state ADDING
c LOG 0 API call 'add (-13)' succeeded
c ----------------------------------------------------------------------------
c LOG 0 API call 'add (19)' started
c LOG 0 API enters state STEADY
c LOG 0 adding external 19 as internal 19
c LOG 0 API enters state ADDING
c LOG 0 API call 'add (19)' succeeded
c ----------------------------------------------------------------------------
c LOG 0 API call 'add (0)' started
c LOG 0 API enters state STEADY
c LOG 0 PROOF adding original external clause 9 -13 19
c LOG 0 CHECKER addition of original clause 9 -13 19
c LOG 0 original clause 9 -13 19
c LOG 0 new pointer 0x600001718660 irredundant size 3 clause[24] 9 -13 19
c LOG 0 marking added irredundant size 3 clause[24] 9 -13 19
c LOG 0 marking 9 as factor literal candidate
c LOG 0 watch 9 blit -13 in irredundant size 3 clause[23] 9 -13 19
c LOG 0 watch -13 blit 9 in irredundant size 3 clause[23] 9 -13 19
c LOG 0 API call 'add (0)' succeeded
c ----------------------------------------------------------------------------
c LOG 0 API call 'add (37)' started
c LOG 0 adding external 37 as internal 37
c LOG 0 API enters state ADDING
c LOG 0 API call 'add (37)' succeeded
c ----------------------------------------------------------------------------
c LOG 0 API call 'declare_var ()' started
c LOG 0 API enters state STEADY
c LOG 0 40 external variables from 39
c LOG 0 initialized 1 external variables
c LOG 0 new mapping external 40 to internal 40
c LOG 0 declaring 40
c LOG 0 declaring new 40 (max_var: 40, unused: 0, active: 36)
c LOG 0 API call 'declare_var ()' succeeded
c ----------------------------------------------------------------------------
c LOG 0 API call 'add (40)' started
c LOG 0 adding external 40 as internal 40
c LOG 0 API enters state ADDING
c LOG 0 API call 'add (40)' succeeded
c ----------------------------------------------------------------------------
c LOG 0 API call 'add (-35)' started
c LOG 0 API enters state STEADY
c LOG 0 adding external -35 as internal -35
c LOG 0 API enters state ADDING
c LOG 0 API call 'add (-35)' succeeded
c ----------------------------------------------------------------------------
c LOG 0 API call 'add (0)' started
c LOG 0 API enters state STEADY
c LOG 0 PROOF adding original external clause 37 40 -35
c LOG 0 CHECKER addition of original clause 37 40 -35
c LOG 0 original clause 37 40 -35
c LOG 0 new pointer 0x6000017186c0 irredundant size 3 clause[25] 37 40 -35
c LOG 0 marking added irredundant size 3 clause[25] 37 40 -35
c LOG 0 marking 37 as factor literal candidate
c LOG 0 marking 40 as factor literal candidate
c LOG 0 watch 37 blit 40 in irredundant size 3 clause[24] 37 40 -35
c LOG 0 watch 40 blit 37 in irredundant size 3 clause[24] 37 40 -35
c LOG 0 API call 'add (0)' succeeded
c ----------------------------------------------------------------------------
c LOG 0 API call 'add (-40)' started
c LOG 0 adding external -40 as internal -40
c LOG 0 API enters state ADDING
c LOG 0 API call 'add (-40)' succeeded
c ----------------------------------------------------------------------------
c LOG 0 API call 'declare_var ()' started
c LOG 0 API enters state STEADY
c LOG 0 41 external variables from 40
c LOG 0 initialized 1 external variables
c LOG 0 new mapping external 41 to internal 41
c LOG 0 declaring 41
c LOG 0 declaring new 41 (max_var: 41, unused: 0, active: 36)
c LOG 0 API call 'declare_var ()' succeeded
c ----------------------------------------------------------------------------
c LOG 0 API call 'add (-41)' started
c LOG 0 adding external -41 as internal -41
c LOG 0 API enters state ADDING
c LOG 0 API call 'add (-41)' succeeded
c ----------------------------------------------------------------------------
c LOG 0 API call 'add (24)' started
c LOG 0 API enters state STEADY
c LOG 0 adding external 24 as internal 24
c LOG 0 API enters state ADDING
c LOG 0 API call 'add (24)' succeeded
c ----------------------------------------------------------------------------
c LOG 0 API call 'add (0)' started
c LOG 0 API enters state STEADY
c LOG 0 PROOF adding original external clause -40 -41 24
c LOG 0 CHECKER addition of original clause -40 -41 24
c LOG 0 original clause -40 -41 24
c LOG 0 new pointer 0x60000172c150 irredundant size 3 clause[26] -40 -41 24
c LOG 0 marking added irredundant size 3 clause[26] -40 -41 24
c LOG 0 marking -40 as factor literal candidate
c LOG 0 marking -41 as factor literal candidate
c LOG 0 marking 24 as factor literal candidate
c LOG 0 watch -40 blit -41 in irredundant size 3 clause[25] -40 -41 24
c LOG 0 watch -41 blit -40 in irredundant size 3 clause[25] -40 -41 24
c LOG 0 API call 'add (0)' succeeded
c ----------------------------------------------------------------------------
c LOG 0 API call 'add (-26)' started
c LOG 0 adding external -26 as internal -26
c LOG 0 API enters state ADDING
c LOG 0 API call 'add (-26)' succeeded
c ----------------------------------------------------------------------------
c LOG 0 API call 'add (-37)' started
c LOG 0 API enters state STEADY
c LOG 0 adding external -37 as internal -37
c LOG 0 API enters state ADDING
c LOG 0 API call 'add (-37)' succeeded
c ----------------------------------------------------------------------------
c LOG 0 API call 'add (35)' started
c LOG 0 API enters state STEADY
c LOG 0 adding external 35 as internal 35
c LOG 0 API enters state ADDING
c LOG 0 API call 'add (35)' succeeded
c ----------------------------------------------------------------------------
c LOG 0 API call 'add (23)' started
c LOG 0 API enters state STEADY
c LOG 0 adding external 23 as internal 23
c LOG 0 API enters state ADDING
c LOG 0 API call 'add (23)' succeeded
c ----------------------------------------------------------------------------
c LOG 0 API call 'add (-10)' started
c LOG 0 API enters state STEADY
c LOG 0 adding external -10 as internal -10
c LOG 0 API enters state ADDING
c LOG 0 API call 'add (-10)' succeeded
c ----------------------------------------------------------------------------
c LOG 0 API call 'add (-38)' started
c LOG 0 API enters state STEADY
c LOG 0 adding external -38 as internal -38
c LOG 0 API enters state ADDING
c LOG 0 API call 'add (-38)' succeeded
c ----------------------------------------------------------------------------
c LOG 0 API call 'add (-4)' started
c LOG 0 API enters state STEADY
c LOG 0 adding external -4 as internal -4
c LOG 0 API enters state ADDING
c LOG 0 API call 'add (-4)' succeeded
c ----------------------------------------------------------------------------
c LOG 0 API call 'add (8)' started
c LOG 0 API enters state STEADY
c LOG 0 adding external 8 as internal 8
c LOG 0 API enters state ADDING
c LOG 0 API call 'add (8)' succeeded
c ----------------------------------------------------------------------------
c LOG 0 API call 'add (24)' started
c LOG 0 API enters state STEADY
c LOG 0 adding external 24 as internal 24
c LOG 0 API enters state ADDING
c LOG 0 API call 'add (24)' succeeded
c ----------------------------------------------------------------------------
c LOG 0 API call 'add (-40)' started
c LOG 0 API enters state STEADY
c LOG 0 adding external -40 as internal -40
c LOG 0 API enters state ADDING
c LOG 0 API call 'add (-40)' succeeded
c ----------------------------------------------------------------------------
c LOG 0 API call 'add (12)' started
c LOG 0 API enters state STEADY
c LOG 0 adding external 12 as internal 12
c LOG 0 API enters state ADDING
c LOG 0 API call 'add (12)' succeeded
c ----------------------------------------------------------------------------
c LOG 0 API call 'declare_var ()' started
c LOG 0 API enters state STEADY
c LOG 0 42 external variables from 41
c LOG 0 initialized 1 external variables
c LOG 0 new mapping external 42 to internal 42
c LOG 0 declaring 42
c LOG 0 declaring new 42 (max_var: 42, unused: 0, active: 36)
c LOG 0 API call 'declare_var ()' succeeded
c ----------------------------------------------------------------------------
c LOG 0 API call 'add (42)' started
c LOG 0 adding external 42 as internal 42
c LOG 0 API enters state ADDING
c LOG 0 API call 'add (42)' succeeded
c ----------------------------------------------------------------------------
c LOG 0 API call 'add (-18)' started
c LOG 0 API enters state STEADY
c LOG 0 adding external -18 as internal -18
c LOG 0 API enters state ADDING
c LOG 0 API call 'add (-18)' succeeded
c ----------------------------------------------------------------------------
c LOG 0 API call 'add (29)' started
c LOG 0 API enters state STEADY
c LOG 0 adding external 29 as internal 29
c LOG 0 API enters state ADDING
c LOG 0 API call 'add (29)' succeeded
c ----------------------------------------------------------------------------
c LOG 0 API call 'add (36)' started
c LOG 0 API enters state STEADY
c LOG 0 adding external 36 as internal 36
c LOG 0 API enters state ADDING
c LOG 0 API call 'add (36)' succeeded
c ----------------------------------------------------------------------------
c LOG 0 API call 'add (-39)' started
c LOG 0 API enters state STEADY
c LOG 0 adding external -39 as internal -39
c LOG 0 API enters state ADDING
c LOG 0 API call 'add (-39)' succeeded
c ----------------------------------------------------------------------------
c LOG 0 API call 'add (41)' started
c LOG 0 API enters state STEADY
c LOG 0 adding external 41 as internal 41
c LOG 0 API enters state ADDING
c LOG 0 API call 'add (41)' succeeded
c ----------------------------------------------------------------------------
c LOG 0 API call 'add (19)' started
c LOG 0 API enters state STEADY
c LOG 0 adding external 19 as internal 19
c LOG 0 API enters state ADDING
c LOG 0 API call 'add (19)' succeeded
c ----------------------------------------------------------------------------
c LOG 0 API call 'add (-15)' started
c LOG 0 API enters state STEADY
c LOG 0 adding external -15 as internal -15
c LOG 0 API enters state ADDING
c LOG 0 API call 'add (-15)' succeeded
c ----------------------------------------------------------------------------
c LOG 0 API call 'add (0)' started
c LOG 0 API enters state STEADY
c LOG 0 PROOF adding original external clause -26 -37 35 23 -10 -38 -4 8 24 -40 12 42 -18 29 36 -39 41 19 -15
c LOG 0 CHECKER addition of original clause -26 -37 35 23 -10 -38 -4 8 24 -40 12 42 -18 29 36 -39 41 19 -15
c LOG 0 original clause -26 -37 35 23 -10 -38 -4 8 24 -40 12 42 -18 29 36 -39 41 19 -15
c LOG 0 new pointer 0x600003204070 irredundant size 19 clause[27] -26 -37 35 23 -10 -38 -4 8 24 -40 12 42 -18 29 36 -39 41 19 -15
c LOG 0 marking added irredundant size 19 clause[27] -26 -37 35 23 -10 -38 -4 8 24 -40 12 42 -18 29 36 -39 41 19 -15
c LOG 0 marking 35 as factor literal candidate
c LOG 0 marking 42 as factor literal candidate
c LOG 0 marking 29 as factor literal candidate
c LOG 0 marking 41 as factor literal candidate
c LOG 0 watch -26 blit -37 in irredundant size 19 clause[26] -26 -37 35 23 -10 -38 -4 8 24 -40 12 42 -18 29 36 -39 41 19 -15
c LOG 0 watch -37 blit -26 in irredundant size 19 clause[26] -26 -37 35 23 -10 -38 -4 8 24 -40 12 42 -18 29 36 -39 41 19 -15
c LOG 0 API call 'add (0)' succeeded
c ----------------------------------------------------------------------------
c LOG 0 API call 'add (-33)' started
c LOG 0 adding external -33 as internal -33
c LOG 0 API enters state ADDING
c LOG 0 API call 'add (-33)' succeeded
c ----------------------------------------------------------------------------
c LOG 0 API call 'add (25)' started
c LOG 0 API enters state STEADY
c LOG 0 adding external 25 as internal 25
c LOG 0 API enters state ADDING
c LOG 0 API call 'add (25)' succeeded
c ----------------------------------------------------------------------------
c LOG 0 API call 'add (-9)' started
c LOG 0 API enters state STEADY
c LOG 0 adding external -9 as internal -9
c LOG 0 API enters state ADDING
c LOG 0 API call 'add (-9)' succeeded
c ----------------------------------------------------------------------------
c LOG 0 API call 'add (0)' started
c LOG 0 API enters state STEADY
c LOG 0 PROOF adding original external clause -33 25 -9
c LOG 0 CHECKER addition of original clause -33 25 -9
c LOG 0 original clause -33 25 -9
c LOG 0 new pointer 0x600001718720 irredundant size 3 clause[28] -33 25 -9
c LOG 0 marking added irredundant size 3 clause[28] -33 25 -9
c LOG 0 watch -33 blit 25 in irredundant size 3 clause[27] -33 25 -9
c LOG 0 watch 25 blit -33 in irredundant size 3 clause[27] -33 25 -9
c LOG 0 API call 'add (0)' succeeded
c ----------------------------------------------------------------------------
c LOG 0 API call 'add (18)' started
c LOG 0 adding external 18 as internal 18
c LOG 0 API enters state ADDING
c LOG 0 API call 'add (18)' succeeded
c ----------------------------------------------------------------------------
c LOG 0 API call 'add (-21)' started
c LOG 0 API enters state STEADY
c LOG 0 adding external -21 as internal -21
c LOG 0 API enters state ADDING
c LOG 0 API call 'add (-21)' succeeded
c ----------------------------------------------------------------------------
c LOG 0 API call 'add (29)' started
c LOG 0 API enters state STEADY
c LOG 0 adding external 29 as internal 29
c LOG 0 API enters state ADDING
c LOG 0 API call 'add (29)' succeeded
c ----------------------------------------------------------------------------
c LOG 0 API call 'add (0)' started
c LOG 0 API enters state STEADY
c LOG 0 PROOF adding original external clause 18 -21 29
c LOG 0 CHECKER addition of original clause 18 -21 29
c LOG 0 original clause 18 -21 29
c LOG 0 new pointer 0x600001718780 irredundant size 3 clause[29] 18 -21 29
c LOG 0 marking added irredundant size 3 clause[29] 18 -21 29
c LOG 0 marking -21 as factor literal candidate
c LOG 0 watch 18 blit -21 in irredundant size 3 clause[28] 18 -21 29
c LOG 0 watch -21 blit 18 in irredundant size 3 clause[28] 18 -21 29
c LOG 0 API call 'add (0)' succeeded
c ----------------------------------------------------------------------------
c LOG 0 API call 'add (9)' started
c LOG 0 adding external 9 as internal 9
c LOG 0 API enters state ADDING
c LOG 0 API call 'add (9)' succeeded
c ----------------------------------------------------------------------------
c LOG 0 API call 'add (32)' started
c LOG 0 API enters state STEADY
c LOG 0 adding external 32 as internal 32
c LOG 0 API enters state ADDING
c LOG 0 API call 'add (32)' succeeded
c ----------------------------------------------------------------------------
c LOG 0 API call 'add (8)' started
c LOG 0 API enters state STEADY
c LOG 0 adding external 8 as internal 8
c LOG 0 API enters state ADDING
c LOG 0 API call 'add (8)' succeeded
c ----------------------------------------------------------------------------
c LOG 0 API call 'add (0)' started
c LOG 0 API enters state STEADY
c LOG 0 PROOF adding original external clause 9 32 8
c LOG 0 CHECKER addition of original clause 9 32 8
c LOG 0 original clause 9 32 8
c LOG 0 new pointer 0x600001724180 irredundant size 3 clause[30] 9 32 8
c LOG 0 marking added irredundant size 3 clause[30] 9 32 8
c LOG 0 watch 9 blit 32 in irredundant size 3 clause[29] 9 32 8
c LOG 0 watch 32 blit 9 in irredundant size 3 clause[29] 9 32 8
c LOG 0 API call 'add (0)' succeeded
c ----------------------------------------------------------------------------
c LOG 0 API call 'add (-2)' started
c LOG 0 adding external -2 as internal -2
c LOG 0 API enters state ADDING
c LOG 0 API call 'add (-2)' succeeded
c ----------------------------------------------------------------------------
c LOG 0 API call 'declare_var ()' started
c LOG 0 API enters state STEADY
c LOG 0 43 external variables from 42
c LOG 0 initialized 1 external variables
c LOG 0 new mapping external 43 to internal 43
c LOG 0 declaring 43
c LOG 0 declaring new 43 (max_var: 43, unused: 0, active: 36)
c LOG 0 API call 'declare_var ()' succeeded
c ----------------------------------------------------------------------------
c LOG 0 API call 'add (-43)' started
c LOG 0 adding external -43 as internal -43
c LOG 0 API enters state ADDING
c LOG 0 API call 'add (-43)' succeeded
c ----------------------------------------------------------------------------
c LOG 0 API call 'add (-42)' started
c LOG 0 API enters state STEADY
c LOG 0 adding external -42 as internal -42
c LOG 0 API enters state ADDING
c LOG 0 API call 'add (-42)' succeeded
c ----------------------------------------------------------------------------
c LOG 0 API call 'add (0)' started
c LOG 0 API enters state STEADY
c LOG 0 PROOF adding original external clause -2 -43 -42
c LOG 0 CHECKER addition of original clause -2 -43 -42
c LOG 0 original clause -2 -43 -42
c LOG 0 new pointer 0x6000017203c0 irredundant size 3 clause[31] -2 -43 -42
c LOG 0 marking added irredundant size 3 clause[31] -2 -43 -42
c LOG 0 marking -43 as factor literal candidate
c LOG 0 marking -42 as factor literal candidate
c LOG 0 watch -2 blit -43 in irredundant size 3 clause[30] -2 -43 -42
c LOG 0 watch -43 blit -2 in irredundant size 3 clause[30] -2 -43 -42
c LOG 0 API call 'add (0)' succeeded
c ----------------------------------------------------------------------------
c LOG 0 API call 'add (5)' started
c LOG 0 adding external 5 as internal 5
c LOG 0 API enters state ADDING
c LOG 0 API call 'add (5)' succeeded
c ----------------------------------------------------------------------------
c LOG 0 API call 'add (3)' started
c LOG 0 API enters state STEADY
c LOG 0 adding external 3 as internal 3
c LOG 0 API enters state ADDING
c LOG 0 API call 'add (3)' succeeded
c ----------------------------------------------------------------------------
c LOG 0 API call 'add (40)' started
c LOG 0 API enters state STEADY
c LOG 0 adding external 40 as internal 40
c LOG 0 API enters state ADDING
c LOG 0 API call 'add (40)' succeeded
c ----------------------------------------------------------------------------
c LOG 0 API call 'add (0)' started
c LOG 0 API enters state STEADY
c LOG 0 PROOF adding original external clause 5 3 40
c LOG 0 CHECKER addition of original clause 5 3 40
c LOG 0 original clause 5 3 40
c LOG 0 new pointer 0x60000172c1b0 irredundant size 3 clause[32] 5 3 40
c LOG 0 marking added irredundant size 3 clause[32] 5 3 40
c LOG 0 marking 5 as factor literal candidate
c LOG 0 watch 5 blit 3 in irredundant size 3 clause[31] 5 3 40
c LOG 0 watch 3 blit 5 in irredundant size 3 clause[31] 5 3 40
c LOG 0 API call 'add (0)' succeeded
c ----------------------------------------------------------------------------
c LOG 0 API call 'add (-23)' started
c LOG 0 adding external -23 as internal -23
c LOG 0 API enters state ADDING
c LOG 0 API call 'add (-23)' succeeded
c ----------------------------------------------------------------------------
c LOG 0 API call 'add (-33)' started
c LOG 0 API enters state STEADY
c LOG 0 adding external -33 as internal -33
c LOG 0 API enters state ADDING
c LOG 0 API call 'add (-33)' succeeded
c ----------------------------------------------------------------------------
c LOG 0 API call 'add (-25)' started
c LOG 0 API enters state STEADY
c LOG 0 adding external -25 as internal -25
c LOG 0 API enters state ADDING
c LOG 0 API call 'add (-25)' succeeded
c ----------------------------------------------------------------------------
c LOG 0 API call 'add (24)' started
c LOG 0 API enters state STEADY
c LOG 0 adding external 24 as internal 24
c LOG 0 API enters state ADDING
c LOG 0 API call 'add (24)' succeeded
c ----------------------------------------------------------------------------
c LOG 0 API call 'declare_var ()' started
c LOG 0 API enters state STEADY
c LOG 0 44 external variables from 43
c LOG 0 initialized 1 external variables
c LOG 0 new mapping external 44 to internal 44
c LOG 0 declaring 44
c LOG 0 declaring new 44 (max_var: 44, unused: 0, active: 36)
c LOG 0 API call 'declare_var ()' succeeded
c ----------------------------------------------------------------------------
c LOG 0 API call 'add (-44)' started
c LOG 0 adding external -44 as internal -44
c LOG 0 API enters state ADDING
c LOG 0 API call 'add (-44)' succeeded
c ----------------------------------------------------------------------------
c LOG 0 API call 'add (38)' started
c LOG 0 API enters state STEADY
c LOG 0 adding external 38 as internal 38
c LOG 0 API enters state ADDING
c LOG 0 API call 'add (38)' succeeded
c ----------------------------------------------------------------------------
c LOG 0 API call 'add (-2)' started
c LOG 0 API enters state STEADY
c LOG 0 adding external -2 as internal -2
c LOG 0 API enters state ADDING
c LOG 0 API call 'add (-2)' succeeded
c ----------------------------------------------------------------------------
c LOG 0 API call 'add (-11)' started
c LOG 0 API enters state STEADY
c LOG 0 adding external -11 as internal -11
c LOG 0 API enters state ADDING
c LOG 0 API call 'add (-11)' succeeded
c ----------------------------------------------------------------------------
c LOG 0 API call 'add (-9)' started
c LOG 0 API enters state STEADY
c LOG 0 adding external -9 as internal -9
c LOG 0 API enters state ADDING
c LOG 0 API call 'add (-9)' succeeded
c ----------------------------------------------------------------------------
c LOG 0 API call 'add (34)' started
c LOG 0 API enters state STEADY
c LOG 0 adding external 34 as internal 34
c LOG 0 API enters state ADDING
c LOG 0 API call 'add (34)' succeeded
c ----------------------------------------------------------------------------
c LOG 0 API call 'add (20)' started
c LOG 0 API enters state STEADY
c LOG 0 adding external 20 as internal 20
c LOG 0 API enters state ADDING
c LOG 0 API call 'add (20)' succeeded
c ----------------------------------------------------------------------------
c LOG 0 API call 'add (43)' started
c LOG 0 API enters state STEADY
c LOG 0 adding external 43 as internal 43
c LOG 0 API enters state ADDING
c LOG 0 API call 'add (43)' succeeded
c ----------------------------------------------------------------------------
c LOG 0 API call 'declare_var ()' started
c LOG 0 API enters state STEADY
c LOG 0 45 external variables from 44
c LOG 0 initialized 1 external variables
c LOG 0 new mapping external 45 to internal 45
c LOG 0 declaring 45
c LOG 0 declaring new 45 (max_var: 45, unused: 0, active: 36)
c LOG 0 API call 'declare_var ()' succeeded
c ----------------------------------------------------------------------------
c LOG 0 API call 'add (-45)' started
c LOG 0 adding external -45 as internal -45
c LOG 0 API enters state ADDING
c LOG 0 API call 'add (-45)' succeeded
c ----------------------------------------------------------------------------
c LOG 0 API call 'add (15)' started
c LOG 0 API enters state STEADY
c LOG 0 adding external 15 as internal 15
c LOG 0 API enters state ADDING
c LOG 0 API call 'add (15)' succeeded
c ----------------------------------------------------------------------------
c LOG 0 API call 'add (-21)' started
c LOG 0 API enters state STEADY
c LOG 0 adding external -21 as internal -21
c LOG 0 API enters state ADDING
c LOG 0 API call 'add (-21)' succeeded
c ----------------------------------------------------------------------------
c LOG 0 API call 'add (-36)' started
c LOG 0 API enters state STEADY
c LOG 0 adding external -36 as internal -36
c LOG 0 API enters state ADDING
c LOG 0 API call 'add (-36)' succeeded
c ----------------------------------------------------------------------------
c LOG 0 API call 'add (5)' started
c LOG 0 API enters state STEADY
c LOG 0 adding external 5 as internal 5
c LOG 0 API enters state ADDING
c LOG 0 API call 'add (5)' succeeded
c ----------------------------------------------------------------------------
c LOG 0 API call 'add (30)' started
c LOG 0 API enters state STEADY
c LOG 0 adding external 30 as internal 30
c LOG 0 API enters state ADDING
c LOG 0 API call 'add (30)' succeeded
c ----------------------------------------------------------------------------
c LOG 0 API call 'add (-17)' started
c LOG 0 API enters state STEADY
c LOG 0 adding external -17 as internal -17
c LOG 0 API enters state ADDING
c LOG 0 API call 'add (-17)' succeeded
c ----------------------------------------------------------------------------
c LOG 0 API call 'add (0)' started
c LOG 0 API enters state STEADY
c LOG 0 PROOF adding original external clause -23 -33 -25 24 -44 38 -2 -11 -9 34 20 43 -45 15 -21 -36 5 30 -17
c LOG 0 CHECKER addition of original clause -23 -33 -25 24 -44 38 -2 -11 -9 34 20 43 -45 15 -21 -36 5 30 -17
c LOG 0 original clause -23 -33 -25 24 -44 38 -2 -11 -9 34 20 43 -45 15 -21 -36 5 30 -17
c LOG 0 new pointer 0x60000320c000 irredundant size 19 clause[33] -23 -33 -25 24 -44 38 -2 -11 -9 34 20 43 -45 15 -21 -36 5 30 -17
c LOG 0 marking added irredundant size 19 clause[33] -23 -33 -25 24 -44 38 -2 -11 -9 34 20 43 -45 15 -21 -36 5 30 -17
c LOG 0 marking -44 as factor literal candidate
c LOG 0 marking 38 as factor literal candidate
c LOG 0 marking 34 as factor literal candidate
c LOG 0 marking 43 as factor literal candidate
c LOG 0 marking -45 as factor literal candidate
c LOG 0 marking 15 as factor literal candidate
c LOG 0 marking -36 as factor literal candidate
c LOG 0 watch -23 blit -33 in irredundant size 19 clause[32] -23 -33 -25 24 -44 38 -2 -11 -9 34 20 43 -45 15 -21 -36 5 30 -17
c LOG 0 watch -33 blit -23 in irredundant size 19 clause[32] -23 -33 -25 24 -44 38 -2 -11 -9 34 20 43 -45 15 -21 -36 5 30 -17
c LOG 0 API call 'add (0)' succeeded
c ----------------------------------------------------------------------------
c LOG 0 API call 'add (-8)' started
c LOG 0 adding external -8 as internal -8
c LOG 0 API enters state ADDING
c LOG 0 API call 'add (-8)' succeeded
c ----------------------------------------------------------------------------
c LOG 0 API call 'add (-4)' started
c LOG 0 API enters state STEADY
c LOG 0 adding external -4 as internal -4
c LOG 0 API enters state ADDING
c LOG 0 API call 'add (-4)' succeeded
c ----------------------------------------------------------------------------
c LOG 0 API call 'add (21)' started
c LOG 0 API enters state STEADY
c LOG 0 adding external 21 as internal 21
c LOG 0 API enters state ADDING
c LOG 0 API call 'add (21)' succeeded
c ----------------------------------------------------------------------------
c LOG 0 API call 'add (0)' started
c LOG 0 API enters state STEADY
c LOG 0 PROOF adding original external clause -8 -4 21
c LOG 0 CHECKER addition of original clause -8 -4 21
c LOG 0 CHECKER enlarging clauses of checker from 32 to 64
c LOG 0 original clause -8 -4 21
c LOG 0 new pointer 0x60000172c210 irredundant size 3 clause[34] -8 -4 21
c LOG 0 marking added irredundant size 3 clause[34] -8 -4 21
c LOG 0 watch -8 blit -4 in irredundant size 3 clause[33] -8 -4 21
c LOG 0 watch -4 blit -8 in irredundant size 3 clause[33] -8 -4 21
c LOG 0 API call 'add (0)' succeeded
c ----------------------------------------------------------------------------
c LOG 0 API call 'add (-12)' started
c LOG 0 adding external -12 as internal -12
c LOG 0 API enters state ADDING
c LOG 0 API call 'add (-12)' succeeded
c ----------------------------------------------------------------------------
c LOG 0 API call 'add (-36)' started
c LOG 0 API enters state STEADY
c LOG 0 adding external -36 as internal -36
c LOG 0 API enters state ADDING
c LOG 0 API call 'add (-36)' succeeded
c ----------------------------------------------------------------------------
c LOG 0 API call 'add (26)' started
c LOG 0 API enters state STEADY
c LOG 0 adding external 26 as internal 26
c LOG 0 API enters state ADDING
c LOG 0 API call 'add (26)' succeeded
c ----------------------------------------------------------------------------
c LOG 0 API call 'add (0)' started
c LOG 0 API enters state STEADY
c LOG 0 PROOF adding original external clause -12 -36 26
c LOG 0 CHECKER addition of original clause -12 -36 26
c LOG 0 original clause -12 -36 26
c LOG 0 new pointer 0x6000017241e0 irredundant size 3 clause[35] -12 -36 26
c LOG 0 marking added irredundant size 3 clause[35] -12 -36 26
c LOG 0 marking 26 as factor literal candidate
c LOG 0 watch -12 blit -36 in irredundant size 3 clause[34] -12 -36 26
c LOG 0 watch -36 blit -12 in irredundant size 3 clause[34] -12 -36 26
c LOG 0 API call 'add (0)' succeeded
c ----------------------------------------------------------------------------
c LOG 0 API call 'add (34)' started
c LOG 0 adding external 34 as internal 34
c LOG 0 API enters state ADDING
c LOG 0 API call 'add (34)' succeeded
c ----------------------------------------------------------------------------
c LOG 0 API call 'add (41)' started
c LOG 0 API enters state STEADY
c LOG 0 adding external 41 as internal 41
c LOG 0 API enters state ADDING
c LOG 0 API call 'add (41)' succeeded
c ----------------------------------------------------------------------------
c LOG 0 API call 'add (-23)' started
c LOG 0 API enters state STEADY
c LOG 0 adding external -23 as internal -23
c LOG 0 API enters state ADDING
c LOG 0 API call 'add (-23)' succeeded
c ----------------------------------------------------------------------------
c LOG 0 API call 'add (0)' started
c LOG 0 API enters state STEADY
c LOG 0 PROOF adding original external clause 34 41 -23
c LOG 0 CHECKER addition of original clause 34 41 -23
c LOG 0 original clause 34 41 -23
c LOG 0 new pointer 0x600001720420 irredundant size 3 clause[36] 34 41 -23
c LOG 0 marking added irredundant size 3 clause[36] 34 41 -23
c LOG 0 watch 34 blit 41 in irredundant size 3 clause[35] 34 41 -23
c LOG 0 watch 41 blit 34 in irredundant size 3 clause[35] 34 41 -23
c LOG 0 API call 'add (0)' succeeded
c ----------------------------------------------------------------------------
c LOG 0 API call 'add (-44)' started
c LOG 0 adding external -44 as internal -44
c LOG 0 API enters state ADDING
c LOG 0 API call 'add (-44)' succeeded
c ----------------------------------------------------------------------------
c LOG 0 API call 'add (-13)' started
c LOG 0 API enters state STEADY
c LOG 0 adding external -13 as internal -13
c LOG 0 API enters state ADDING
c LOG 0 API call 'add (-13)' succeeded
c ----------------------------------------------------------------------------
c LOG 0 API call 'add (18)' started
c LOG 0 API enters state STEADY
c LOG 0 adding external 18 as internal 18
c LOG 0 API enters state ADDING
c LOG 0 API call 'add (18)' succeeded
c ----------------------------------------------------------------------------
c LOG 0 API call 'add (0)' started
c LOG 0 API enters state STEADY
c LOG 0 PROOF adding original external clause -44 -13 18
c LOG 0 CHECKER addition of original clause -44 -13 18
c LOG 0 original clause -44 -13 18
c LOG 0 new pointer 0x600001720480 irredundant size 3 clause[37] -44 -13 18
c LOG 0 marking added irredundant size 3 clause[37] -44 -13 18
c LOG 0 watch -44 blit -13 in irredundant size 3 clause[36] -44 -13 18
c LOG 0 watch -13 blit -44 in irredundant size 3 clause[36] -44 -13 18
c LOG 0 API call 'add (0)' succeeded
c ----------------------------------------------------------------------------
c LOG 0 API call 'resize (5)' started
c LOG 0 do nothing
c LOG 0 API call 'resize (5)' succeeded
c ----------------------------------------------------------------------------
c LOG 0 API call 'add (-27)' started
c LOG 0 adding external -27 as internal -27
c LOG 0 API enters state ADDING
c LOG 0 API call 'add (-27)' succeeded
c ----------------------------------------------------------------------------
c LOG 0 API call 'add (-9)' started
c LOG 0 API enters state STEADY
c LOG 0 adding external -9 as internal -9
c LOG 0 API enters state ADDING
c LOG 0 API call 'add (-9)' succeeded
c ----------------------------------------------------------------------------
c LOG 0 API call 'add (-19)' started
c LOG 0 API enters state STEADY
c LOG 0 adding external -19 as internal -19
c LOG 0 API enters state ADDING
c LOG 0 API call 'add (-19)' succeeded
c ----------------------------------------------------------------------------
c LOG 0 API call 'add (-1)' started
c LOG 0 API enters state STEADY
c LOG 0 adding external -1 as internal -1
c LOG 0 API enters state ADDING
c LOG 0 API call 'add (-1)' succeeded
c ----------------------------------------------------------------------------
c LOG 0 API call 'add (0)' started
c LOG 0 API enters state STEADY
c LOG 0 PROOF adding original external clause -27 -9 -19 -1
c LOG 0 CHECKER addition of original clause -27 -9 -19 -1
c LOG 0 original clause -27 -9 -19 -1
c LOG 0 new pointer 0x60000172c270 irredundant size 4 clause[38] -27 -9 -19 -1
c LOG 0 marking added irredundant size 4 clause[38] -27 -9 -19 -1
c LOG 0 watch -27 blit -9 in irredundant size 4 clause[37] -27 -9 -19 -1
c LOG 0 watch -9 blit -27 in irredundant size 4 clause[37] -27 -9 -19 -1
c LOG 0 API call 'add (0)' succeeded
c ----------------------------------------------------------------------------
c LOG 0 API call 'add (27)' started
c LOG 0 adding external 27 as internal 27
c LOG 0 API enters state ADDING
c LOG 0 API call 'add (27)' succeeded
c ----------------------------------------------------------------------------
c LOG 0 API call 'add (30)' started
c LOG 0 API enters state STEADY
c LOG 0 adding external 30 as internal 30
c LOG 0 API enters state ADDING
c LOG 0 API call 'add (30)' succeeded
c ----------------------------------------------------------------------------
c LOG 0 API call 'add (32)' started
c LOG 0 API enters state STEADY
c LOG 0 adding external 32 as internal 32
c LOG 0 API enters state ADDING
c LOG 0 API call 'add (32)' succeeded
c ----------------------------------------------------------------------------
c LOG 0 API call 'add (0)' started
c LOG 0 API enters state STEADY
c LOG 0 PROOF adding original external clause 27 30 32
c LOG 0 CHECKER addition of original clause 27 30 32
c LOG 0 original clause 27 30 32
c LOG 0 new pointer 0x6000017204e0 irredundant size 3 clause[39] 27 30 32
c LOG 0 marking added irredundant size 3 clause[39] 27 30 32
c LOG 0 watch 27 blit 30 in irredundant size 3 clause[38] 27 30 32
c LOG 0 watch 30 blit 27 in irredundant size 3 clause[38] 27 30 32
c LOG 0 API call 'add (0)' succeeded
c ----------------------------------------------------------------------------
c LOG 0 API call 'redundant ()' started
c LOG 0 API call 'redundant ()' returns '0'
c ----------------------------------------------------------------------------
c LOG 0 API call 'add (12)' started
c LOG 0 adding external 12 as internal 12
c LOG 0 API enters state ADDING
c LOG 0 API call 'add (12)' succeeded
c ----------------------------------------------------------------------------
c LOG 0 API call 'add (38)' started
c LOG 0 API enters state STEADY
c LOG 0 adding external 38 as internal 38
c LOG 0 API enters state ADDING
c LOG 0 API call 'add (38)' succeeded
c ----------------------------------------------------------------------------
c LOG 0 API call 'add (28)' started
c LOG 0 API enters state STEADY
c LOG 0 adding external 28 as internal 28
c LOG 0 API enters state ADDING
c LOG 0 API call 'add (28)' succeeded
c ----------------------------------------------------------------------------
c LOG 0 API call 'add (0)' started
c LOG 0 API enters state STEADY
c LOG 0 PROOF adding original external clause 12 38 28
c LOG 0 CHECKER addition of original clause 12 38 28
c LOG 0 original clause 12 38 28
c LOG 0 new pointer 0x600001720540 irredundant size 3 clause[40] 12 38 28
c LOG 0 marking added irredundant size 3 clause[40] 12 38 28
c LOG 0 watch 12 blit 38 in irredundant size 3 clause[39] 12 38 28
c LOG 0 watch 38 blit 12 in irredundant size 3 clause[39] 12 38 28
c LOG 0 API call 'add (0)' succeeded
c ----------------------------------------------------------------------------
c LOG 0 API call 'add (20)' started
c LOG 0 adding external 20 as internal 20
c LOG 0 API enters state ADDING
c LOG 0 API call 'add (20)' succeeded
c ----------------------------------------------------------------------------
c LOG 0 API call 'add (28)' started
c LOG 0 API enters state STEADY
c LOG 0 adding external 28 as internal 28
c LOG 0 API enters state ADDING
c LOG 0 API call 'add (28)' succeeded
c ----------------------------------------------------------------------------
c LOG 0 API call 'add (-19)' started
c LOG 0 API enters state STEADY
c LOG 0 adding external -19 as internal -19
c LOG 0 API enters state ADDING
c LOG 0 API call 'add (-19)' succeeded
c ----------------------------------------------------------------------------
c LOG 0 API call 'add (0)' started
c LOG 0 API enters state STEADY
c LOG 0 PROOF adding original external clause 20 28 -19
c LOG 0 CHECKER addition of original clause 20 28 -19
c LOG 0 original clause 20 28 -19
c LOG 0 new pointer 0x6000017205a0 irredundant size 3 clause[41] 20 28 -19
c LOG 0 marking added irredundant size 3 clause[41] 20 28 -19
c LOG 0 watch 20 blit 28 in irredundant size 3 clause[40] 20 28 -19
c LOG 0 watch 28 blit 20 in irredundant size 3 clause[40] 20 28 -19
c LOG 0 API call 'add (0)' succeeded
c ----------------------------------------------------------------------------
c LOG 0 API call 'add (21)' started
c LOG 0 adding external 21 as internal 21
c LOG 0 API enters state ADDING
c LOG 0 API call 'add (21)' succeeded
c ----------------------------------------------------------------------------
c LOG 0 API call 'add (2)' started
c LOG 0 API enters state STEADY
c LOG 0 adding external 2 as internal 2
c LOG 0 API enters state ADDING
c LOG 0 API call 'add (2)' succeeded
c ----------------------------------------------------------------------------
c LOG 0 API call 'add (17)' started
c LOG 0 API enters state STEADY
c LOG 0 adding external 17 as internal 17
c LOG 0 API enters state ADDING
c LOG 0 API call 'add (17)' succeeded
c ----------------------------------------------------------------------------
c LOG 0 API call 'add (0)' started
c LOG 0 API enters state STEADY
c LOG 0 PROOF adding original external clause 21 2 17
c LOG 0 CHECKER addition of original clause 21 2 17
c LOG 0 original clause 21 2 17
c LOG 0 new pointer 0x60000172c2d0 irredundant size 3 clause[42] 21 2 17
c LOG 0 marking added irredundant size 3 clause[42] 21 2 17
c LOG 0 marking 17 as factor literal candidate
c LOG 0 watch 21 blit 2 in irredundant size 3 clause[41] 21 2 17
c LOG 0 watch 2 blit 21 in irredundant size 3 clause[41] 21 2 17
c LOG 0 API call 'add (0)' succeeded
c ----------------------------------------------------------------------------
c LOG 0 API call 'add (-10)' started
c LOG 0 adding external -10 as internal -10
c LOG 0 API enters state ADDING
c LOG 0 API call 'add (-10)' succeeded
c ----------------------------------------------------------------------------
c LOG 0 API call 'add (-36)' started
c LOG 0 API enters state STEADY
c LOG 0 adding external -36 as internal -36
c LOG 0 API enters state ADDING
c LOG 0 API call 'add (-36)' succeeded
c ----------------------------------------------------------------------------
c LOG 0 API call 'add (18)' started
c LOG 0 API enters state STEADY
c LOG 0 adding external 18 as internal 18
c LOG 0 API enters state ADDING
c LOG 0 API call 'add (18)' succeeded
c ----------------------------------------------------------------------------
c LOG 0 API call 'add (0)' started
c LOG 0 API enters state STEADY
c LOG 0 PROOF adding original external clause -10 -36 18
c LOG 0 CHECKER addition of original clause -10 -36 18
c LOG 0 original clause -10 -36 18
c LOG 0 new pointer 0x600001724240 irredundant size 3 clause[43] -10 -36 18
c LOG 0 marking added irredundant size 3 clause[43] -10 -36 18
c LOG 0 watch -10 blit -36 in irredundant size 3 clause[42] -10 -36 18
c LOG 0 watch -36 blit -10 in irredundant size 3 clause[42] -10 -36 18
c LOG 0 API call 'add (0)' succeeded
c ----------------------------------------------------------------------------
c LOG 0 API call 'add (33)' started
c LOG 0 adding external 33 as internal 33
c LOG 0 API enters state ADDING
c LOG 0 API call 'add (33)' succeeded
c ----------------------------------------------------------------------------
c LOG 0 API call 'add (4)' started
c LOG 0 API enters state STEADY
c LOG 0 adding external 4 as internal 4
c LOG 0 API enters state ADDING
c LOG 0 API call 'add (4)' succeeded
c ----------------------------------------------------------------------------
c LOG 0 API call 'add (-45)' started
c LOG 0 API enters state STEADY
c LOG 0 adding external -45 as internal -45
c LOG 0 API enters state ADDING
c LOG 0 API call 'add (-45)' succeeded
c ----------------------------------------------------------------------------
c LOG 0 API call 'add (0)' started
c LOG 0 API enters state STEADY
c LOG 0 PROOF adding original external clause 33 4 -45
c LOG 0 CHECKER addition of original clause 33 4 -45
c LOG 0 original clause 33 4 -45
c LOG 0 new pointer 0x6000017242a0 irredundant size 3 clause[44] 33 4 -45
c LOG 0 marking added irredundant size 3 clause[44] 33 4 -45
c LOG 0 marking 33 as factor literal candidate
c LOG 0 watch 33 blit 4 in irredundant size 3 clause[43] 33 4 -45
c LOG 0 watch 4 blit 33 in irredundant size 3 clause[43] 33 4 -45
c LOG 0 API call 'add (0)' succeeded
c ----------------------------------------------------------------------------
c LOG 0 API call 'add (-45)' started
c LOG 0 adding external -45 as internal -45
c LOG 0 API enters state ADDING
c LOG 0 API call 'add (-45)' succeeded
c ----------------------------------------------------------------------------
c LOG 0 API call 'add (7)' started
c LOG 0 API enters state STEADY
c LOG 0 adding external 7 as internal 7
c LOG 0 API enters state ADDING
c LOG 0 API call 'add (7)' succeeded
c ----------------------------------------------------------------------------
c LOG 0 API call 'add (23)' started
c LOG 0 API enters state STEADY
c LOG 0 adding external 23 as internal 23
c LOG 0 API enters state ADDING
c LOG 0 API call 'add (23)' succeeded
c ----------------------------------------------------------------------------
c LOG 0 API call 'add (0)' started
c LOG 0 API enters state STEADY
c LOG 0 PROOF adding original external clause -45 7 23
c LOG 0 CHECKER addition of original clause -45 7 23
c LOG 0 original clause -45 7 23
c LOG 0 new pointer 0x600001718810 irredundant size 3 clause[45] -45 7 23
c LOG 0 marking added irredundant size 3 clause[45] -45 7 23
c LOG 0 watch -45 blit 7 in irredundant size 3 clause[44] -45 7 23
c LOG 0 watch 7 blit -45 in irredundant size 3 clause[44] -45 7 23
c LOG 0 API call 'add (0)' succeeded
c ----------------------------------------------------------------------------
c LOG 0 API call 'active ()' started
c LOG 0 API call 'active ()' returns '36'
c ----------------------------------------------------------------------------
c LOG 0 API call 'irredundant ()' started
c LOG 0 API call 'irredundant ()' returns '44'
c ----------------------------------------------------------------------------
c LOG 0 API call 'resize (5)' started
c LOG 0 do nothing
c LOG 0 API call 'resize (5)' succeeded
c ----------------------------------------------------------------------------
c LOG 0 API call 'add (-33)' started
c LOG 0 adding external -33 as internal -33
c LOG 0 API enters state ADDING
c LOG 0 API call 'add (-33)' succeeded
c ----------------------------------------------------------------------------
c LOG 0 API call 'add (19)' started
c LOG 0 API enters state STEADY
c LOG 0 adding external 19 as internal 19
c LOG 0 API enters state ADDING
c LOG 0 API call 'add (19)' succeeded
c ----------------------------------------------------------------------------
c LOG 0 API call 'add (35)' started
c LOG 0 API enters state STEADY
c LOG 0 adding external 35 as internal 35
c LOG 0 API enters state ADDING
c LOG 0 API call 'add (35)' succeeded
c ----------------------------------------------------------------------------
c LOG 0 API call 'add (0)' started
c LOG 0 API enters state STEADY
c LOG 0 PROOF adding original external clause -33 19 35
c LOG 0 CHECKER addition of original clause -33 19 35
c LOG 0 original clause -33 19 35
c LOG 0 new pointer 0x600001720600 irredundant size 3 clause[46] -33 19 35
c LOG 0 marking added irredundant size 3 clause[46] -33 19 35
c LOG 0 watch -33 blit 19 in irredundant size 3 clause[45] -33 19 35
c LOG 0 watch 19 blit -33 in irredundant size 3 clause[45] -33 19 35
c LOG 0 API call 'add (0)' succeeded
c ----------------------------------------------------------------------------
c LOG 0 API call 'irredundant ()' started
c LOG 0 API call 'irredundant ()' returns '45'
c ----------------------------------------------------------------------------
c LOG 0 API call 'add (3)' started
c LOG 0 adding external 3 as internal 3
c LOG 0 API enters state ADDING
c LOG 0 API call 'add (3)' succeeded
c ----------------------------------------------------------------------------
c LOG 0 API call 'add (-18)' started
c LOG 0 API enters state STEADY
c LOG 0 adding external -18 as internal -18
c LOG 0 API enters state ADDING
c LOG 0 API call 'add (-18)' succeeded
c ----------------------------------------------------------------------------
c LOG 0 API call 'add (2)' started
c LOG 0 API enters state STEADY
c LOG 0 adding external 2 as internal 2
c LOG 0 API enters state ADDING
c LOG 0 API call 'add (2)' succeeded
c ----------------------------------------------------------------------------
c LOG 0 API call 'add (0)' started
c LOG 0 API enters state STEADY
c LOG 0 PROOF adding original external clause 3 -18 2
c LOG 0 CHECKER addition of original clause 3 -18 2
c LOG 0 original clause 3 -18 2
c LOG 0 new pointer 0x600001718870 irredundant size 3 clause[47] 3 -18 2
c LOG 0 marking added irredundant size 3 clause[47] 3 -18 2
c LOG 0 watch 3 blit -18 in irredundant size 3 clause[46] 3 -18 2
c LOG 0 watch -18 blit 3 in irredundant size 3 clause[46] 3 -18 2
c LOG 0 API call 'add (0)' succeeded
c ----------------------------------------------------------------------------
c LOG 0 API call 'add (-30)' started
c LOG 0 adding external -30 as internal -30
c LOG 0 API enters state ADDING
c LOG 0 API call 'add (-30)' succeeded
c ----------------------------------------------------------------------------
c LOG 0 API call 'add (6)' started
c LOG 0 API enters state STEADY
c LOG 0 adding external 6 as internal 6
c LOG 0 API enters state ADDING
c LOG 0 API call 'add (6)' succeeded
c ----------------------------------------------------------------------------
c LOG 0 API call 'add (43)' started
c LOG 0 API enters state STEADY
c LOG 0 adding external 43 as internal 43
c LOG 0 API enters state ADDING
c LOG 0 API call 'add (43)' succeeded
c ----------------------------------------------------------------------------
c LOG 0 API call 'add (0)' started
c LOG 0 API enters state STEADY
c LOG 0 PROOF adding original external clause -30 6 43
c LOG 0 CHECKER addition of original clause -30 6 43
c LOG 0 original clause -30 6 43
c LOG 0 new pointer 0x600001728030 irredundant size 3 clause[48] -30 6 43
c LOG 0 marking added irredundant size 3 clause[48] -30 6 43
c LOG 0 watch -30 blit 6 in irredundant size 3 clause[47] -30 6 43
c LOG 0 watch 6 blit -30 in irredundant size 3 clause[47] -30 6 43
c LOG 0 API call 'add (0)' succeeded
c ----------------------------------------------------------------------------
c LOG 0 API call 'add (17)' started
c LOG 0 adding external 17 as internal 17
c LOG 0 API enters state ADDING
c LOG 0 API call 'add (17)' succeeded
c ----------------------------------------------------------------------------
c LOG 0 API call 'add (41)' started
c LOG 0 API enters state STEADY
c LOG 0 adding external 41 as internal 41
c LOG 0 API enters state ADDING
c LOG 0 API call 'add (41)' succeeded
c ----------------------------------------------------------------------------
c LOG 0 API call 'add (37)' started
c LOG 0 API enters state STEADY
c LOG 0 adding external 37 as internal 37
c LOG 0 API enters state ADDING
c LOG 0 API call 'add (37)' succeeded
c ----------------------------------------------------------------------------
c LOG 0 API call 'add (29)' started
c LOG 0 API enters state STEADY
c LOG 0 adding external 29 as internal 29
c LOG 0 API enters state ADDING
c LOG 0 API call 'add (29)' succeeded
c ----------------------------------------------------------------------------
c LOG 0 API call 'add (0)' started
c LOG 0 API enters state STEADY
c LOG 0 PROOF adding original external clause 17 41 37 29
c LOG 0 CHECKER addition of original clause 17 41 37 29
c LOG 0 original clause 17 41 37 29
c LOG 0 new pointer 0x600001728090 irredundant size 4 clause[49] 17 41 37 29
c LOG 0 marking added irredundant size 4 clause[49] 17 41 37 29
c LOG 0 watch 17 blit 41 in irredundant size 4 clause[48] 17 41 37 29
c LOG 0 watch 41 blit 17 in irredundant size 4 clause[48] 17 41 37 29
c LOG 0 API call 'add (0)' succeeded
c ----------------------------------------------------------------------------
c LOG 0 API call 'add (8)' started
c LOG 0 adding external 8 as internal 8
c LOG 0 API enters state ADDING
c LOG 0 API call 'add (8)' succeeded
c ----------------------------------------------------------------------------
c LOG 0 API call 'add (38)' started
c LOG 0 API enters state STEADY
c LOG 0 adding external 38 as internal 38
c LOG 0 API enters state ADDING
c LOG 0 API call 'add (38)' succeeded
c ----------------------------------------------------------------------------
c LOG 0 API call 'add (37)' started
c LOG 0 API enters state STEADY
c LOG 0 adding external 37 as internal 37
c LOG 0 API enters state ADDING
c LOG 0 API call 'add (37)' succeeded
c ----------------------------------------------------------------------------
c LOG 0 API call 'add (0)' started
c LOG 0 API enters state STEADY
c LOG 0 PROOF adding original external clause 8 38 37
c LOG 0 CHECKER addition of original clause 8 38 37
c LOG 0 original clause 8 38 37
c LOG 0 new pointer 0x600001724300 irredundant size 3 clause[50] 8 38 37
c LOG 0 marking added irredundant size 3 clause[50] 8 38 37
c LOG 0 watch 8 blit 38 in irredundant size 3 clause[49] 8 38 37
c LOG 0 watch 38 blit 8 in irredundant size 3 clause[49] 8 38 37
c LOG 0 API call 'add (0)' succeeded
c ----------------------------------------------------------------------------
c LOG 0 API call 'vars ()' started
c LOG 0 API call 'vars ()' returns '45'
c ----------------------------------------------------------------------------
c LOG 0 API call 'declare_var ()' started
c LOG 0 46 external variables from 45
c LOG 0 initialized 1 external variables
c LOG 0 new mapping external 46 to internal 46
c LOG 0 declaring 46
c LOG 0 declaring new 46 (max_var: 46, unused: 0, active: 36)
c LOG 0 API call 'declare_var ()' succeeded
c ----------------------------------------------------------------------------
c LOG 0 API call 'add (12)' started
c LOG 0 adding external 12 as internal 12
c LOG 0 API enters state ADDING
c LOG 0 API call 'add (12)' succeeded
c ----------------------------------------------------------------------------
c LOG 0 API call 'add (29)' started
c LOG 0 API enters state STEADY
c LOG 0 adding external 29 as internal 29
c LOG 0 API enters state ADDING
c LOG 0 API call 'add (29)' succeeded
c ----------------------------------------------------------------------------
c LOG 0 API call 'declare_var ()' started
c LOG 0 API enters state STEADY
c LOG 0 47 external variables from 46
c LOG 0 initialized 1 external variables
c LOG 0 new mapping external 47 to internal 47
c LOG 0 declaring 47
c LOG 0 declaring new 47 (max_var: 47, unused: 0, active: 36)
c LOG 0 API call 'declare_var ()' succeeded
c ----------------------------------------------------------------------------
c LOG 0 API call 'add (-47)' started
c LOG 0 adding external -47 as internal -47
c LOG 0 API enters state ADDING
c LOG 0 API call 'add (-47)' succeeded
c ----------------------------------------------------------------------------
c LOG 0 API call 'add (0)' started
c LOG 0 API enters state STEADY
c LOG 0 PROOF adding original external clause 12 29 -47
c LOG 0 CHECKER addition of original clause 12 29 -47
c LOG 0 original clause 12 29 -47
c LOG 0 new pointer 0x600001720660 irredundant size 3 clause[51] 12 29 -47
c LOG 0 marking added irredundant size 3 clause[51] 12 29 -47
c LOG 0 marking -47 as factor literal candidate
c LOG 0 watch 12 blit 29 in irredundant size 3 clause[50] 12 29 -47
c LOG 0 watch 29 blit 12 in irredundant size 3 clause[50] 12 29 -47
c LOG 0 API call 'add (0)' succeeded
c ----------------------------------------------------------------------------
c LOG 0 API call 'irredundant ()' started
c LOG 0 API call 'irredundant ()' returns '50'
c ----------------------------------------------------------------------------
c LOG 0 API call 'add (-15)' started
c LOG 0 adding external -15 as internal -15
c LOG 0 API enters state ADDING
c LOG 0 API call 'add (-15)' succeeded
c ----------------------------------------------------------------------------
c LOG 0 API call 'add (18)' started
c LOG 0 API enters state STEADY
c LOG 0 adding external 18 as internal 18
c LOG 0 API enters state ADDING
c LOG 0 API call 'add (18)' succeeded
c ----------------------------------------------------------------------------
c LOG 0 API call 'add (42)' started
c LOG 0 API enters state STEADY
c LOG 0 adding external 42 as internal 42
c LOG 0 API enters state ADDING
c LOG 0 API call 'add (42)' succeeded
c ----------------------------------------------------------------------------
c LOG 0 API call 'add (0)' started
c LOG 0 API enters state STEADY
c LOG 0 PROOF adding original external clause -15 18 42
c LOG 0 CHECKER addition of original clause -15 18 42
c LOG 0 original clause -15 18 42
c LOG 0 new pointer 0x600001734030 irredundant size 3 clause[52] -15 18 42
c LOG 0 marking added irredundant size 3 clause[52] -15 18 42
c LOG 0 watch -15 blit 18 in irredundant size 3 clause[51] -15 18 42
c LOG 0 watch 18 blit -15 in irredundant size 3 clause[51] -15 18 42
c LOG 0 API call 'add (0)' succeeded
c ----------------------------------------------------------------------------
c LOG 0 API call 'add (23)' started
c LOG 0 adding external 23 as internal 23
c LOG 0 API enters state ADDING
c LOG 0 API call 'add (23)' succeeded
c ----------------------------------------------------------------------------
c LOG 0 API call 'add (18)' started
c LOG 0 API enters state STEADY
c LOG 0 adding external 18 as internal 18
c LOG 0 API enters state ADDING
c LOG 0 API call 'add (18)' succeeded
c ----------------------------------------------------------------------------
c LOG 0 API call 'add (-14)' started
c LOG 0 API enters state STEADY
c LOG 0 adding external -14 as internal -14
c LOG 0 API enters state ADDING
c LOG 0 API call 'add (-14)' succeeded
c ----------------------------------------------------------------------------
c LOG 0 API call 'add (0)' started
c LOG 0 API enters state STEADY
c LOG 0 PROOF adding original external clause 23 18 -14
c LOG 0 CHECKER addition of original clause 23 18 -14
c LOG 0 original clause 23 18 -14
c LOG 0 new pointer 0x60000172c330 irredundant size 3 clause[53] 23 18 -14
c LOG 0 marking added irredundant size 3 clause[53] 23 18 -14
c LOG 0 watch 23 blit 18 in irredundant size 3 clause[52] 23 18 -14
c LOG 0 watch 18 blit 23 in irredundant size 3 clause[52] 23 18 -14
c LOG 0 API call 'add (0)' succeeded
c ----------------------------------------------------------------------------
c LOG 0 API call 'add (-4)' started
c LOG 0 adding external -4 as internal -4
c LOG 0 API enters state ADDING
c LOG 0 API call 'add (-4)' succeeded
c ----------------------------------------------------------------------------
c LOG 0 API call 'add (19)' started
c LOG 0 API enters state STEADY
c LOG 0 adding external 19 as internal 19
c LOG 0 API enters state ADDING
c LOG 0 API call 'add (19)' succeeded
c ----------------------------------------------------------------------------
c LOG 0 API call 'add (-18)' started
c LOG 0 API enters state STEADY
c LOG 0 adding external -18 as internal -18
c LOG 0 API enters state ADDING
c LOG 0 API call 'add (-18)' succeeded
c ----------------------------------------------------------------------------
c LOG 0 API call 'add (0)' started
c LOG 0 API enters state STEADY
c LOG 0 PROOF adding original external clause -4 19 -18
c LOG 0 CHECKER addition of original clause -4 19 -18
c LOG 0 original clause -4 19 -18
c LOG 0 new pointer 0x60000172c390 irredundant size 3 clause[54] -4 19 -18
c LOG 0 marking added irredundant size 3 clause[54] -4 19 -18
c LOG 0 watch -4 blit 19 in irredundant size 3 clause[53] -4 19 -18
c LOG 0 watch 19 blit -4 in irredundant size 3 clause[53] -4 19 -18
c LOG 0 API call 'add (0)' succeeded
c ----------------------------------------------------------------------------
c LOG 0 API call 'add (-26)' started
c LOG 0 adding external -26 as internal -26
c LOG 0 API enters state ADDING
c LOG 0 API call 'add (-26)' succeeded
c ----------------------------------------------------------------------------
c LOG 0 API call 'declare_var ()' started
c LOG 0 API enters state STEADY
c LOG 0 48 external variables from 47
c LOG 0 initialized 1 external variables
c LOG 0 new mapping external 48 to internal 48
c LOG 0 declaring 48
c LOG 0 declaring new 48 (max_var: 48, unused: 0, active: 36)
c LOG 0 API call 'declare_var ()' succeeded
c ----------------------------------------------------------------------------
c LOG 0 API call 'add (-48)' started
c LOG 0 adding external -48 as internal -48
c LOG 0 API enters state ADDING
c LOG 0 API call 'add (-48)' succeeded
c ----------------------------------------------------------------------------
c LOG 0 API call 'add (-35)' started
c LOG 0 API enters state STEADY
c LOG 0 adding external -35 as internal -35
c LOG 0 API enters state ADDING
c LOG 0 API call 'add (-35)' succeeded
c ----------------------------------------------------------------------------
c LOG 0 API call 'add (0)' started
c LOG 0 API enters state STEADY
c LOG 0 PROOF adding original external clause -26 -48 -35
c LOG 0 CHECKER addition of original clause -26 -48 -35
c LOG 0 original clause -26 -48 -35
c LOG 0 new pointer 0x6000017188d0 irredundant size 3 clause[55] -26 -48 -35
c LOG 0 marking added irredundant size 3 clause[55] -26 -48 -35
c LOG 0 marking -48 as factor literal candidate
c LOG 0 watch -26 blit -48 in irredundant size 3 clause[54] -26 -48 -35
c LOG 0 watch -48 blit -26 in irredundant size 3 clause[54] -26 -48 -35
c LOG 0 API call 'add (0)' succeeded
c ----------------------------------------------------------------------------
c LOG 0 API call 'vars ()' started
c LOG 0 API call 'vars ()' returns '48'
c ----------------------------------------------------------------------------
c LOG 0 API call 'declare_var ()' started
c LOG 0 49 external variables from 48
c LOG 0 initialized 1 external variables
c LOG 0 new mapping external 49 to internal 49
c LOG 0 declaring 49
c LOG 0 declaring new 49 (max_var: 49, unused: 0, active: 36)
c LOG 0 API call 'declare_var ()' succeeded
c ----------------------------------------------------------------------------
c LOG 0 API call 'add (4)' started
c LOG 0 adding external 4 as internal 4
c LOG 0 API enters state ADDING
c LOG 0 API call 'add (4)' succeeded
c ----------------------------------------------------------------------------
c LOG 0 API call 'add (-43)' started
c LOG 0 API enters state STEADY
c LOG 0 adding external -43 as internal -43
c LOG 0 API enters state ADDING
c LOG 0 API call 'add (-43)' succeeded
c ----------------------------------------------------------------------------
c LOG 0 API call 'add (-39)' started
c LOG 0 API enters state STEADY
c LOG 0 adding external -39 as internal -39
c LOG 0 API enters state ADDING
c LOG 0 API call 'add (-39)' succeeded
c ----------------------------------------------------------------------------
c LOG 0 API call 'add (0)' started
c LOG 0 API enters state STEADY
c LOG 0 PROOF adding original external clause 4 -43 -39
c LOG 0 CHECKER addition of original clause 4 -43 -39
c LOG 0 original clause 4 -43 -39
c LOG 0 new pointer 0x600001724360 irredundant size 3 clause[56] 4 -43 -39
c LOG 0 marking added irredundant size 3 clause[56] 4 -43 -39
c LOG 0 watch 4 blit -43 in irredundant size 3 clause[55] 4 -43 -39
c LOG 0 watch -43 blit 4 in irredundant size 3 clause[55] 4 -43 -39
c LOG 0 API call 'add (0)' succeeded
c ----------------------------------------------------------------------------
c LOG 0 API call 'add (22)' started
c LOG 0 adding external 22 as internal 22
c LOG 0 API enters state ADDING
c LOG 0 API call 'add (22)' succeeded
c ----------------------------------------------------------------------------
c LOG 0 API call 'add (-36)' started
c LOG 0 API enters state STEADY
c LOG 0 adding external -36 as internal -36
c LOG 0 API enters state ADDING
c LOG 0 API call 'add (-36)' succeeded
c ----------------------------------------------------------------------------
c LOG 0 API call 'add (25)' started
c LOG 0 API enters state STEADY
c LOG 0 adding external 25 as internal 25
c LOG 0 API enters state ADDING
c LOG 0 API call 'add (25)' succeeded
c ----------------------------------------------------------------------------
c LOG 0 API call 'add (0)' started
c LOG 0 API enters state STEADY
c LOG 0 PROOF adding original external clause 22 -36 25
c LOG 0 CHECKER addition of original clause 22 -36 25
c LOG 0 original clause 22 -36 25
c LOG 0 new pointer 0x6000017243c0 irredundant size 3 clause[57] 22 -36 25
c LOG 0 marking added irredundant size 3 clause[57] 22 -36 25
c LOG 0 watch 22 blit -36 in irredundant size 3 clause[56] 22 -36 25
c LOG 0 watch -36 blit 22 in irredundant size 3 clause[56] 22 -36 25
c LOG 0 API call 'add (0)' succeeded
c ----------------------------------------------------------------------------
c LOG 0 API call 'declare_var ()' started
c LOG 0 50 external variables from 49
c LOG 0 initialized 1 external variables
c LOG 0 new mapping external 50 to internal 50
c LOG 0 declaring 50
c LOG 0 declaring new 50 (max_var: 50, unused: 0, active: 36)
c LOG 0 API call 'declare_var ()' succeeded
c ----------------------------------------------------------------------------
c LOG 0 API call 'add (-50)' started
c LOG 0 adding external -50 as internal -50
c LOG 0 API enters state ADDING
c LOG 0 API call 'add (-50)' succeeded
c ----------------------------------------------------------------------------
c LOG 0 API call 'add (-42)' started
c LOG 0 API enters state STEADY
c LOG 0 adding external -42 as internal -42
c LOG 0 API enters state ADDING
c LOG 0 API call 'add (-42)' succeeded
c ----------------------------------------------------------------------------
c LOG 0 API call 'add (30)' started
c LOG 0 API enters state STEADY
c LOG 0 adding external 30 as internal 30
c LOG 0 API enters state ADDING
c LOG 0 API call 'add (30)' succeeded
c ----------------------------------------------------------------------------
c LOG 0 API call 'add (0)' started
c LOG 0 API enters state STEADY
c LOG 0 PROOF adding original external clause -50 -42 30
c LOG 0 CHECKER addition of original clause -50 -42 30
c LOG 0 original clause -50 -42 30
c LOG 0 new pointer 0x600001724420 irredundant size 3 clause[58] -50 -42 30
c LOG 0 marking added irredundant size 3 clause[58] -50 -42 30
c LOG 0 marking -50 as factor literal candidate
c LOG 0 watch -50 blit -42 in irredundant size 3 clause[57] -50 -42 30
c LOG 0 watch -42 blit -50 in irredundant size 3 clause[57] -50 -42 30
c LOG 0 API call 'add (0)' succeeded
c ----------------------------------------------------------------------------
c LOG 0 API call 'add (-40)' started
c LOG 0 adding external -40 as internal -40
c LOG 0 API enters state ADDING
c LOG 0 API call 'add (-40)' succeeded
c ----------------------------------------------------------------------------
c LOG 0 API call 'add (-23)' started
c LOG 0 API enters state STEADY
c LOG 0 adding external -23 as internal -23
c LOG 0 API enters state ADDING
c LOG 0 API call 'add (-23)' succeeded
c ----------------------------------------------------------------------------
c LOG 0 API call 'add (-31)' started
c LOG 0 API enters state STEADY
c LOG 0 adding external -31 as internal -31
c LOG 0 API enters state ADDING
c LOG 0 API call 'add (-31)' succeeded
c ----------------------------------------------------------------------------
c LOG 0 API call 'add (0)' started
c LOG 0 API enters state STEADY
c LOG 0 PROOF adding original external clause -40 -23 -31
c LOG 0 CHECKER addition of original clause -40 -23 -31
c LOG 0 original clause -40 -23 -31
c LOG 0 new pointer 0x600001718930 irredundant size 3 clause[59] -40 -23 -31
c LOG 0 marking added irredundant size 3 clause[59] -40 -23 -31
c LOG 0 watch -40 blit -23 in irredundant size 3 clause[58] -40 -23 -31
c LOG 0 watch -23 blit -40 in irredundant size 3 clause[58] -40 -23 -31
c LOG 0 API call 'add (0)' succeeded
c ----------------------------------------------------------------------------
c LOG 0 API call 'add (-25)' started
c LOG 0 adding external -25 as internal -25
c LOG 0 API enters state ADDING
c LOG 0 API call 'add (-25)' succeeded
c ----------------------------------------------------------------------------
c LOG 0 API call 'add (-10)' started
c LOG 0 API enters state STEADY
c LOG 0 adding external -10 as internal -10
c LOG 0 API enters state ADDING
c LOG 0 API call 'add (-10)' succeeded
c ----------------------------------------------------------------------------
c LOG 0 API call 'add (-8)' started
c LOG 0 API enters state STEADY
c LOG 0 adding external -8 as internal -8
c LOG 0 API enters state ADDING
c LOG 0 API call 'add (-8)' succeeded
c ----------------------------------------------------------------------------
c LOG 0 API call 'add (0)' started
c LOG 0 API enters state STEADY
c LOG 0 PROOF adding original external clause -25 -10 -8
c LOG 0 CHECKER addition of original clause -25 -10 -8
c LOG 0 original clause -25 -10 -8
c LOG 0 new pointer 0x600001718990 irredundant size 3 clause[60] -25 -10 -8
c LOG 0 marking added irredundant size 3 clause[60] -25 -10 -8
c LOG 0 watch -25 blit -10 in irredundant size 3 clause[59] -25 -10 -8
c LOG 0 watch -10 blit -25 in irredundant size 3 clause[59] -25 -10 -8
c LOG 0 API call 'add (0)' succeeded
c ----------------------------------------------------------------------------
c LOG 0 API call 'add (-32)' started
c LOG 0 adding external -32 as internal -32
c LOG 0 API enters state ADDING
c LOG 0 API call 'add (-32)' succeeded
c ----------------------------------------------------------------------------
c LOG 0 API call 'add (-28)' started
c LOG 0 API enters state STEADY
c LOG 0 adding external -28 as internal -28
c LOG 0 API enters state ADDING
c LOG 0 API call 'add (-28)' succeeded
c ----------------------------------------------------------------------------
c LOG 0 API call 'add (-43)' started
c LOG 0 API enters state STEADY
c LOG 0 adding external -43 as internal -43
c LOG 0 API enters state ADDING
c LOG 0 API call 'add (-43)' succeeded
c ----------------------------------------------------------------------------
c LOG 0 API call 'add (0)' started
c LOG 0 API enters state STEADY
c LOG 0 PROOF adding original external clause -32 -28 -43
c LOG 0 CHECKER addition of original clause -32 -28 -43
c LOG 0 original clause -32 -28 -43
c LOG 0 new pointer 0x6000017189f0 irredundant size 3 clause[61] -32 -28 -43
c LOG 0 marking added irredundant size 3 clause[61] -32 -28 -43
c LOG 0 marking -28 as factor literal candidate
c LOG 0 watch -32 blit -28 in irredundant size 3 clause[60] -32 -28 -43
c LOG 0 watch -28 blit -32 in irredundant size 3 clause[60] -32 -28 -43
c LOG 0 API call 'add (0)' succeeded
c ----------------------------------------------------------------------------
c LOG 0 API call 'add (-25)' started
c LOG 0 adding external -25 as internal -25
c LOG 0 API enters state ADDING
c LOG 0 API call 'add (-25)' succeeded
c ----------------------------------------------------------------------------
c LOG 0 API call 'add (22)' started
c LOG 0 API enters state STEADY
c LOG 0 adding external 22 as internal 22
c LOG 0 API enters state ADDING
c LOG 0 API call 'add (22)' succeeded
c ----------------------------------------------------------------------------
c LOG 0 API call 'add (31)' started
c LOG 0 API enters state STEADY
c LOG 0 adding external 31 as internal 31
c LOG 0 API enters state ADDING
c LOG 0 API call 'add (31)' succeeded
c ----------------------------------------------------------------------------
c LOG 0 API call 'add (0)' started
c LOG 0 API enters state STEADY
c LOG 0 PROOF adding original external clause -25 22 31
c LOG 0 CHECKER addition of original clause -25 22 31
c LOG 0 original clause -25 22 31
c LOG 0 new pointer 0x6000017206c0 irredundant size 3 clause[62] -25 22 31
c LOG 0 marking added irredundant size 3 clause[62] -25 22 31
c LOG 0 marking 31 as factor literal candidate
c LOG 0 watch -25 blit 22 in irredundant size 3 clause[61] -25 22 31
c LOG 0 watch 22 blit -25 in irredundant size 3 clause[61] -25 22 31
c LOG 0 API call 'add (0)' succeeded
c ----------------------------------------------------------------------------
c LOG 0 API call 'add (-33)' started
c LOG 0 adding external -33 as internal -33
c LOG 0 API enters state ADDING
c LOG 0 API call 'add (-33)' succeeded
c ----------------------------------------------------------------------------
c LOG 0 API call 'add (3)' started
c LOG 0 API enters state STEADY
c LOG 0 adding external 3 as internal 3
c LOG 0 API enters state ADDING
c LOG 0 API call 'add (3)' succeeded
c ----------------------------------------------------------------------------
c LOG 0 API call 'add (6)' started
c LOG 0 API enters state STEADY
c LOG 0 adding external 6 as internal 6
c LOG 0 API enters state ADDING
c LOG 0 API call 'add (6)' succeeded
c ----------------------------------------------------------------------------
c LOG 0 API call 'add (0)' started
c LOG 0 API enters state STEADY
c LOG 0 PROOF adding original external clause -33 3 6
c LOG 0 CHECKER addition of original clause -33 3 6
c LOG 0 original clause -33 3 6
c LOG 0 new pointer 0x600001720720 irredundant size 3 clause[63] -33 3 6
c LOG 0 marking added irredundant size 3 clause[63] -33 3 6
c LOG 0 watch -33 blit 3 in irredundant size 3 clause[62] -33 3 6
c LOG 0 watch 3 blit -33 in irredundant size 3 clause[62] -33 3 6
c LOG 0 API call 'add (0)' succeeded
c ----------------------------------------------------------------------------
c LOG 0 API call 'vars ()' started
c LOG 0 API call 'vars ()' returns '50'
c ----------------------------------------------------------------------------
c LOG 0 API call 'add (33)' started
c LOG 0 adding external 33 as internal 33
c LOG 0 API enters state ADDING
c LOG 0 API call 'add (33)' succeeded
c ----------------------------------------------------------------------------
c LOG 0 API call 'add (21)' started
c LOG 0 API enters state STEADY
c LOG 0 adding external 21 as internal 21
c LOG 0 API enters state ADDING
c LOG 0 API call 'add (21)' succeeded
c ----------------------------------------------------------------------------
c LOG 0 API call 'add (-47)' started
c LOG 0 API enters state STEADY
c LOG 0 adding external -47 as internal -47
c LOG 0 API enters state ADDING
c LOG 0 API call 'add (-47)' succeeded
c ----------------------------------------------------------------------------
c LOG 0 API call 'add (0)' started
c LOG 0 API enters state STEADY
c LOG 0 PROOF adding original external clause 33 21 -47
c LOG 0 CHECKER addition of original clause 33 21 -47
c LOG 0 original clause 33 21 -47
c LOG 0 new pointer 0x600001718a50 irredundant size 3 clause[64] 33 21 -47
c LOG 0 marking added irredundant size 3 clause[64] 33 21 -47
c LOG 0 watch 33 blit 21 in irredundant size 3 clause[63] 33 21 -47
c LOG 0 watch 21 blit 33 in irredundant size 3 clause[63] 33 21 -47
c LOG 0 API call 'add (0)' succeeded
c ----------------------------------------------------------------------------
c LOG 0 API call 'add (26)' started
c LOG 0 adding external 26 as internal 26
c LOG 0 API enters state ADDING
c LOG 0 API call 'add (26)' succeeded
c ----------------------------------------------------------------------------
c LOG 0 API call 'add (-42)' started
c LOG 0 API enters state STEADY
c LOG 0 adding external -42 as internal -42
c LOG 0 API enters state ADDING
c LOG 0 API call 'add (-42)' succeeded
c ----------------------------------------------------------------------------
c LOG 0 API call 'add (-31)' started
c LOG 0 API enters state STEADY
c LOG 0 adding external -31 as internal -31
c LOG 0 API enters state ADDING
c LOG 0 API call 'add (-31)' succeeded
c ----------------------------------------------------------------------------
c LOG 0 API call 'add (0)' started
c LOG 0 API enters state STEADY
c LOG 0 PROOF adding original external clause 26 -42 -31
c LOG 0 CHECKER addition of original clause 26 -42 -31
c LOG 0 original clause 26 -42 -31
c LOG 0 new pointer 0x60000172c3f0 irredundant size 3 clause[65] 26 -42 -31
c LOG 0 marking added irredundant size 3 clause[65] 26 -42 -31
c LOG 0 watch 26 blit -42 in irredundant size 3 clause[64] 26 -42 -31
c LOG 0 watch -42 blit 26 in irredundant size 3 clause[64] 26 -42 -31
c LOG 0 API call 'add (0)' succeeded
c ----------------------------------------------------------------------------
c LOG 0 API call 'add (23)' started
c LOG 0 adding external 23 as internal 23
c LOG 0 API enters state ADDING
c LOG 0 API call 'add (23)' succeeded
c ----------------------------------------------------------------------------
c LOG 0 API call 'add (34)' started
c LOG 0 API enters state STEADY
c LOG 0 adding external 34 as internal 34
c LOG 0 API enters state ADDING
c LOG 0 API call 'add (34)' succeeded
c ----------------------------------------------------------------------------
c LOG 0 API call 'add (16)' started
c LOG 0 API enters state STEADY
c LOG 0 adding external 16 as internal 16
c LOG 0 API enters state ADDING
c LOG 0 API call 'add (16)' succeeded
c ----------------------------------------------------------------------------
c LOG 0 API call 'add (0)' started
c LOG 0 API enters state STEADY
c LOG 0 PROOF adding original external clause 23 34 16
c LOG 0 CHECKER addition of original clause 23 34 16
c LOG 0 CHECKER enlarging clauses of checker from 64 to 128
c LOG 0 original clause 23 34 16
c LOG 0 new pointer 0x600001720780 irredundant size 3 clause[66] 23 34 16
c LOG 0 marking added irredundant size 3 clause[66] 23 34 16
c LOG 0 marking 16 as factor literal candidate
c LOG 0 watch 23 blit 34 in irredundant size 3 clause[65] 23 34 16
c LOG 0 watch 34 blit 23 in irredundant size 3 clause[65] 23 34 16
c LOG 0 API call 'add (0)' succeeded
c ----------------------------------------------------------------------------
c LOG 0 API call 'add (8)' started
c LOG 0 adding external 8 as internal 8
c LOG 0 API enters state ADDING
c LOG 0 API call 'add (8)' succeeded
c ----------------------------------------------------------------------------
c LOG 0 API call 'add (-16)' started
c LOG 0 API enters state STEADY
c LOG 0 adding external -16 as internal -16
c LOG 0 API enters state ADDING
c LOG 0 API call 'add (-16)' succeeded
c ----------------------------------------------------------------------------
c LOG 0 API call 'declare_var ()' started
c LOG 0 API enters state STEADY
c LOG 0 51 external variables from 50
c LOG 0 initialized 1 external variables
c LOG 0 new mapping external 51 to internal 51
c LOG 0 declaring 51
c LOG 0 declaring new 51 (max_var: 51, unused: 0, active: 36)
c LOG 0 API call 'declare_var ()' succeeded
c ----------------------------------------------------------------------------
c LOG 0 API call 'add (51)' started
c LOG 0 adding external 51 as internal 51
c LOG 0 API enters state ADDING
c LOG 0 API call 'add (51)' succeeded
c ----------------------------------------------------------------------------
c LOG 0 API call 'add (0)' started
c LOG 0 API enters state STEADY
c LOG 0 PROOF adding original external clause 8 -16 51
c LOG 0 CHECKER addition of original clause 8 -16 51
c LOG 0 original clause 8 -16 51
c LOG 0 new pointer 0x6000017207e0 irredundant size 3 clause[67] 8 -16 51
c LOG 0 marking added irredundant size 3 clause[67] 8 -16 51
c LOG 0 marking 51 as factor literal candidate
c LOG 0 watch 8 blit -16 in irredundant size 3 clause[66] 8 -16 51
c LOG 0 watch -16 blit 8 in irredundant size 3 clause[66] 8 -16 51
c LOG 0 API call 'add (0)' succeeded
c ----------------------------------------------------------------------------
c LOG 0 API call 'vars ()' started
c LOG 0 API call 'vars ()' returns '51'
c ----------------------------------------------------------------------------
c LOG 0 API call 'declare_vars (17)' started
c LOG 0 reserving 77 new internal variables, reserved so far: 51
c LOG 0 API call 'declare_vars (17)' succeeded
c ----------------------------------------------------------------------------
c LOG 0 API call 'add (-36)' started
c LOG 0 adding external -36 as internal -36
c LOG 0 API enters state ADDING
c LOG 0 API call 'add (-36)' succeeded
c ----------------------------------------------------------------------------
c LOG 0 API call 'add (38)' started
c LOG 0 API enters state STEADY
c LOG 0 adding external 38 as internal 38
c LOG 0 API enters state ADDING
c LOG 0 API call 'add (38)' succeeded
c ----------------------------------------------------------------------------
c LOG 0 API call 'add (-26)' started
c LOG 0 API enters state STEADY
c LOG 0 adding external -26 as internal -26
c LOG 0 API enters state ADDING
c LOG 0 API call 'add (-26)' succeeded
c ----------------------------------------------------------------------------
c LOG 0 API call 'add (0)' started
c LOG 0 API enters state STEADY
c LOG 0 PROOF adding original external clause -36 38 -26
c LOG 0 CHECKER addition of original clause -36 38 -26
c LOG 0 original clause -36 38 -26
c LOG 0 new pointer 0x600001718ab0 irredundant size 3 clause[68] -36 38 -26
c LOG 0 marking added irredundant size 3 clause[68] -36 38 -26
c LOG 0 watch -36 blit 38 in irredundant size 3 clause[67] -36 38 -26
c LOG 0 watch 38 blit -36 in irredundant size 3 clause[67] -36 38 -26
c LOG 0 API call 'add (0)' succeeded
c ----------------------------------------------------------------------------
c LOG 0 API call 'resize (30)' started
c LOG 0 do nothing
c LOG 0 API call 'resize (30)' succeeded
c ----------------------------------------------------------------------------
c LOG 0 API call 'add (35)' started
c LOG 0 adding external 35 as internal 35
c LOG 0 API enters state ADDING
c LOG 0 API call 'add (35)' succeeded
c ----------------------------------------------------------------------------
c LOG 0 API call 'add (-39)' started
c LOG 0 API enters state STEADY
c LOG 0 adding external -39 as internal -39
c LOG 0 API enters state ADDING
c LOG 0 API call 'add (-39)' succeeded
c ----------------------------------------------------------------------------
c LOG 0 API call 'add (-27)' started
c LOG 0 API enters state STEADY
c LOG 0 adding external -27 as internal -27
c LOG 0 API enters state ADDING
c LOG 0 API call 'add (-27)' succeeded
c ----------------------------------------------------------------------------
c LOG 0 API call 'add (0)' started
c LOG 0 API enters state STEADY
c LOG 0 PROOF adding original external clause 35 -39 -27
c LOG 0 CHECKER addition of original clause 35 -39 -27
c LOG 0 original clause 35 -39 -27
c LOG 0 new pointer 0x60000172c450 irredundant size 3 clause[69] 35 -39 -27
c LOG 0 marking added irredundant size 3 clause[69] 35 -39 -27
c LOG 0 watch 35 blit -39 in irredundant size 3 clause[68] 35 -39 -27
c LOG 0 watch -39 blit 35 in irredundant size 3 clause[68] 35 -39 -27
c LOG 0 API call 'add (0)' succeeded
c ----------------------------------------------------------------------------
c LOG 0 API call 'add (-29)' started
c LOG 0 adding external -29 as internal -29
c LOG 0 API enters state ADDING
c LOG 0 API call 'add (-29)' succeeded
c ----------------------------------------------------------------------------
c LOG 0 API call 'add (25)' started
c LOG 0 API enters state STEADY
c LOG 0 adding external 25 as internal 25
c LOG 0 API enters state ADDING
c LOG 0 API call 'add (25)' succeeded
c ----------------------------------------------------------------------------
c LOG 0 API call 'add (17)' started
c LOG 0 API enters state STEADY
c LOG 0 adding external 17 as internal 17
c LOG 0 API enters state ADDING
c LOG 0 API call 'add (17)' succeeded
c ----------------------------------------------------------------------------
c LOG 0 API call 'add (-40)' started
c LOG 0 API enters state STEADY
c LOG 0 adding external -40 as internal -40
c LOG 0 API enters state ADDING
c LOG 0 API call 'add (-40)' succeeded
c ----------------------------------------------------------------------------
c LOG 0 API call 'add (-23)' started
c LOG 0 API enters state STEADY
c LOG 0 adding external -23 as internal -23
c LOG 0 API enters state ADDING
c LOG 0 API call 'add (-23)' succeeded
c ----------------------------------------------------------------------------
c LOG 0 API call 'add (-24)' started
c LOG 0 API enters state STEADY
c LOG 0 adding external -24 as internal -24
c LOG 0 API enters state ADDING
c LOG 0 API call 'add (-24)' succeeded
c ----------------------------------------------------------------------------
c LOG 0 API call 'add (-13)' started
c LOG 0 API enters state STEADY
c LOG 0 adding external -13 as internal -13
c LOG 0 API enters state ADDING
c LOG 0 API call 'add (-13)' succeeded
c ----------------------------------------------------------------------------
c LOG 0 API call 'add (-26)' started
c LOG 0 API enters state STEADY
c LOG 0 adding external -26 as internal -26
c LOG 0 API enters state ADDING
c LOG 0 API call 'add (-26)' succeeded
c ----------------------------------------------------------------------------
c LOG 0 API call 'add (39)' started
c LOG 0 API enters state STEADY
c LOG 0 adding external 39 as internal 39
c LOG 0 API enters state ADDING
c LOG 0 API call 'add (39)' succeeded
c ----------------------------------------------------------------------------
c LOG 0 API call 'add (37)' started
c LOG 0 API enters state STEADY
c LOG 0 adding external 37 as internal 37
c LOG 0 API enters state ADDING
c LOG 0 API call 'add (37)' succeeded
c ----------------------------------------------------------------------------
c LOG 0 API call 'add (34)' started
c LOG 0 API enters state STEADY
c LOG 0 adding external 34 as internal 34
c LOG 0 API enters state ADDING
c LOG 0 API call 'add (34)' succeeded
c ----------------------------------------------------------------------------
c LOG 0 API call 'add (30)' started
c LOG 0 API enters state STEADY
c LOG 0 adding external 30 as internal 30
c LOG 0 API enters state ADDING
c LOG 0 API call 'add (30)' succeeded
c ----------------------------------------------------------------------------
c LOG 0 API call 'add (-32)' started
c LOG 0 API enters state STEADY
c LOG 0 adding external -32 as internal -32
c LOG 0 API enters state ADDING
c LOG 0 API call 'add (-32)' succeeded
c ----------------------------------------------------------------------------
c LOG 0 API call 'add (48)' started
c LOG 0 API enters state STEADY
c LOG 0 adding external 48 as internal 48
c LOG 0 API enters state ADDING
c LOG 0 API call 'add (48)' succeeded
c ----------------------------------------------------------------------------
c LOG 0 API call 'add (8)' started
c LOG 0 API enters state STEADY
c LOG 0 adding external 8 as internal 8
c LOG 0 API enters state ADDING
c LOG 0 API call 'add (8)' succeeded
c ----------------------------------------------------------------------------
c LOG 0 API call 'add (-42)' started
c LOG 0 API enters state STEADY
c LOG 0 adding external -42 as internal -42
c LOG 0 API enters state ADDING
c LOG 0 API call 'add (-42)' succeeded
c ----------------------------------------------------------------------------
c LOG 0 API call 'add (-10)' started
c LOG 0 API enters state STEADY
c LOG 0 adding external -10 as internal -10
c LOG 0 API enters state ADDING
c LOG 0 API call 'add (-10)' succeeded
c ----------------------------------------------------------------------------
c LOG 0 API call 'add (-19)' started
c LOG 0 API enters state STEADY
c LOG 0 adding external -19 as internal -19
c LOG 0 API enters state ADDING
c LOG 0 API call 'add (-19)' succeeded
c ----------------------------------------------------------------------------
c LOG 0 API call 'add (-16)' started
c LOG 0 API enters state STEADY
c LOG 0 adding external -16 as internal -16
c LOG 0 API enters state ADDING
c LOG 0 API call 'add (-16)' succeeded
c ----------------------------------------------------------------------------
c LOG 0 API call 'add (-22)' started
c LOG 0 API enters state STEADY
c LOG 0 adding external -22 as internal -22
c LOG 0 API enters state ADDING
c LOG 0 API call 'add (-22)' succeeded
c ----------------------------------------------------------------------------
c LOG 0 API call 'add (0)' started
c LOG 0 API enters state STEADY
c LOG 0 PROOF adding original external clause -29 25 17 -40 -23 -24 -13 -26 39 37 34 30 -32 48 8 -42 -10 -19 -16 -22
c LOG 0 CHECKER addition of original clause -29 25 17 -40 -23 -24 -13 -26 39 37 34 30 -32 48 8 -42 -10 -19 -16 -22
c LOG 0 original clause -29 25 17 -40 -23 -24 -13 -26 39 37 34 30 -32 48 8 -42 -10 -19 -16 -22
c LOG 0 new pointer 0x600003204150 irredundant size 20 clause[70] -29 25 17 -40 -23 -24 -13 -26 39 37 34 30 -32 48 8 -42 -10 -19 -16 -22
c LOG 0 marking added irredundant size 20 clause[70] -29 25 17 -40 -23 -24 -13 -26 39 37 34 30 -32 48 8 -42 -10 -19 -16 -22
c LOG 0 marking 39 as factor literal candidate
c LOG 0 marking 48 as factor literal candidate
c LOG 0 marking -22 as factor literal candidate
c LOG 0 watch -29 blit 25 in irredundant size 20 clause[69] -29 25 17 -40 -23 -24 -13 -26 39 37 34 30 -32 48 8 -42 -10 -19 -16 -22
c LOG 0 watch 25 blit -29 in irredundant size 20 clause[69] -29 25 17 -40 -23 -24 -13 -26 39 37 34 30 -32 48 8 -42 -10 -19 -16 -22
c LOG 0 API call 'add (0)' succeeded
c ----------------------------------------------------------------------------
c LOG 0 API call 'add (44)' started
c LOG 0 adding external 44 as internal 44
c LOG 0 API enters state ADDING
c LOG 0 API call 'add (44)' succeeded
c ----------------------------------------------------------------------------
c LOG 0 API call 'add (-20)' started
c LOG 0 API enters state STEADY
c LOG 0 adding external -20 as internal -20
c LOG 0 API enters state ADDING
c LOG 0 API call 'add (-20)' succeeded
c ----------------------------------------------------------------------------
c LOG 0 API call 'add (48)' started
c LOG 0 API enters state STEADY
c LOG 0 adding external 48 as internal 48
c LOG 0 API enters state ADDING
c LOG 0 API call 'add (48)' succeeded
c ----------------------------------------------------------------------------
c LOG 0 API call 'add (0)' started
c LOG 0 API enters state STEADY
c LOG 0 PROOF adding original external clause 44 -20 48
c LOG 0 CHECKER addition of original clause 44 -20 48
c LOG 0 original clause 44 -20 48
c LOG 0 new pointer 0x600001720840 irredundant size 3 clause[71] 44 -20 48
c LOG 0 marking added irredundant size 3 clause[71] 44 -20 48
c LOG 0 marking 44 as factor literal candidate
c LOG 0 watch 44 blit -20 in irredundant size 3 clause[70] 44 -20 48
c LOG 0 watch -20 blit 44 in irredundant size 3 clause[70] 44 -20 48
c LOG 0 API call 'add (0)' succeeded
c ----------------------------------------------------------------------------
c LOG 0 API call 'add (-24)' started
c LOG 0 adding external -24 as internal -24
c LOG 0 API enters state ADDING
c LOG 0 API call 'add (-24)' succeeded
c ----------------------------------------------------------------------------
c LOG 0 API call 'add (45)' started
c LOG 0 API enters state STEADY
c LOG 0 adding external 45 as internal 45
c LOG 0 API enters state ADDING
c LOG 0 API call 'add (45)' succeeded
c ----------------------------------------------------------------------------
c LOG 0 API call 'add (-7)' started
c LOG 0 API enters state STEADY
c LOG 0 adding external -7 as internal -7
c LOG 0 API enters state ADDING
c LOG 0 API call 'add (-7)' succeeded
c ----------------------------------------------------------------------------
c LOG 0 API call 'add (0)' started
c LOG 0 API enters state STEADY
c LOG 0 PROOF adding original external clause -24 45 -7
c LOG 0 CHECKER addition of original clause -24 45 -7
c LOG 0 original clause -24 45 -7
c LOG 0 new pointer 0x600001718b10 irredundant size 3 clause[72] -24 45 -7
c LOG 0 marking added irredundant size 3 clause[72] -24 45 -7
c LOG 0 marking 45 as factor literal candidate
c LOG 0 watch -24 blit 45 in irredundant size 3 clause[71] -24 45 -7
c LOG 0 watch 45 blit -24 in irredundant size 3 clause[71] -24 45 -7
c LOG 0 API call 'add (0)' succeeded
c ----------------------------------------------------------------------------
c LOG 0 API call 'add (3)' started
c LOG 0 adding external 3 as internal 3
c LOG 0 API enters state ADDING
c LOG 0 API call 'add (3)' succeeded
c ----------------------------------------------------------------------------
c LOG 0 API call 'add (-14)' started
c LOG 0 API enters state STEADY
c LOG 0 adding external -14 as internal -14
c LOG 0 API enters state ADDING
c LOG 0 API call 'add (-14)' succeeded
c ----------------------------------------------------------------------------
c LOG 0 API call 'add (43)' started
c LOG 0 API enters state STEADY
c LOG 0 adding external 43 as internal 43
c LOG 0 API enters state ADDING
c LOG 0 API call 'add (43)' succeeded
c ----------------------------------------------------------------------------
c LOG 0 API call 'add (0)' started
c LOG 0 API enters state STEADY
c LOG 0 PROOF adding original external clause 3 -14 43
c LOG 0 CHECKER addition of original clause 3 -14 43
c LOG 0 original clause 3 -14 43
c LOG 0 new pointer 0x600001718b70 irredundant size 3 clause[73] 3 -14 43
c LOG 0 marking added irredundant size 3 clause[73] 3 -14 43
c LOG 0 watch 3 blit -14 in irredundant size 3 clause[72] 3 -14 43
c LOG 0 watch -14 blit 3 in irredundant size 3 clause[72] 3 -14 43
c LOG 0 API call 'add (0)' succeeded
c ----------------------------------------------------------------------------
c LOG 0 API call 'add (-23)' started
c LOG 0 adding external -23 as internal -23
c LOG 0 API enters state ADDING
c LOG 0 API call 'add (-23)' succeeded
c ----------------------------------------------------------------------------
c LOG 0 API call 'add (-31)' started
c LOG 0 API enters state STEADY
c LOG 0 adding external -31 as internal -31
c LOG 0 API enters state ADDING
c LOG 0 API call 'add (-31)' succeeded
c ----------------------------------------------------------------------------
c LOG 0 API call 'add (-50)' started
c LOG 0 API enters state STEADY
c LOG 0 adding external -50 as internal -50
c LOG 0 API enters state ADDING
c LOG 0 API call 'add (-50)' succeeded
c ----------------------------------------------------------------------------
c LOG 0 API call 'add (0)' started
c LOG 0 API enters state STEADY
c LOG 0 PROOF adding original external clause -23 -31 -50
c LOG 0 CHECKER addition of original clause -23 -31 -50
c LOG 0 original clause -23 -31 -50
c LOG 0 new pointer 0x600001718bd0 irredundant size 3 clause[74] -23 -31 -50
c LOG 0 marking added irredundant size 3 clause[74] -23 -31 -50
c LOG 0 watch -23 blit -31 in irredundant size 3 clause[73] -23 -31 -50
c LOG 0 watch -31 blit -23 in irredundant size 3 clause[73] -23 -31 -50
c LOG 0 API call 'add (0)' succeeded
c ----------------------------------------------------------------------------
c LOG 0 API call 'add (-41)' started
c LOG 0 adding external -41 as internal -41
c LOG 0 API enters state ADDING
c LOG 0 API call 'add (-41)' succeeded
c ----------------------------------------------------------------------------
c LOG 0 API call 'add (5)' started
c LOG 0 API enters state STEADY
c LOG 0 adding external 5 as internal 5
c LOG 0 API enters state ADDING
c LOG 0 API call 'add (5)' succeeded
c ----------------------------------------------------------------------------
c LOG 0 API call 'add (14)' started
c LOG 0 API enters state STEADY
c LOG 0 adding external 14 as internal 14
c LOG 0 API enters state ADDING
c LOG 0 API call 'add (14)' succeeded
c ----------------------------------------------------------------------------
c LOG 0 API call 'add (2)' started
c LOG 0 API enters state STEADY
c LOG 0 adding external 2 as internal 2
c LOG 0 API enters state ADDING
c LOG 0 API call 'add (2)' succeeded
c ----------------------------------------------------------------------------
c LOG 0 API call 'add (0)' started
c LOG 0 API enters state STEADY
c LOG 0 PROOF adding original external clause -41 5 14 2
c LOG 0 CHECKER addition of original clause -41 5 14 2
c LOG 0 original clause -41 5 14 2
c LOG 0 new pointer 0x600001718c30 irredundant size 4 clause[75] -41 5 14 2
c LOG 0 marking added irredundant size 4 clause[75] -41 5 14 2
c LOG 0 watch -41 blit 5 in irredundant size 4 clause[74] -41 5 14 2
c LOG 0 watch 5 blit -41 in irredundant size 4 clause[74] -41 5 14 2
c LOG 0 API call 'add (0)' succeeded
c ----------------------------------------------------------------------------
c LOG 0 API call 'add (-41)' started
c LOG 0 adding external -41 as internal -41
c LOG 0 API enters state ADDING
c LOG 0 API call 'add (-41)' succeeded
c ----------------------------------------------------------------------------
c LOG 0 API call 'add (47)' started
c LOG 0 API enters state STEADY
c LOG 0 adding external 47 as internal 47
c LOG 0 API enters state ADDING
c LOG 0 API call 'add (47)' succeeded
c ----------------------------------------------------------------------------
c LOG 0 API call 'add (16)' started
c LOG 0 API enters state STEADY
c LOG 0 adding external 16 as internal 16
c LOG 0 API enters state ADDING
c LOG 0 API call 'add (16)' succeeded
c ----------------------------------------------------------------------------
c LOG 0 API call 'add (0)' started
c LOG 0 API enters state STEADY
c LOG 0 PROOF adding original external clause -41 47 16
c LOG 0 CHECKER addition of original clause -41 47 16
c LOG 0 original clause -41 47 16
c LOG 0 new pointer 0x600001724480 irredundant size 3 clause[76] -41 47 16
c LOG 0 marking added irredundant size 3 clause[76] -41 47 16
c LOG 0 marking 47 as factor literal candidate
c LOG 0 watch -41 blit 47 in irredundant size 3 clause[75] -41 47 16
c LOG 0 watch 47 blit -41 in irredundant size 3 clause[75] -41 47 16
c LOG 0 API call 'add (0)' succeeded
c ----------------------------------------------------------------------------
c LOG 0 API call 'add (48)' started
c LOG 0 adding external 48 as internal 48
c LOG 0 API enters state ADDING
c LOG 0 API call 'add (48)' succeeded
c ----------------------------------------------------------------------------
c LOG 0 API call 'add (45)' started
c LOG 0 API enters state STEADY
c LOG 0 adding external 45 as internal 45
c LOG 0 API enters state ADDING
c LOG 0 API call 'add (45)' succeeded
c ----------------------------------------------------------------------------
c LOG 0 API call 'add (3)' started
c LOG 0 API enters state STEADY
c LOG 0 adding external 3 as internal 3
c LOG 0 API enters state ADDING
c LOG 0 API call 'add (3)' succeeded
c ----------------------------------------------------------------------------
c LOG 0 API call 'add (0)' started
c LOG 0 API enters state STEADY
c LOG 0 PROOF adding original external clause 48 45 3
c LOG 0 CHECKER addition of original clause 48 45 3
c LOG 0 original clause 48 45 3
c LOG 0 new pointer 0x60000172c4b0 irredundant size 3 clause[77] 48 45 3
c LOG 0 marking added irredundant size 3 clause[77] 48 45 3
c LOG 0 watch 48 blit 45 in irredundant size 3 clause[76] 48 45 3
c LOG 0 watch 45 blit 48 in irredundant size 3 clause[76] 48 45 3
c LOG 0 API call 'add (0)' succeeded
c ----------------------------------------------------------------------------
c LOG 0 API call 'add (28)' started
c LOG 0 adding external 28 as internal 28
c LOG 0 API enters state ADDING
c LOG 0 API call 'add (28)' succeeded
c ----------------------------------------------------------------------------
c LOG 0 API call 'add (-8)' started
c LOG 0 API enters state STEADY
c LOG 0 adding external -8 as internal -8
c LOG 0 API enters state ADDING
c LOG 0 API call 'add (-8)' succeeded
c ----------------------------------------------------------------------------
c LOG 0 API call 'add (7)' started
c LOG 0 API enters state STEADY
c LOG 0 adding external 7 as internal 7
c LOG 0 API enters state ADDING
c LOG 0 API call 'add (7)' succeeded
c ----------------------------------------------------------------------------
c LOG 0 API call 'add (0)' started
c LOG 0 API enters state STEADY
c LOG 0 PROOF adding original external clause 28 -8 7
c LOG 0 CHECKER addition of original clause 28 -8 7
c LOG 0 original clause 28 -8 7
c LOG 0 new pointer 0x6000017244e0 irredundant size 3 clause[78] 28 -8 7
c LOG 0 marking added irredundant size 3 clause[78] 28 -8 7
c LOG 0 watch 28 blit -8 in irredundant size 3 clause[77] 28 -8 7
c LOG 0 watch -8 blit 28 in irredundant size 3 clause[77] 28 -8 7
c LOG 0 API call 'add (0)' succeeded
c ----------------------------------------------------------------------------
c LOG 0 API call 'add (23)' started
c LOG 0 adding external 23 as internal 23
c LOG 0 API enters state ADDING
c LOG 0 API call 'add (23)' succeeded
c ----------------------------------------------------------------------------
c LOG 0 API call 'add (-1)' started
c LOG 0 API enters state STEADY
c LOG 0 adding external -1 as internal -1
c LOG 0 API enters state ADDING
c LOG 0 API call 'add (-1)' succeeded
c ----------------------------------------------------------------------------
c LOG 0 API call 'add (35)' started
c LOG 0 API enters state STEADY
c LOG 0 adding external 35 as internal 35
c LOG 0 API enters state ADDING
c LOG 0 API call 'add (35)' succeeded
c ----------------------------------------------------------------------------
c LOG 0 API call 'add (0)' started
c LOG 0 API enters state STEADY
c LOG 0 PROOF adding original external clause 23 -1 35
c LOG 0 CHECKER addition of original clause 23 -1 35
c LOG 0 original clause 23 -1 35
c LOG 0 new pointer 0x600001724540 irredundant size 3 clause[79] 23 -1 35
c LOG 0 marking added irredundant size 3 clause[79] 23 -1 35
c LOG 0 watch 23 blit -1 in irredundant size 3 clause[78] 23 -1 35
c LOG 0 watch -1 blit 23 in irredundant size 3 clause[78] 23 -1 35
c LOG 0 API call 'add (0)' succeeded
c ----------------------------------------------------------------------------
c LOG 0 API call 'add (-11)' started
c LOG 0 adding external -11 as internal -11
c LOG 0 API enters state ADDING
c LOG 0 API call 'add (-11)' succeeded
c ----------------------------------------------------------------------------
c LOG 0 API call 'add (12)' started
c LOG 0 API enters state STEADY
c LOG 0 adding external 12 as internal 12
c LOG 0 API enters state ADDING
c LOG 0 API call 'add (12)' succeeded
c ----------------------------------------------------------------------------
c LOG 0 API call 'add (40)' started
c LOG 0 API enters state STEADY
c LOG 0 adding external 40 as internal 40
c LOG 0 API enters state ADDING
c LOG 0 API call 'add (40)' succeeded
c ----------------------------------------------------------------------------
c LOG 0 API call 'add (0)' started
c LOG 0 API enters state STEADY
c LOG 0 PROOF adding original external clause -11 12 40
c LOG 0 CHECKER addition of original clause -11 12 40
c LOG 0 original clause -11 12 40
c LOG 0 new pointer 0x6000017245a0 irredundant size 3 clause[80] -11 12 40
c LOG 0 marking added irredundant size 3 clause[80] -11 12 40
c LOG 0 watch -11 blit 12 in irredundant size 3 clause[79] -11 12 40
c LOG 0 watch 12 blit -11 in irredundant size 3 clause[79] -11 12 40
c LOG 0 API call 'add (0)' succeeded
c ----------------------------------------------------------------------------
c LOG 0 API call 'add (-8)' started
c LOG 0 adding external -8 as internal -8
c LOG 0 API enters state ADDING
c LOG 0 API call 'add (-8)' succeeded
c ----------------------------------------------------------------------------
c LOG 0 API call 'add (50)' started
c LOG 0 API enters state STEADY
c LOG 0 adding external 50 as internal 50
c LOG 0 API enters state ADDING
c LOG 0 API call 'add (50)' succeeded
c ----------------------------------------------------------------------------
c LOG 0 API call 'add (45)' started
c LOG 0 API enters state STEADY
c LOG 0 adding external 45 as internal 45
c LOG 0 API enters state ADDING
c LOG 0 API call 'add (45)' succeeded
c ----------------------------------------------------------------------------
c LOG 0 API call 'add (0)' started
c LOG 0 API enters state STEADY
c LOG 0 PROOF adding original external clause -8 50 45
c LOG 0 CHECKER addition of original clause -8 50 45
c LOG 0 original clause -8 50 45
c LOG 0 new pointer 0x600001718c90 irredundant size 3 clause[81] -8 50 45
c LOG 0 marking added irredundant size 3 clause[81] -8 50 45
c LOG 0 marking 50 as factor literal candidate
c LOG 0 watch -8 blit 50 in irredundant size 3 clause[80] -8 50 45
c LOG 0 watch 50 blit -8 in irredundant size 3 clause[80] -8 50 45
c LOG 0 API call 'add (0)' succeeded
c ----------------------------------------------------------------------------
c LOG 0 API call 'add (-33)' started
c LOG 0 adding external -33 as internal -33
c LOG 0 API enters state ADDING
c LOG 0 API call 'add (-33)' succeeded
c ----------------------------------------------------------------------------
c LOG 0 API call 'add (-12)' started
c LOG 0 API enters state STEADY
c LOG 0 adding external -12 as internal -12
c LOG 0 API enters state ADDING
c LOG 0 API call 'add (-12)' succeeded
c ----------------------------------------------------------------------------
c LOG 0 API call 'add (-14)' started
c LOG 0 API enters state STEADY
c LOG 0 adding external -14 as internal -14
c LOG 0 API enters state ADDING
c LOG 0 API call 'add (-14)' succeeded
c ----------------------------------------------------------------------------
c LOG 0 API call 'add (0)' started
c LOG 0 API enters state STEADY
c LOG 0 PROOF adding original external clause -33 -12 -14
c LOG 0 CHECKER addition of original clause -33 -12 -14
c LOG 0 original clause -33 -12 -14
c LOG 0 new pointer 0x60000172c510 irredundant size 3 clause[82] -33 -12 -14
c LOG 0 marking added irredundant size 3 clause[82] -33 -12 -14
c LOG 0 watch -33 blit -12 in irredundant size 3 clause[81] -33 -12 -14
c LOG 0 watch -12 blit -33 in irredundant size 3 clause[81] -33 -12 -14
c LOG 0 API call 'add (0)' succeeded
c ----------------------------------------------------------------------------
c LOG 0 API call 'add (42)' started
c LOG 0 adding external 42 as internal 42
c LOG 0 API enters state ADDING
c LOG 0 API call 'add (42)' succeeded
c ----------------------------------------------------------------------------
c LOG 0 API call 'add (21)' started
c LOG 0 API enters state STEADY
c LOG 0 adding external 21 as internal 21
c LOG 0 API enters state ADDING
c LOG 0 API call 'add (21)' succeeded
c ----------------------------------------------------------------------------
c LOG 0 API call 'add (-19)' started
c LOG 0 API enters state STEADY
c LOG 0 adding external -19 as internal -19
c LOG 0 API enters state ADDING
c LOG 0 API call 'add (-19)' succeeded
c ----------------------------------------------------------------------------
c LOG 0 API call 'add (0)' started
c LOG 0 API enters state STEADY
c LOG 0 PROOF adding original external clause 42 21 -19
c LOG 0 CHECKER addition of original clause 42 21 -19
c LOG 0 original clause 42 21 -19
c LOG 0 new pointer 0x6000017208a0 irredundant size 3 clause[83] 42 21 -19
c LOG 0 marking added irredundant size 3 clause[83] 42 21 -19
c LOG 0 watch 42 blit 21 in irredundant size 3 clause[82] 42 21 -19
c LOG 0 watch 21 blit 42 in irredundant size 3 clause[82] 42 21 -19
c LOG 0 API call 'add (0)' succeeded
c ----------------------------------------------------------------------------
c LOG 0 API call 'vars ()' started
c LOG 0 API call 'vars ()' returns '68'
c ----------------------------------------------------------------------------
c LOG 0 API call 'add (10)' started
c LOG 0 adding external 10 as internal 10
c LOG 0 API enters state ADDING
c LOG 0 API call 'add (10)' succeeded
c ----------------------------------------------------------------------------
c LOG 0 API call 'add (31)' started
c LOG 0 API enters state STEADY
c LOG 0 adding external 31 as internal 31
c LOG 0 API enters state ADDING
c LOG 0 API call 'add (31)' succeeded
c ----------------------------------------------------------------------------
c LOG 0 API call 'add (-23)' started
c LOG 0 API enters state STEADY
c LOG 0 adding external -23 as internal -23
c LOG 0 API enters state ADDING
c LOG 0 API call 'add (-23)' succeeded
c ----------------------------------------------------------------------------
c LOG 0 API call 'add (0)' started
c LOG 0 API enters state STEADY
c LOG 0 PROOF adding original external clause 10 31 -23
c LOG 0 CHECKER addition of original clause 10 31 -23
c LOG 0 original clause 10 31 -23
c LOG 0 new pointer 0x600001718cf0 irredundant size 3 clause[84] 10 31 -23
c LOG 0 marking added irredundant size 3 clause[84] 10 31 -23
c LOG 0 marking 10 as factor literal candidate
c LOG 0 watch 10 blit 31 in irredundant size 3 clause[83] 10 31 -23
c LOG 0 watch 31 blit 10 in irredundant size 3 clause[83] 10 31 -23
c LOG 0 API call 'add (0)' succeeded
c ----------------------------------------------------------------------------
c LOG 0 API call 'add (6)' started
c LOG 0 adding external 6 as internal 6
c LOG 0 API enters state ADDING
c LOG 0 API call 'add (6)' succeeded
c ----------------------------------------------------------------------------
c LOG 0 API call 'add (-4)' started
c LOG 0 API enters state STEADY
c LOG 0 adding external -4 as internal -4
c LOG 0 API enters state ADDING
c LOG 0 API call 'add (-4)' succeeded
c ----------------------------------------------------------------------------
c LOG 0 API call 'add (-13)' started
c LOG 0 API enters state STEADY
c LOG 0 adding external -13 as internal -13
c LOG 0 API enters state ADDING
c LOG 0 API call 'add (-13)' succeeded
c ----------------------------------------------------------------------------
c LOG 0 API call 'add (0)' started
c LOG 0 API enters state STEADY
c LOG 0 PROOF adding original external clause 6 -4 -13
c LOG 0 CHECKER addition of original clause 6 -4 -13
c LOG 0 original clause 6 -4 -13
c LOG 0 new pointer 0x600001718d50 irredundant size 3 clause[85] 6 -4 -13
c LOG 0 marking added irredundant size 3 clause[85] 6 -4 -13
c LOG 0 watch 6 blit -4 in irredundant size 3 clause[84] 6 -4 -13
c LOG 0 watch -4 blit 6 in irredundant size 3 clause[84] 6 -4 -13
c LOG 0 API call 'add (0)' succeeded
c ----------------------------------------------------------------------------
c LOG 0 API call 'add (44)' started
c LOG 0 adding external 44 as internal 44
c LOG 0 API enters state ADDING
c LOG 0 API call 'add (44)' succeeded
c ----------------------------------------------------------------------------
c LOG 0 API call 'add (-11)' started
c LOG 0 API enters state STEADY
c LOG 0 adding external -11 as internal -11
c LOG 0 API enters state ADDING
c LOG 0 API call 'add (-11)' succeeded
c ----------------------------------------------------------------------------
c LOG 0 API call 'add (39)' started
c LOG 0 API enters state STEADY
c LOG 0 adding external 39 as internal 39
c LOG 0 API enters state ADDING
c LOG 0 API call 'add (39)' succeeded
c ----------------------------------------------------------------------------
c LOG 0 API call 'add (0)' started
c LOG 0 API enters state STEADY
c LOG 0 PROOF adding original external clause 44 -11 39
c LOG 0 CHECKER addition of original clause 44 -11 39
c LOG 0 original clause 44 -11 39
c LOG 0 new pointer 0x600001718db0 irredundant size 3 clause[86] 44 -11 39
c LOG 0 marking added irredundant size 3 clause[86] 44 -11 39
c LOG 0 watch 44 blit -11 in irredundant size 3 clause[85] 44 -11 39
c LOG 0 watch -11 blit 44 in irredundant size 3 clause[85] 44 -11 39
c LOG 0 API call 'add (0)' succeeded
c ----------------------------------------------------------------------------
c LOG 0 API call 'add (17)' started
c LOG 0 adding external 17 as internal 17
c LOG 0 API enters state ADDING
c LOG 0 API call 'add (17)' succeeded
c ----------------------------------------------------------------------------
c LOG 0 API call 'add (-7)' started
c LOG 0 API enters state STEADY
c LOG 0 adding external -7 as internal -7
c LOG 0 API enters state ADDING
c LOG 0 API call 'add (-7)' succeeded
c ----------------------------------------------------------------------------
c LOG 0 API call 'add (-32)' started
c LOG 0 API enters state STEADY
c LOG 0 adding external -32 as internal -32
c LOG 0 API enters state ADDING
c LOG 0 API call 'add (-32)' succeeded
c ----------------------------------------------------------------------------
c LOG 0 API call 'add (0)' started
c LOG 0 API enters state STEADY
c LOG 0 PROOF adding original external clause 17 -7 -32
c LOG 0 CHECKER addition of original clause 17 -7 -32
c LOG 0 original clause 17 -7 -32
c LOG 0 new pointer 0x60000172c570 irredundant size 3 clause[87] 17 -7 -32
c LOG 0 marking added irredundant size 3 clause[87] 17 -7 -32
c LOG 0 watch 17 blit -7 in irredundant size 3 clause[86] 17 -7 -32
c LOG 0 watch -7 blit 17 in irredundant size 3 clause[86] 17 -7 -32
c LOG 0 API call 'add (0)' succeeded
c ----------------------------------------------------------------------------
c LOG 0 API call 'redundant ()' started
c LOG 0 API call 'redundant ()' returns '0'
c ----------------------------------------------------------------------------
c LOG 0 API call 'add (-18)' started
c LOG 0 adding external -18 as internal -18
c LOG 0 API enters state ADDING
c LOG 0 API call 'add (-18)' succeeded
c ----------------------------------------------------------------------------
c LOG 0 API call 'add (13)' started
c LOG 0 API enters state STEADY
c LOG 0 adding external 13 as internal 13
c LOG 0 API enters state ADDING
c LOG 0 API call 'add (13)' succeeded
c ----------------------------------------------------------------------------
c LOG 0 API call 'add (25)' started
c LOG 0 API enters state STEADY
c LOG 0 adding external 25 as internal 25
c LOG 0 API enters state ADDING
c LOG 0 API call 'add (25)' succeeded
c ----------------------------------------------------------------------------
c LOG 0 API call 'add (0)' started
c LOG 0 API enters state STEADY
c LOG 0 PROOF adding original external clause -18 13 25
c LOG 0 CHECKER addition of original clause -18 13 25
c LOG 0 original clause -18 13 25
c LOG 0 new pointer 0x60000172c5d0 irredundant size 3 clause[88] -18 13 25
c LOG 0 marking added irredundant size 3 clause[88] -18 13 25
c LOG 0 watch -18 blit 13 in irredundant size 3 clause[87] -18 13 25
c LOG 0 watch 13 blit -18 in irredundant size 3 clause[87] -18 13 25
c LOG 0 API call 'add (0)' succeeded
c ----------------------------------------------------------------------------
c LOG 0 API call 'add (43)' started
c LOG 0 adding external 43 as internal 43
c LOG 0 API enters state ADDING
c LOG 0 API call 'add (43)' succeeded
c ----------------------------------------------------------------------------
c LOG 0 API call 'add (-24)' started
c LOG 0 API enters state STEADY
c LOG 0 adding external -24 as internal -24
c LOG 0 API enters state ADDING
c LOG 0 API call 'add (-24)' succeeded
c ----------------------------------------------------------------------------
c LOG 0 API call 'add (0)' started
c LOG 0 API enters state STEADY
c LOG 0 PROOF adding original external clause 43 -24
c LOG 0 CHECKER addition of original clause 43 -24
c LOG 0 original clause 43 -24
c LOG 0 new pointer 0x6000019081e0 irredundant size 2 clause[89] 43 -24
c LOG 0 marking added irredundant size 2 clause[89] 43 -24
c LOG 0 watch 43 blit -24 in irredundant size 2 clause[88] 43 -24
c LOG 0 watch -24 blit 43 in irredundant size 2 clause[88] 43 -24
c LOG 0 API call 'add (0)' succeeded
c ----------------------------------------------------------------------------
c LOG 0 API call 'add (44)' started
c LOG 0 adding external 44 as internal 44
c LOG 0 API enters state ADDING
c LOG 0 API call 'add (44)' succeeded
c ----------------------------------------------------------------------------
c LOG 0 API call 'add (-34)' started
c LOG 0 API enters state STEADY
c LOG 0 adding external -34 as internal -34
c LOG 0 API enters state ADDING
c LOG 0 API call 'add (-34)' succeeded
c ----------------------------------------------------------------------------
c LOG 0 API call 'add (42)' started
c LOG 0 API enters state STEADY
c LOG 0 adding external 42 as internal 42
c LOG 0 API enters state ADDING
c LOG 0 API call 'add (42)' succeeded
c ----------------------------------------------------------------------------
c LOG 0 API call 'add (0)' started
c LOG 0 API enters state STEADY
c LOG 0 PROOF adding original external clause 44 -34 42
c LOG 0 CHECKER addition of original clause 44 -34 42
c LOG 0 original clause 44 -34 42
c LOG 0 new pointer 0x600001720900 irredundant size 3 clause[90] 44 -34 42
c LOG 0 marking added irredundant size 3 clause[90] 44 -34 42
c LOG 0 watch 44 blit -34 in irredundant size 3 clause[89] 44 -34 42
c LOG 0 watch -34 blit 44 in irredundant size 3 clause[89] 44 -34 42
c LOG 0 API call 'add (0)' succeeded
c ----------------------------------------------------------------------------
c LOG 0 API call 'add (43)' started
c LOG 0 adding external 43 as internal 43
c LOG 0 API enters state ADDING
c LOG 0 API call 'add (43)' succeeded
c ----------------------------------------------------------------------------
c LOG 0 API call 'add (-19)' started
c LOG 0 API enters state STEADY
c LOG 0 adding external -19 as internal -19
c LOG 0 API enters state ADDING
c LOG 0 API call 'add (-19)' succeeded
c ----------------------------------------------------------------------------
c LOG 0 API call 'add (-31)' started
c LOG 0 API enters state STEADY
c LOG 0 adding external -31 as internal -31
c LOG 0 API enters state ADDING
c LOG 0 API call 'add (-31)' succeeded
c ----------------------------------------------------------------------------
c LOG 0 API call 'add (0)' started
c LOG 0 API enters state STEADY
c LOG 0 PROOF adding original external clause 43 -19 -31
c LOG 0 CHECKER addition of original clause 43 -19 -31
c LOG 0 original clause 43 -19 -31
c LOG 0 new pointer 0x600001720960 irredundant size 3 clause[91] 43 -19 -31
c LOG 0 marking added irredundant size 3 clause[91] 43 -19 -31
c LOG 0 watch 43 blit -19 in irredundant size 3 clause[90] 43 -19 -31
c LOG 0 watch -19 blit 43 in irredundant size 3 clause[90] 43 -19 -31
c LOG 0 API call 'add (0)' succeeded
c ----------------------------------------------------------------------------
c LOG 0 API call 'add (-6)' started
c LOG 0 adding external -6 as internal -6
c LOG 0 API enters state ADDING
c LOG 0 API call 'add (-6)' succeeded
c ----------------------------------------------------------------------------
c LOG 0 API call 'add (26)' started
c LOG 0 API enters state STEADY
c LOG 0 adding external 26 as internal 26
c LOG 0 API enters state ADDING
c LOG 0 API call 'add (26)' succeeded
c ----------------------------------------------------------------------------
c LOG 0 API call 'add (15)' started
c LOG 0 API enters state STEADY
c LOG 0 adding external 15 as internal 15
c LOG 0 API enters state ADDING
c LOG 0 API call 'add (15)' succeeded
c ----------------------------------------------------------------------------
c LOG 0 API call 'add (0)' started
c LOG 0 API enters state STEADY
c LOG 0 PROOF adding original external clause -6 26 15
c LOG 0 CHECKER addition of original clause -6 26 15
c LOG 0 original clause -6 26 15
c LOG 0 new pointer 0x600001718e10 irredundant size 3 clause[92] -6 26 15
c LOG 0 marking added irredundant size 3 clause[92] -6 26 15
c LOG 0 watch -6 blit 26 in irredundant size 3 clause[91] -6 26 15
c LOG 0 watch 26 blit -6 in irredundant size 3 clause[91] -6 26 15
c LOG 0 API call 'add (0)' succeeded
c ----------------------------------------------------------------------------
c LOG 0 API call 'add (34)' started
c LOG 0 adding external 34 as internal 34
c LOG 0 API enters state ADDING
c LOG 0 API call 'add (34)' succeeded
c ----------------------------------------------------------------------------
c LOG 0 API call 'add (-22)' started
c LOG 0 API enters state STEADY
c LOG 0 adding external -22 as internal -22
c LOG 0 API enters state ADDING
c LOG 0 API call 'add (-22)' succeeded
c ----------------------------------------------------------------------------
c LOG 0 API call 'add (37)' started
c LOG 0 API enters state STEADY
c LOG 0 adding external 37 as internal 37
c LOG 0 API enters state ADDING
c LOG 0 API call 'add (37)' succeeded
c ----------------------------------------------------------------------------
c LOG 0 API call 'add (0)' started
c LOG 0 API enters state STEADY
c LOG 0 PROOF adding original external clause 34 -22 37
c LOG 0 CHECKER addition of original clause 34 -22 37
c LOG 0 original clause 34 -22 37
c LOG 0 new pointer 0x60000172c630 irredundant size 3 clause[93] 34 -22 37
c LOG 0 marking added irredundant size 3 clause[93] 34 -22 37
c LOG 0 watch 34 blit -22 in irredundant size 3 clause[92] 34 -22 37
c LOG 0 watch -22 blit 34 in irredundant size 3 clause[92] 34 -22 37
c LOG 0 API call 'add (0)' succeeded
c ----------------------------------------------------------------------------
c LOG 0 API call 'add (20)' started
c LOG 0 adding external 20 as internal 20
c LOG 0 API enters state ADDING
c LOG 0 API call 'add (20)' succeeded
c ----------------------------------------------------------------------------
c LOG 0 API call 'add (7)' started
c LOG 0 API enters state STEADY
c LOG 0 adding external 7 as internal 7
c LOG 0 API enters state ADDING
c LOG 0 API call 'add (7)' succeeded
c ----------------------------------------------------------------------------
c LOG 0 API call 'add (27)' started
c LOG 0 API enters state STEADY
c LOG 0 adding external 27 as internal 27
c LOG 0 API enters state ADDING
c LOG 0 API call 'add (27)' succeeded
c ----------------------------------------------------------------------------
c LOG 0 API call 'add (0)' started
c LOG 0 API enters state STEADY
c LOG 0 PROOF adding original external clause 20 7 27
c LOG 0 CHECKER addition of original clause 20 7 27
c LOG 0 original clause 20 7 27
c LOG 0 new pointer 0x60000172c690 irredundant size 3 clause[94] 20 7 27
c LOG 0 marking added irredundant size 3 clause[94] 20 7 27
c LOG 0 watch 20 blit 7 in irredundant size 3 clause[93] 20 7 27
c LOG 0 watch 7 blit 20 in irredundant size 3 clause[93] 20 7 27
c LOG 0 API call 'add (0)' succeeded
c ----------------------------------------------------------------------------
c LOG 0 API call 'add (-12)' started
c LOG 0 adding external -12 as internal -12
c LOG 0 API enters state ADDING
c LOG 0 API call 'add (-12)' succeeded
c ----------------------------------------------------------------------------
c LOG 0 API call 'add (-9)' started
c LOG 0 API enters state STEADY
c LOG 0 adding external -9 as internal -9
c LOG 0 API enters state ADDING
c LOG 0 API call 'add (-9)' succeeded
c ----------------------------------------------------------------------------
c LOG 0 API call 'add (-10)' started
c LOG 0 API enters state STEADY
c LOG 0 adding external -10 as internal -10
c LOG 0 API enters state ADDING
c LOG 0 API call 'add (-10)' succeeded
c ----------------------------------------------------------------------------
c LOG 0 API call 'add (0)' started
c LOG 0 API enters state STEADY
c LOG 0 PROOF adding original external clause -12 -9 -10
c LOG 0 CHECKER addition of original clause -12 -9 -10
c LOG 0 original clause -12 -9 -10
c LOG 0 new pointer 0x600001724600 irredundant size 3 clause[95] -12 -9 -10
c LOG 0 marking added irredundant size 3 clause[95] -12 -9 -10
c LOG 0 watch -12 blit -9 in irredundant size 3 clause[94] -12 -9 -10
c LOG 0 watch -9 blit -12 in irredundant size 3 clause[94] -12 -9 -10
c LOG 0 API call 'add (0)' succeeded
c ----------------------------------------------------------------------------
c LOG 0 API call 'add (43)' started
c LOG 0 adding external 43 as internal 43
c LOG 0 API enters state ADDING
c LOG 0 API call 'add (43)' succeeded
c ----------------------------------------------------------------------------
c LOG 0 API call 'add (-20)' started
c LOG 0 API enters state STEADY
c LOG 0 adding external -20 as internal -20
c LOG 0 API enters state ADDING
c LOG 0 API call 'add (-20)' succeeded
c ----------------------------------------------------------------------------
c LOG 0 API call 'add (21)' started
c LOG 0 API enters state STEADY
c LOG 0 adding external 21 as internal 21
c LOG 0 API enters state ADDING
c LOG 0 API call 'add (21)' succeeded
c ----------------------------------------------------------------------------
c LOG 0 API call 'add (0)' started
c LOG 0 API enters state STEADY
c LOG 0 PROOF adding original external clause 43 -20 21
c LOG 0 CHECKER addition of original clause 43 -20 21
c LOG 0 original clause 43 -20 21
c LOG 0 new pointer 0x60000172c6f0 irredundant size 3 clause[96] 43 -20 21
c LOG 0 marking added irredundant size 3 clause[96] 43 -20 21
c LOG 0 watch 43 blit -20 in irredundant size 3 clause[95] 43 -20 21
c LOG 0 watch -20 blit 43 in irredundant size 3 clause[95] 43 -20 21
c LOG 0 API call 'add (0)' succeeded
c ----------------------------------------------------------------------------
c LOG 0 API call 'add (-41)' started
c LOG 0 adding external -41 as internal -41
c LOG 0 API enters state ADDING
c LOG 0 API call 'add (-41)' succeeded
c ----------------------------------------------------------------------------
c LOG 0 API call 'add (-9)' started
c LOG 0 API enters state STEADY
c LOG 0 adding external -9 as internal -9
c LOG 0 API enters state ADDING
c LOG 0 API call 'add (-9)' succeeded
c ----------------------------------------------------------------------------
c LOG 0 API call 'add (-10)' started
c LOG 0 API enters state STEADY
c LOG 0 adding external -10 as internal -10
c LOG 0 API enters state ADDING
c LOG 0 API call 'add (-10)' succeeded
c ----------------------------------------------------------------------------
c LOG 0 API call 'add (6)' started
c LOG 0 API enters state STEADY
c LOG 0 adding external 6 as internal 6
c LOG 0 API enters state ADDING
c LOG 0 API call 'add (6)' succeeded
c ----------------------------------------------------------------------------
c LOG 0 API call 'add (-14)' started
c LOG 0 API enters state STEADY
c LOG 0 adding external -14 as internal -14
c LOG 0 API enters state ADDING
c LOG 0 API call 'add (-14)' succeeded
c ----------------------------------------------------------------------------
c LOG 0 API call 'add (-24)' started
c LOG 0 API enters state STEADY
c LOG 0 adding external -24 as internal -24
c LOG 0 API enters state ADDING
c LOG 0 API call 'add (-24)' succeeded
c ----------------------------------------------------------------------------
c LOG 0 API call 'add (-1)' started
c LOG 0 API enters state STEADY
c LOG 0 adding external -1 as internal -1
c LOG 0 API enters state ADDING
c LOG 0 API call 'add (-1)' succeeded
c ----------------------------------------------------------------------------
c LOG 0 API call 'add (-45)' started
c LOG 0 API enters state STEADY
c LOG 0 adding external -45 as internal -45
c LOG 0 API enters state ADDING
c LOG 0 API call 'add (-45)' succeeded
c ----------------------------------------------------------------------------
c LOG 0 API call 'add (39)' started
c LOG 0 API enters state STEADY
c LOG 0 adding external 39 as internal 39
c LOG 0 API enters state ADDING
c LOG 0 API call 'add (39)' succeeded
c ----------------------------------------------------------------------------
c LOG 0 API call 'add (-16)' started
c LOG 0 API enters state STEADY
c LOG 0 adding external -16 as internal -16
c LOG 0 API enters state ADDING
c LOG 0 API call 'add (-16)' succeeded
c ----------------------------------------------------------------------------
c LOG 0 API call 'add (38)' started
c LOG 0 API enters state STEADY
c LOG 0 adding external 38 as internal 38
c LOG 0 API enters state ADDING
c LOG 0 API call 'add (38)' succeeded
c ----------------------------------------------------------------------------
c LOG 0 API call 'add (0)' started
c LOG 0 API enters state STEADY
c LOG 0 PROOF adding original external clause -41 -9 -10 6 -14 -24 -1 -45 39 -16 38
c LOG 0 CHECKER addition of original clause -41 -9 -10 6 -14 -24 -1 -45 39 -16 38
c LOG 0 original clause -41 -9 -10 6 -14 -24 -1 -45 39 -16 38
c LOG 0 new pointer 0x600003a00050 irredundant size 11 clause[97] -41 -9 -10 6 -14 -24 -1 -45 39 -16 38
c LOG 0 marking added irredundant size 11 clause[97] -41 -9 -10 6 -14 -24 -1 -45 39 -16 38
c LOG 0 watch -41 blit -9 in irredundant size 11 clause[96] -41 -9 -10 6 -14 -24 -1 -45 39 -16 38
c LOG 0 watch -9 blit -41 in irredundant size 11 clause[96] -41 -9 -10 6 -14 -24 -1 -45 39 -16 38
c LOG 0 API call 'add (0)' succeeded
c ----------------------------------------------------------------------------
c LOG 0 API call 'add (47)' started
c LOG 0 adding external 47 as internal 47
c LOG 0 API enters state ADDING
c LOG 0 API call 'add (47)' succeeded
c ----------------------------------------------------------------------------
c LOG 0 API call 'add (-11)' started
c LOG 0 API enters state STEADY
c LOG 0 adding external -11 as internal -11
c LOG 0 API enters state ADDING
c LOG 0 API call 'add (-11)' succeeded
c ----------------------------------------------------------------------------
c LOG 0 API call 'add (15)' started
c LOG 0 API enters state STEADY
c LOG 0 adding external 15 as internal 15
c LOG 0 API enters state ADDING
c LOG 0 API call 'add (15)' succeeded
c ----------------------------------------------------------------------------
c LOG 0 API call 'add (0)' started
c LOG 0 API enters state STEADY
c LOG 0 PROOF adding original external clause 47 -11 15
c LOG 0 CHECKER addition of original clause 47 -11 15
c LOG 0 original clause 47 -11 15
c LOG 0 new pointer 0x60000172c750 irredundant size 3 clause[98] 47 -11 15
c LOG 0 marking added irredundant size 3 clause[98] 47 -11 15
c LOG 0 watch 47 blit -11 in irredundant size 3 clause[97] 47 -11 15
c LOG 0 watch -11 blit 47 in irredundant size 3 clause[97] 47 -11 15
c LOG 0 API call 'add (0)' succeeded
c ----------------------------------------------------------------------------
c LOG 0 API call 'add (-39)' started
c LOG 0 adding external -39 as internal -39
c LOG 0 API enters state ADDING
c LOG 0 API call 'add (-39)' succeeded
c ----------------------------------------------------------------------------
c LOG 0 API call 'add (29)' started
c LOG 0 API enters state STEADY
c LOG 0 adding external 29 as internal 29
c LOG 0 API enters state ADDING
c LOG 0 API call 'add (29)' succeeded
c ----------------------------------------------------------------------------
c LOG 0 API call 'add (1)' started
c LOG 0 API enters state STEADY
c LOG 0 adding external 1 as internal 1
c LOG 0 API enters state ADDING
c LOG 0 API call 'add (1)' succeeded
c ----------------------------------------------------------------------------
c LOG 0 API call 'add (0)' started
c LOG 0 API enters state STEADY
c LOG 0 PROOF adding original external clause -39 29 1
c LOG 0 CHECKER addition of original clause -39 29 1
c LOG 0 original clause -39 29 1
c LOG 0 new pointer 0x600001718e70 irredundant size 3 clause[99] -39 29 1
c LOG 0 marking added irredundant size 3 clause[99] -39 29 1
c LOG 0 watch -39 blit 29 in irredundant size 3 clause[98] -39 29 1
c LOG 0 watch 29 blit -39 in irredundant size 3 clause[98] -39 29 1
c LOG 0 API call 'add (0)' succeeded
c ----------------------------------------------------------------------------
c LOG 0 API call 'add (-27)' started
c LOG 0 adding external -27 as internal -27
c LOG 0 API enters state ADDING
c LOG 0 API call 'add (-27)' succeeded
c ----------------------------------------------------------------------------
c LOG 0 API call 'add (-16)' started
c LOG 0 API enters state STEADY
c LOG 0 adding external -16 as internal -16
c LOG 0 API enters state ADDING
c LOG 0 API call 'add (-16)' succeeded
c ----------------------------------------------------------------------------
c LOG 0 API call 'add (-34)' started
c LOG 0 API enters state STEADY
c LOG 0 adding external -34 as internal -34
c LOG 0 API enters state ADDING
c LOG 0 API call 'add (-34)' succeeded
c ----------------------------------------------------------------------------
c LOG 0 API call 'add (0)' started
c LOG 0 API enters state STEADY
c LOG 0 PROOF adding original external clause -27 -16 -34
c LOG 0 CHECKER addition of original clause -27 -16 -34
c LOG 0 original clause -27 -16 -34
c LOG 0 new pointer 0x600001718ed0 irredundant size 3 clause[100] -27 -16 -34
c LOG 0 marking added irredundant size 3 clause[100] -27 -16 -34
c LOG 0 watch -27 blit -16 in irredundant size 3 clause[99] -27 -16 -34
c LOG 0 watch -16 blit -27 in irredundant size 3 clause[99] -27 -16 -34
c LOG 0 API call 'add (0)' succeeded
c ----------------------------------------------------------------------------
c LOG 0 API call 'add (-19)' started
c LOG 0 adding external -19 as internal -19
c LOG 0 API enters state ADDING
c LOG 0 API call 'add (-19)' succeeded
c ----------------------------------------------------------------------------
c LOG 0 API call 'add (38)' started
c LOG 0 API enters state STEADY
c LOG 0 adding external 38 as internal 38
c LOG 0 API enters state ADDING
c LOG 0 API call 'add (38)' succeeded
c ----------------------------------------------------------------------------
c LOG 0 API call 'add (-24)' started
c LOG 0 API enters state STEADY
c LOG 0 adding external -24 as internal -24
c LOG 0 API enters state ADDING
c LOG 0 API call 'add (-24)' succeeded
c ----------------------------------------------------------------------------
c LOG 0 API call 'add (0)' started
c LOG 0 API enters state STEADY
c LOG 0 PROOF adding original external clause -19 38 -24
c LOG 0 CHECKER addition of original clause -19 38 -24
c LOG 0 original clause -19 38 -24
c LOG 0 new pointer 0x600001724660 irredundant size 3 clause[101] -19 38 -24
c LOG 0 marking added irredundant size 3 clause[101] -19 38 -24
c LOG 0 watch -19 blit 38 in irredundant size 3 clause[100] -19 38 -24
c LOG 0 watch 38 blit -19 in irredundant size 3 clause[100] -19 38 -24
c LOG 0 API call 'add (0)' succeeded
c ----------------------------------------------------------------------------
c LOG 0 API call 'add (-29)' started
c LOG 0 adding external -29 as internal -29
c LOG 0 API enters state ADDING
c LOG 0 API call 'add (-29)' succeeded
c ----------------------------------------------------------------------------
c LOG 0 API call 'add (20)' started
c LOG 0 API enters state STEADY
c LOG 0 adding external 20 as internal 20
c LOG 0 API enters state ADDING
c LOG 0 API call 'add (20)' succeeded
c ----------------------------------------------------------------------------
c LOG 0 API call 'add (-37)' started
c LOG 0 API enters state STEADY
c LOG 0 adding external -37 as internal -37
c LOG 0 API enters state ADDING
c LOG 0 API call 'add (-37)' succeeded
c ----------------------------------------------------------------------------
c LOG 0 API call 'add (0)' started
c LOG 0 API enters state STEADY
c LOG 0 PROOF adding original external clause -29 20 -37
c LOG 0 CHECKER addition of original clause -29 20 -37
c LOG 0 original clause -29 20 -37
c LOG 0 new pointer 0x600001718f30 irredundant size 3 clause[102] -29 20 -37
c LOG 0 marking added irredundant size 3 clause[102] -29 20 -37
c LOG 0 watch -29 blit 20 in irredundant size 3 clause[101] -29 20 -37
c LOG 0 watch 20 blit -29 in irredundant size 3 clause[101] -29 20 -37
c LOG 0 API call 'add (0)' succeeded
c ----------------------------------------------------------------------------
c LOG 0 API call 'add (-2)' started
c LOG 0 adding external -2 as internal -2
c LOG 0 API enters state ADDING
c LOG 0 API call 'add (-2)' succeeded
c ----------------------------------------------------------------------------
c LOG 0 API call 'add (29)' started
c LOG 0 API enters state STEADY
c LOG 0 adding external 29 as internal 29
c LOG 0 API enters state ADDING
c LOG 0 API call 'add (29)' succeeded
c ----------------------------------------------------------------------------
c LOG 0 API call 'add (-9)' started
c LOG 0 API enters state STEADY
c LOG 0 adding external -9 as internal -9
c LOG 0 API enters state ADDING
c LOG 0 API call 'add (-9)' succeeded
c ----------------------------------------------------------------------------
c LOG 0 API call 'add (0)' started
c LOG 0 API enters state STEADY
c LOG 0 PROOF adding original external clause -2 29 -9
c LOG 0 CHECKER addition of original clause -2 29 -9
c LOG 0 original clause -2 29 -9
c LOG 0 new pointer 0x600001718f90 irredundant size 3 clause[103] -2 29 -9
c LOG 0 marking added irredundant size 3 clause[103] -2 29 -9
c LOG 0 watch -2 blit 29 in irredundant size 3 clause[102] -2 29 -9
c LOG 0 watch 29 blit -2 in irredundant size 3 clause[102] -2 29 -9
c LOG 0 API call 'add (0)' succeeded
c ----------------------------------------------------------------------------
c LOG 0 API call 'add (-48)' started
c LOG 0 adding external -48 as internal -48
c LOG 0 API enters state ADDING
c LOG 0 API call 'add (-48)' succeeded
c ----------------------------------------------------------------------------
c LOG 0 API call 'add (45)' started
c LOG 0 API enters state STEADY
c LOG 0 adding external 45 as internal 45
c LOG 0 API enters state ADDING
c LOG 0 API call 'add (45)' succeeded
c ----------------------------------------------------------------------------
c LOG 0 API call 'add (-22)' started
c LOG 0 API enters state STEADY
c LOG 0 adding external -22 as internal -22
c LOG 0 API enters state ADDING
c LOG 0 API call 'add (-22)' succeeded
c ----------------------------------------------------------------------------
c LOG 0 API call 'add (0)' started
c LOG 0 API enters state STEADY
c LOG 0 PROOF adding original external clause -48 45 -22
c LOG 0 CHECKER addition of original clause -48 45 -22
c LOG 0 original clause -48 45 -22
c LOG 0 new pointer 0x6000017246c0 irredundant size 3 clause[104] -48 45 -22
c LOG 0 marking added irredundant size 3 clause[104] -48 45 -22
c LOG 0 watch -48 blit 45 in irredundant size 3 clause[103] -48 45 -22
c LOG 0 watch 45 blit -48 in irredundant size 3 clause[103] -48 45 -22
c LOG 0 API call 'add (0)' succeeded
c ----------------------------------------------------------------------------
c LOG 0 API call 'vars ()' started
c LOG 0 API call 'vars ()' returns '68'
c ----------------------------------------------------------------------------
c LOG 0 API call 'declare_vars (9)' started
c LOG 0 API call 'declare_vars (9)' succeeded
c ----------------------------------------------------------------------------
c LOG 0 API call 'add (-24)' started
c LOG 0 adding external -24 as internal -24
c LOG 0 API enters state ADDING
c LOG 0 API call 'add (-24)' succeeded
c ----------------------------------------------------------------------------
c LOG 0 API call 'add (22)' started
c LOG 0 API enters state STEADY
c LOG 0 adding external 22 as internal 22
c LOG 0 API enters state ADDING
c LOG 0 API call 'add (22)' succeeded
c ----------------------------------------------------------------------------
c LOG 0 API call 'add (-16)' started
c LOG 0 API enters state STEADY
c LOG 0 adding external -16 as internal -16
c LOG 0 API enters state ADDING
c LOG 0 API call 'add (-16)' succeeded
c ----------------------------------------------------------------------------
c LOG 0 API call 'add (0)' started
c LOG 0 API enters state STEADY
c LOG 0 PROOF adding original external clause -24 22 -16
c LOG 0 CHECKER addition of original clause -24 22 -16
c LOG 0 original clause -24 22 -16
c LOG 0 new pointer 0x600001718ff0 irredundant size 3 clause[105] -24 22 -16
c LOG 0 marking added irredundant size 3 clause[105] -24 22 -16
c LOG 0 watch -24 blit 22 in irredundant size 3 clause[104] -24 22 -16
c LOG 0 watch 22 blit -24 in irredundant size 3 clause[104] -24 22 -16
c LOG 0 API call 'add (0)' succeeded
c ----------------------------------------------------------------------------
c LOG 0 API call 'add (41)' started
c LOG 0 adding external 41 as internal 41
c LOG 0 API enters state ADDING
c LOG 0 API call 'add (41)' succeeded
c ----------------------------------------------------------------------------
c LOG 0 API call 'add (-28)' started
c LOG 0 API enters state STEADY
c LOG 0 adding external -28 as internal -28
c LOG 0 API enters state ADDING
c LOG 0 API call 'add (-28)' succeeded
c ----------------------------------------------------------------------------
c LOG 0 API call 'add (-34)' started
c LOG 0 API enters state STEADY
c LOG 0 adding external -34 as internal -34
c LOG 0 API enters state ADDING
c LOG 0 API call 'add (-34)' succeeded
c ----------------------------------------------------------------------------
c LOG 0 API call 'add (0)' started
c LOG 0 API enters state STEADY
c LOG 0 PROOF adding original external clause 41 -28 -34
c LOG 0 CHECKER addition of original clause 41 -28 -34
c LOG 0 original clause 41 -28 -34
c LOG 0 new pointer 0x600001724720 irredundant size 3 clause[106] 41 -28 -34
c LOG 0 marking added irredundant size 3 clause[106] 41 -28 -34
c LOG 0 watch 41 blit -28 in irredundant size 3 clause[105] 41 -28 -34
c LOG 0 watch -28 blit 41 in irredundant size 3 clause[105] 41 -28 -34
c LOG 0 API call 'add (0)' succeeded
c ----------------------------------------------------------------------------
c LOG 0 API call 'add (11)' started
c LOG 0 adding external 11 as internal 11
c LOG 0 API enters state ADDING
c LOG 0 API call 'add (11)' succeeded
c ----------------------------------------------------------------------------
c LOG 0 API call 'add (38)' started
c LOG 0 API enters state STEADY
c LOG 0 adding external 38 as internal 38
c LOG 0 API enters state ADDING
c LOG 0 API call 'add (38)' succeeded
c ----------------------------------------------------------------------------
c LOG 0 API call 'add (-31)' started
c LOG 0 API enters state STEADY
c LOG 0 adding external -31 as internal -31
c LOG 0 API enters state ADDING
c LOG 0 API call 'add (-31)' succeeded
c ----------------------------------------------------------------------------
c LOG 0 API call 'add (0)' started
c LOG 0 API enters state STEADY
c LOG 0 PROOF adding original external clause 11 38 -31
c LOG 0 CHECKER addition of original clause 11 38 -31
c LOG 0 original clause 11 38 -31
c LOG 0 new pointer 0x6000017209c0 irredundant size 3 clause[107] 11 38 -31
c LOG 0 marking added irredundant size 3 clause[107] 11 38 -31
c LOG 0 watch 11 blit 38 in irredundant size 3 clause[106] 11 38 -31
c LOG 0 watch 38 blit 11 in irredundant size 3 clause[106] 11 38 -31
c LOG 0 API call 'add (0)' succeeded
c ----------------------------------------------------------------------------
c LOG 0 API call 'add (-31)' started
c LOG 0 adding external -31 as internal -31
c LOG 0 API enters state ADDING
c LOG 0 API call 'add (-31)' succeeded
c ----------------------------------------------------------------------------
c LOG 0 API call 'add (-24)' started
c LOG 0 API enters state STEADY
c LOG 0 adding external -24 as internal -24
c LOG 0 API enters state ADDING
c LOG 0 API call 'add (-24)' succeeded
c ----------------------------------------------------------------------------
c LOG 0 API call 'add (-38)' started
c LOG 0 API enters state STEADY
c LOG 0 adding external -38 as internal -38
c LOG 0 API enters state ADDING
c LOG 0 API call 'add (-38)' succeeded
c ----------------------------------------------------------------------------
c LOG 0 API call 'add (0)' started
c LOG 0 API enters state STEADY
c LOG 0 PROOF adding original external clause -31 -24 -38
c LOG 0 CHECKER addition of original clause -31 -24 -38
c LOG 0 original clause -31 -24 -38
c LOG 0 new pointer 0x6000017280f0 irredundant size 3 clause[108] -31 -24 -38
c LOG 0 marking added irredundant size 3 clause[108] -31 -24 -38
c LOG 0 watch -31 blit -24 in irredundant size 3 clause[107] -31 -24 -38
c LOG 0 watch -24 blit -31 in irredundant size 3 clause[107] -31 -24 -38
c LOG 0 API call 'add (0)' succeeded
c ----------------------------------------------------------------------------
c LOG 0 API call 'add (-23)' started
c LOG 0 adding external -23 as internal -23
c LOG 0 API enters state ADDING
c LOG 0 API call 'add (-23)' succeeded
c ----------------------------------------------------------------------------
c LOG 0 API call 'add (5)' started
c LOG 0 API enters state STEADY
c LOG 0 adding external 5 as internal 5
c LOG 0 API enters state ADDING
c LOG 0 API call 'add (5)' succeeded
c ----------------------------------------------------------------------------
c LOG 0 API call 'add (-8)' started
c LOG 0 API enters state STEADY
c LOG 0 adding external -8 as internal -8
c LOG 0 API enters state ADDING
c LOG 0 API call 'add (-8)' succeeded
c ----------------------------------------------------------------------------
c LOG 0 API call 'add (0)' started
c LOG 0 API enters state STEADY
c LOG 0 PROOF adding original external clause -23 5 -8
c LOG 0 CHECKER addition of original clause -23 5 -8
c LOG 0 original clause -23 5 -8
c LOG 0 new pointer 0x60000172c7b0 irredundant size 3 clause[109] -23 5 -8
c LOG 0 marking added irredundant size 3 clause[109] -23 5 -8
c LOG 0 watch -23 blit 5 in irredundant size 3 clause[108] -23 5 -8
c LOG 0 watch 5 blit -23 in irredundant size 3 clause[108] -23 5 -8
c LOG 0 API call 'add (0)' succeeded
c ----------------------------------------------------------------------------
c LOG 0 API call 'add (14)' started
c LOG 0 adding external 14 as internal 14
c LOG 0 API enters state ADDING
c LOG 0 API call 'add (14)' succeeded
c ----------------------------------------------------------------------------
c LOG 0 API call 'add (-18)' started
c LOG 0 API enters state STEADY
c LOG 0 adding external -18 as internal -18
c LOG 0 API enters state ADDING
c LOG 0 API call 'add (-18)' succeeded
c ----------------------------------------------------------------------------
c LOG 0 API call 'add (-50)' started
c LOG 0 API enters state STEADY
c LOG 0 adding external -50 as internal -50
c LOG 0 API enters state ADDING
c LOG 0 API call 'add (-50)' succeeded
c ----------------------------------------------------------------------------
c LOG 0 API call 'add (0)' started
c LOG 0 API enters state STEADY
c LOG 0 PROOF adding original external clause 14 -18 -50
c LOG 0 CHECKER addition of original clause 14 -18 -50
c LOG 0 original clause 14 -18 -50
c LOG 0 new pointer 0x60000172c810 irredundant size 3 clause[110] 14 -18 -50
c LOG 0 marking added irredundant size 3 clause[110] 14 -18 -50
c LOG 0 watch 14 blit -18 in irredundant size 3 clause[109] 14 -18 -50
c LOG 0 watch -18 blit 14 in irredundant size 3 clause[109] 14 -18 -50
c LOG 0 API call 'add (0)' succeeded
c ----------------------------------------------------------------------------
c LOG 0 API call 'add (-39)' started
c LOG 0 adding external -39 as internal -39
c LOG 0 API enters state ADDING
c LOG 0 API call 'add (-39)' succeeded
c ----------------------------------------------------------------------------
c LOG 0 API call 'add (-48)' started
c LOG 0 API enters state STEADY
c LOG 0 adding external -48 as internal -48
c LOG 0 API enters state ADDING
c LOG 0 API call 'add (-48)' succeeded
c ----------------------------------------------------------------------------
c LOG 0 API call 'add (-13)' started
c LOG 0 API enters state STEADY
c LOG 0 adding external -13 as internal -13
c LOG 0 API enters state ADDING
c LOG 0 API call 'add (-13)' succeeded
c ----------------------------------------------------------------------------
c LOG 0 API call 'add (-11)' started
c LOG 0 API enters state STEADY
c LOG 0 adding external -11 as internal -11
c LOG 0 API enters state ADDING
c LOG 0 API call 'add (-11)' succeeded
c ----------------------------------------------------------------------------
c LOG 0 API call 'add (-26)' started
c LOG 0 API enters state STEADY
c LOG 0 adding external -26 as internal -26
c LOG 0 API enters state ADDING
c LOG 0 API call 'add (-26)' succeeded
c ----------------------------------------------------------------------------
c LOG 0 API call 'add (-19)' started
c LOG 0 API enters state STEADY
c LOG 0 adding external -19 as internal -19
c LOG 0 API enters state ADDING
c LOG 0 API call 'add (-19)' succeeded
c ----------------------------------------------------------------------------
c LOG 0 API call 'add (-38)' started
c LOG 0 API enters state STEADY
c LOG 0 adding external -38 as internal -38
c LOG 0 API enters state ADDING
c LOG 0 API call 'add (-38)' succeeded
c ----------------------------------------------------------------------------
c LOG 0 API call 'add (-8)' started
c LOG 0 API enters state STEADY
c LOG 0 adding external -8 as internal -8
c LOG 0 API enters state ADDING
c LOG 0 API call 'add (-8)' succeeded
c ----------------------------------------------------------------------------
c LOG 0 API call 'add (21)' started
c LOG 0 API enters state STEADY
c LOG 0 adding external 21 as internal 21
c LOG 0 API enters state ADDING
c LOG 0 API call 'add (21)' succeeded
c ----------------------------------------------------------------------------
c LOG 0 API call 'add (44)' started
c LOG 0 API enters state STEADY
c LOG 0 adding external 44 as internal 44
c LOG 0 API enters state ADDING
c LOG 0 API call 'add (44)' succeeded
c ----------------------------------------------------------------------------
c LOG 0 API call 'add (-20)' started
c LOG 0 API enters state STEADY
c LOG 0 adding external -20 as internal -20
c LOG 0 API enters state ADDING
c LOG 0 API call 'add (-20)' succeeded
c ----------------------------------------------------------------------------
c LOG 0 API call 'add (-28)' started
c LOG 0 API enters state STEADY
c LOG 0 adding external -28 as internal -28
c LOG 0 API enters state ADDING
c LOG 0 API call 'add (-28)' succeeded
c ----------------------------------------------------------------------------
c LOG 0 API call 'add (7)' started
c LOG 0 API enters state STEADY
c LOG 0 adding external 7 as internal 7
c LOG 0 API enters state ADDING
c LOG 0 API call 'add (7)' succeeded
c ----------------------------------------------------------------------------
c LOG 0 API call 'add (-18)' started
c LOG 0 API enters state STEADY
c LOG 0 adding external -18 as internal -18
c LOG 0 API enters state ADDING
c LOG 0 API call 'add (-18)' succeeded
c ----------------------------------------------------------------------------
c LOG 0 API call 'add (-45)' started
c LOG 0 API enters state STEADY
c LOG 0 adding external -45 as internal -45
c LOG 0 API enters state ADDING
c LOG 0 API call 'add (-45)' succeeded
c ----------------------------------------------------------------------------
c LOG 0 API call 'add (-25)' started
c LOG 0 API enters state STEADY
c LOG 0 adding external -25 as internal -25
c LOG 0 API enters state ADDING
c LOG 0 API call 'add (-25)' succeeded
c ----------------------------------------------------------------------------
c LOG 0 API call 'add (0)' started
c LOG 0 API enters state STEADY
c LOG 0 PROOF adding original external clause -39 -48 -13 -11 -26 -19 -38 -8 21 44 -20 -28 7 -18 -45 -25
c LOG 0 CHECKER addition of original clause -39 -48 -13 -11 -26 -19 -38 -8 21 44 -20 -28 7 -18 -45 -25
c LOG 0 original clause -39 -48 -13 -11 -26 -19 -38 -8 21 44 -20 -28 7 -18 -45 -25
c LOG 0 new pointer 0x600003d08060 irredundant size 16 clause[111] -39 -48 -13 -11 -26 -19 -38 -8 21 44 -20 -28 7 -18 -45 -25
c LOG 0 marking added irredundant size 16 clause[111] -39 -48 -13 -11 -26 -19 -38 -8 21 44 -20 -28 7 -18 -45 -25
c LOG 0 watch -39 blit -48 in irredundant size 16 clause[110] -39 -48 -13 -11 -26 -19 -38 -8 21 44 -20 -28 7 -18 -45 -25
c LOG 0 watch -48 blit -39 in irredundant size 16 clause[110] -39 -48 -13 -11 -26 -19 -38 -8 21 44 -20 -28 7 -18 -45 -25
c LOG 0 API call 'add (0)' succeeded
c ----------------------------------------------------------------------------
c LOG 0 API call 'add (-33)' started
c LOG 0 adding external -33 as internal -33
c LOG 0 API enters state ADDING
c LOG 0 API call 'add (-33)' succeeded
c ----------------------------------------------------------------------------
c LOG 0 API call 'add (-37)' started
c LOG 0 API enters state STEADY
c LOG 0 adding external -37 as internal -37
c LOG 0 API enters state ADDING
c LOG 0 API call 'add (-37)' succeeded
c ----------------------------------------------------------------------------
c LOG 0 API call 'add (-12)' started
c LOG 0 API enters state STEADY
c LOG 0 adding external -12 as internal -12
c LOG 0 API enters state ADDING
c LOG 0 API call 'add (-12)' succeeded
c ----------------------------------------------------------------------------
c LOG 0 API call 'add (0)' started
c LOG 0 API enters state STEADY
c LOG 0 PROOF adding original external clause -33 -37 -12
c LOG 0 CHECKER addition of original clause -33 -37 -12
c LOG 0 original clause -33 -37 -12
c LOG 0 new pointer 0x600001724780 irredundant size 3 clause[112] -33 -37 -12
c LOG 0 marking added irredundant size 3 clause[112] -33 -37 -12
c LOG 0 watch -33 blit -37 in irredundant size 3 clause[111] -33 -37 -12
c LOG 0 watch -37 blit -33 in irredundant size 3 clause[111] -33 -37 -12
c LOG 0 API call 'add (0)' succeeded
c ----------------------------------------------------------------------------
c LOG 0 API call 'add (-12)' started
c LOG 0 adding external -12 as internal -12
c LOG 0 API enters state ADDING
c LOG 0 API call 'add (-12)' succeeded
c ----------------------------------------------------------------------------
c LOG 0 API call 'add (-51)' started
c LOG 0 API enters state STEADY
c LOG 0 adding external -51 as internal -51
c LOG 0 API enters state ADDING
c LOG 0 API call 'add (-51)' succeeded
c ----------------------------------------------------------------------------
c LOG 0 API call 'add (40)' started
c LOG 0 API enters state STEADY
c LOG 0 adding external 40 as internal 40
c LOG 0 API enters state ADDING
c LOG 0 API call 'add (40)' succeeded
c ----------------------------------------------------------------------------
c LOG 0 API call 'add (0)' started
c LOG 0 API enters state STEADY
c LOG 0 PROOF adding original external clause -12 -51 40
c LOG 0 CHECKER addition of original clause -12 -51 40
c LOG 0 original clause -12 -51 40
c LOG 0 new pointer 0x6000017247e0 irredundant size 3 clause[113] -12 -51 40
c LOG 0 marking added irredundant size 3 clause[113] -12 -51 40
c LOG 0 marking -51 as factor literal candidate
c LOG 0 watch -12 blit -51 in irredundant size 3 clause[112] -12 -51 40
c LOG 0 watch -51 blit -12 in irredundant size 3 clause[112] -12 -51 40
c LOG 0 API call 'add (0)' succeeded
c ----------------------------------------------------------------------------
c LOG 0 API call 'add (19)' started
c LOG 0 adding external 19 as internal 19
c LOG 0 API enters state ADDING
c LOG 0 API call 'add (19)' succeeded
c ----------------------------------------------------------------------------
c LOG 0 API call 'add (-20)' started
c LOG 0 API enters state STEADY
c LOG 0 adding external -20 as internal -20
c LOG 0 API enters state ADDING
c LOG 0 API call 'add (-20)' succeeded
c ----------------------------------------------------------------------------
c LOG 0 API call 'add (-3)' started
c LOG 0 API enters state STEADY
c LOG 0 adding external -3 as internal -3
c LOG 0 API enters state ADDING
c LOG 0 API call 'add (-3)' succeeded
c ----------------------------------------------------------------------------
c LOG 0 API call 'add (0)' started
c LOG 0 API enters state STEADY
c LOG 0 PROOF adding original external clause 19 -20 -3
c LOG 0 CHECKER addition of original clause 19 -20 -3
c LOG 0 original clause 19 -20 -3
c LOG 0 new pointer 0x600001724840 irredundant size 3 clause[114] 19 -20 -3
c LOG 0 marking added irredundant size 3 clause[114] 19 -20 -3
c LOG 0 marking -3 as factor literal candidate
c LOG 0 watch 19 blit -20 in irredundant size 3 clause[113] 19 -20 -3
c LOG 0 watch -20 blit 19 in irredundant size 3 clause[113] 19 -20 -3
c LOG 0 API call 'add (0)' succeeded
c ----------------------------------------------------------------------------
c LOG 0 API call 'add (-36)' started
c LOG 0 adding external -36 as internal -36
c LOG 0 API enters state ADDING
c LOG 0 API call 'add (-36)' succeeded
c ----------------------------------------------------------------------------
c LOG 0 API call 'add (-26)' started
c LOG 0 API enters state STEADY
c LOG 0 adding external -26 as internal -26
c LOG 0 API enters state ADDING
c LOG 0 API call 'add (-26)' succeeded
c ----------------------------------------------------------------------------
c LOG 0 API call 'add (43)' started
c LOG 0 API enters state STEADY
c LOG 0 adding external 43 as internal 43
c LOG 0 API enters state ADDING
c LOG 0 API call 'add (43)' succeeded
c ----------------------------------------------------------------------------
c LOG 0 API call 'add (0)' started
c LOG 0 API enters state STEADY
c LOG 0 PROOF adding original external clause -36 -26 43
c LOG 0 CHECKER addition of original clause -36 -26 43
c LOG 0 original clause -36 -26 43
c LOG 0 new pointer 0x600001720a20 irredundant size 3 clause[115] -36 -26 43
c LOG 0 marking added irredundant size 3 clause[115] -36 -26 43
c LOG 0 watch -36 blit -26 in irredundant size 3 clause[114] -36 -26 43
c LOG 0 watch -26 blit -36 in irredundant size 3 clause[114] -36 -26 43
c LOG 0 API call 'add (0)' succeeded
c ----------------------------------------------------------------------------
c LOG 0 API call 'add (-34)' started
c LOG 0 adding external -34 as internal -34
c LOG 0 API enters state ADDING
c LOG 0 API call 'add (-34)' succeeded
c ----------------------------------------------------------------------------
c LOG 0 API call 'add (-10)' started
c LOG 0 API enters state STEADY
c LOG 0 adding external -10 as internal -10
c LOG 0 API enters state ADDING
c LOG 0 API call 'add (-10)' succeeded
c ----------------------------------------------------------------------------
c LOG 0 API call 'add (5)' started
c LOG 0 API enters state STEADY
c LOG 0 adding external 5 as internal 5
c LOG 0 API enters state ADDING
c LOG 0 API call 'add (5)' succeeded
c ----------------------------------------------------------------------------
c LOG 0 API call 'add (0)' started
c LOG 0 API enters state STEADY
c LOG 0 PROOF adding original external clause -34 -10 5
c LOG 0 CHECKER addition of original clause -34 -10 5
c LOG 0 original clause -34 -10 5
c LOG 0 new pointer 0x600001720a80 irredundant size 3 clause[116] -34 -10 5
c LOG 0 marking added irredundant size 3 clause[116] -34 -10 5
c LOG 0 watch -34 blit -10 in irredundant size 3 clause[115] -34 -10 5
c LOG 0 watch -10 blit -34 in irredundant size 3 clause[115] -34 -10 5
c LOG 0 API call 'add (0)' succeeded
c ----------------------------------------------------------------------------
c LOG 0 API call 'add (13)' started
c LOG 0 adding external 13 as internal 13
c LOG 0 API enters state ADDING
c LOG 0 API call 'add (13)' succeeded
c ----------------------------------------------------------------------------
c LOG 0 API call 'add (-10)' started
c LOG 0 API enters state STEADY
c LOG 0 adding external -10 as internal -10
c LOG 0 API enters state ADDING
c LOG 0 API call 'add (-10)' succeeded
c ----------------------------------------------------------------------------
c LOG 0 API call 'add (25)' started
c LOG 0 API enters state STEADY
c LOG 0 adding external 25 as internal 25
c LOG 0 API enters state ADDING
c LOG 0 API call 'add (25)' succeeded
c ----------------------------------------------------------------------------
c LOG 0 API call 'add (0)' started
c LOG 0 API enters state STEADY
c LOG 0 PROOF adding original external clause 13 -10 25
c LOG 0 CHECKER addition of original clause 13 -10 25
c LOG 0 original clause 13 -10 25
c LOG 0 new pointer 0x6000017248a0 irredundant size 3 clause[117] 13 -10 25
c LOG 0 marking added irredundant size 3 clause[117] 13 -10 25
c LOG 0 watch 13 blit -10 in irredundant size 3 clause[116] 13 -10 25
c LOG 0 watch -10 blit 13 in irredundant size 3 clause[116] 13 -10 25
c LOG 0 API call 'add (0)' succeeded
c ----------------------------------------------------------------------------
c LOG 0 API call 'add (-39)' started
c LOG 0 adding external -39 as internal -39
c LOG 0 API enters state ADDING
c LOG 0 API call 'add (-39)' succeeded
c ----------------------------------------------------------------------------
c LOG 0 API call 'add (-42)' started
c LOG 0 API enters state STEADY
c LOG 0 adding external -42 as internal -42
c LOG 0 API enters state ADDING
c LOG 0 API call 'add (-42)' succeeded
c ----------------------------------------------------------------------------
c LOG 0 API call 'add (17)' started
c LOG 0 API enters state STEADY
c LOG 0 adding external 17 as internal 17
c LOG 0 API enters state ADDING
c LOG 0 API call 'add (17)' succeeded
c ----------------------------------------------------------------------------
c LOG 0 API call 'add (0)' started
c LOG 0 API enters state STEADY
c LOG 0 PROOF adding original external clause -39 -42 17
c LOG 0 CHECKER addition of original clause -39 -42 17
c LOG 0 original clause -39 -42 17
c LOG 0 new pointer 0x600001719050 irredundant size 3 clause[118] -39 -42 17
c LOG 0 marking added irredundant size 3 clause[118] -39 -42 17
c LOG 0 watch -39 blit -42 in irredundant size 3 clause[117] -39 -42 17
c LOG 0 watch -42 blit -39 in irredundant size 3 clause[117] -39 -42 17
c LOG 0 API call 'add (0)' succeeded
c ----------------------------------------------------------------------------
c LOG 0 API call 'vars ()' started
c LOG 0 API call 'vars ()' returns '77'
c ----------------------------------------------------------------------------
c LOG 0 API call 'add (-19)' started
c LOG 0 adding external -19 as internal -19
c LOG 0 API enters state ADDING
c LOG 0 API call 'add (-19)' succeeded
c ----------------------------------------------------------------------------
c LOG 0 API call 'add (-12)' started
c LOG 0 API enters state STEADY
c LOG 0 adding external -12 as internal -12
c LOG 0 API enters state ADDING
c LOG 0 API call 'add (-12)' succeeded
c ----------------------------------------------------------------------------
c LOG 0 API call 'add (34)' started
c LOG 0 API enters state STEADY
c LOG 0 adding external 34 as internal 34
c LOG 0 API enters state ADDING
c LOG 0 API call 'add (34)' succeeded
c ----------------------------------------------------------------------------
c LOG 0 API call 'add (0)' started
c LOG 0 API enters state STEADY
c LOG 0 PROOF adding original external clause -19 -12 34
c LOG 0 CHECKER addition of original clause -19 -12 34
c LOG 0 original clause -19 -12 34
c LOG 0 new pointer 0x600001724900 irredundant size 3 clause[119] -19 -12 34
c LOG 0 marking added irredundant size 3 clause[119] -19 -12 34
c LOG 0 watch -19 blit -12 in irredundant size 3 clause[118] -19 -12 34
c LOG 0 watch -12 blit -19 in irredundant size 3 clause[118] -19 -12 34
c LOG 0 API call 'add (0)' succeeded
c ----------------------------------------------------------------------------
c LOG 0 API call 'add (-48)' started
c LOG 0 adding external -48 as internal -48
c LOG 0 API enters state ADDING
c LOG 0 API call 'add (-48)' succeeded
c ----------------------------------------------------------------------------
c LOG 0 API call 'add (-35)' started
c LOG 0 API enters state STEADY
c LOG 0 adding external -35 as internal -35
c LOG 0 API enters state ADDING
c LOG 0 API call 'add (-35)' succeeded
c ----------------------------------------------------------------------------
c LOG 0 API call 'add (18)' started
c LOG 0 API enters state STEADY
c LOG 0 adding external 18 as internal 18
c LOG 0 API enters state ADDING
c LOG 0 API call 'add (18)' succeeded
c ----------------------------------------------------------------------------
c LOG 0 API call 'add (0)' started
c LOG 0 API enters state STEADY
c LOG 0 PROOF adding original external clause -48 -35 18
c LOG 0 CHECKER addition of original clause -48 -35 18
c LOG 0 original clause -48 -35 18
c LOG 0 new pointer 0x600001724960 irredundant size 3 clause[120] -48 -35 18
c LOG 0 marking added irredundant size 3 clause[120] -48 -35 18
c LOG 0 watch -48 blit -35 in irredundant size 3 clause[119] -48 -35 18
c LOG 0 watch -35 blit -48 in irredundant size 3 clause[119] -48 -35 18
c LOG 0 API call 'add (0)' succeeded
c ----------------------------------------------------------------------------
c LOG 0 API call 'add (48)' started
c LOG 0 adding external 48 as internal 48
c LOG 0 API enters state ADDING
c LOG 0 API call 'add (48)' succeeded
c ----------------------------------------------------------------------------
c LOG 0 API call 'add (-3)' started
c LOG 0 API enters state STEADY
c LOG 0 adding external -3 as internal -3
c LOG 0 API enters state ADDING
c LOG 0 API call 'add (-3)' succeeded
c ----------------------------------------------------------------------------
c LOG 0 API call 'add (10)' started
c LOG 0 API enters state STEADY
c LOG 0 adding external 10 as internal 10
c LOG 0 API enters state ADDING
c LOG 0 API call 'add (10)' succeeded
c ----------------------------------------------------------------------------
c LOG 0 API call 'add (0)' started
c LOG 0 API enters state STEADY
c LOG 0 PROOF adding original external clause 48 -3 10
c LOG 0 CHECKER addition of original clause 48 -3 10
c LOG 0 original clause 48 -3 10
c LOG 0 new pointer 0x6000017249c0 irredundant size 3 clause[121] 48 -3 10
c LOG 0 marking added irredundant size 3 clause[121] 48 -3 10
c LOG 0 watch 48 blit -3 in irredundant size 3 clause[120] 48 -3 10
c LOG 0 watch -3 blit 48 in irredundant size 3 clause[120] 48 -3 10
c LOG 0 API call 'add (0)' succeeded
c ----------------------------------------------------------------------------
c LOG 0 API call 'add (45)' started
c LOG 0 adding external 45 as internal 45
c LOG 0 API enters state ADDING
c LOG 0 API call 'add (45)' succeeded
c ----------------------------------------------------------------------------
c LOG 0 API call 'add (-48)' started
c LOG 0 API enters state STEADY
c LOG 0 adding external -48 as internal -48
c LOG 0 API enters state ADDING
c LOG 0 API call 'add (-48)' succeeded
c ----------------------------------------------------------------------------
c LOG 0 API call 'add (33)' started
c LOG 0 API enters state STEADY
c LOG 0 adding external 33 as internal 33
c LOG 0 API enters state ADDING
c LOG 0 API call 'add (33)' succeeded
c ----------------------------------------------------------------------------
c LOG 0 API call 'add (0)' started
c LOG 0 API enters state STEADY
c LOG 0 PROOF adding original external clause 45 -48 33
c LOG 0 CHECKER addition of original clause 45 -48 33
c LOG 0 original clause 45 -48 33
c LOG 0 new pointer 0x60000172c870 irredundant size 3 clause[122] 45 -48 33
c LOG 0 marking added irredundant size 3 clause[122] 45 -48 33
c LOG 0 watch 45 blit -48 in irredundant size 3 clause[121] 45 -48 33
c LOG 0 watch -48 blit 45 in irredundant size 3 clause[121] 45 -48 33
c LOG 0 API call 'add (0)' succeeded
c ----------------------------------------------------------------------------
c LOG 0 API call 'add (-8)' started
c LOG 0 adding external -8 as internal -8
c LOG 0 API enters state ADDING
c LOG 0 API call 'add (-8)' succeeded
c ----------------------------------------------------------------------------
c LOG 0 API call 'add (-9)' started
c LOG 0 API enters state STEADY
c LOG 0 adding external -9 as internal -9
c LOG 0 API enters state ADDING
c LOG 0 API call 'add (-9)' succeeded
c ----------------------------------------------------------------------------
c LOG 0 API call 'add (44)' started
c LOG 0 API enters state STEADY
c LOG 0 adding external 44 as internal 44
c LOG 0 API enters state ADDING
c LOG 0 API call 'add (44)' succeeded
c ----------------------------------------------------------------------------
c LOG 0 API call 'add (0)' started
c LOG 0 API enters state STEADY
c LOG 0 PROOF adding original external clause -8 -9 44
c LOG 0 CHECKER addition of original clause -8 -9 44
c LOG 0 original clause -8 -9 44
c LOG 0 new pointer 0x60000172c8d0 irredundant size 3 clause[123] -8 -9 44
c LOG 0 marking added irredundant size 3 clause[123] -8 -9 44
c LOG 0 watch -8 blit -9 in irredundant size 3 clause[122] -8 -9 44
c LOG 0 watch -9 blit -8 in irredundant size 3 clause[122] -8 -9 44
c LOG 0 API call 'add (0)' succeeded
c ----------------------------------------------------------------------------
c LOG 0 API call 'propagate_assumptions ()' started
c LOG 0 activating all new variables 37 38 39 40 41 42 43 44 45 46 47 48 49 50 51
c LOG 0 enlarge internal size from 128 to new size 128
c LOG 0 activate 37 previously declared
c LOG 0 enqueueing 37 at the beginning
c LOG 0 enqueueing 37 at the beginning, next: 36, last: 1
c LOG 0 queue unassigned now 1 bumped 0
c LOG 0 pushing 37 to the scores
c LOG 0 activate 38 previously declared
c LOG 0 enqueueing 38 at the beginning
c LOG 0 enqueueing 38 at the beginning, next: 37, last: 1
c LOG 0 queue unassigned now 1 bumped 0
c LOG 0 pushing 38 to the scores
c LOG 0 activate 39 previously declared
c LOG 0 enqueueing 39 at the beginning
c LOG 0 enqueueing 39 at the beginning, next: 38, last: 1
c LOG 0 queue unassigned now 1 bumped 0
c LOG 0 pushing 39 to the scores
c LOG 0 activate 40 previously declared
c LOG 0 enqueueing 40 at the beginning
c LOG 0 enqueueing 40 at the beginning, next: 39, last: 1
c LOG 0 queue unassigned now 1 bumped 0
c LOG 0 pushing 40 to the scores
c LOG 0 activate 41 previously declared
c LOG 0 enqueueing 41 at the beginning
c LOG 0 enqueueing 41 at the beginning, next: 40, last: 1
c LOG 0 queue unassigned now 1 bumped 0
c LOG 0 pushing 41 to the scores
c LOG 0 activate 42 previously declared
c LOG 0 enqueueing 42 at the beginning
c LOG 0 enqueueing 42 at the beginning, next: 41, last: 1
c LOG 0 queue unassigned now 1 bumped 0
c LOG 0 pushing 42 to the scores
c LOG 0 activate 43 previously declared
c LOG 0 enqueueing 43 at the beginning
c LOG 0 enqueueing 43 at the beginning, next: 42, last: 1
c LOG 0 queue unassigned now 1 bumped 0
c LOG 0 pushing 43 to the scores
c LOG 0 activate 44 previously declared
c LOG 0 enqueueing 44 at the beginning
c LOG 0 enqueueing 44 at the beginning, next: 43, last: 1
c LOG 0 queue unassigned now 1 bumped 0
c LOG 0 pushing 44 to the scores
c LOG 0 activate 45 previously declared
c LOG 0 enqueueing 45 at the beginning
c LOG 0 enqueueing 45 at the beginning, next: 44, last: 1
c LOG 0 queue unassigned now 1 bumped 0
c LOG 0 pushing 45 to the scores
c LOG 0 activate 46 previously declared
c LOG 0 enqueueing 46 at the beginning
c LOG 0 enqueueing 46 at the beginning, next: 45, last: 1
c LOG 0 queue unassigned now 1 bumped 0
c LOG 0 pushing 46 to the scores
c LOG 0 activate 47 previously declared
c LOG 0 enqueueing 47 at the beginning
c LOG 0 enqueueing 47 at the beginning, next: 46, last: 1
c LOG 0 queue unassigned now 1 bumped 0
c LOG 0 pushing 47 to the scores
c LOG 0 activate 48 previously declared
c LOG 0 enqueueing 48 at the beginning
c LOG 0 enqueueing 48 at the beginning, next: 47, last: 1
c LOG 0 queue unassigned now 1 bumped 0
c LOG 0 pushing 48 to the scores
c LOG 0 activate 49 previously declared
c LOG 0 enqueueing 49 at the beginning
c LOG 0 enqueueing 49 at the beginning, next: 48, last: 1
c LOG 0 queue unassigned now 1 bumped 0
c LOG 0 pushing 49 to the scores
c LOG 0 activate 50 previously declared
c LOG 0 enqueueing 50 at the beginning
c LOG 0 enqueueing 50 at the beginning, next: 49, last: 1
c LOG 0 queue unassigned now 1 bumped 0
c LOG 0 pushing 50 to the scores
c LOG 0 activate 51 previously declared
c LOG 0 enqueueing 51 at the beginning
c LOG 0 enqueueing 51 at the beginning, next: 50, last: 1
c LOG 0 queue unassigned now 1 bumped 0
c LOG 0 pushing 51 to the scores
c LOG 0 PROOF solve query
c LOG 0 reinitializing search limits incrementally
c LOG 0 keeping reduce limit 1 after 1 conflicts
c LOG 0 keeping flush limit 100000 interval 100000
c LOG 0 new rephase limit 1000 after 1000 conflicts
c LOG 0 new restart limit 2 increment 2
c LOG 0 keeping non-stable phase
c LOG 0 new ticks-based stabilize limit 1 after 1 conflicts
c LOG 0 new restart reluctant doubling sequence period 1
c LOG 0 no limit on conflicts
c LOG 0 no limit on decisions
c LOG 0 no limit on ticks
c LOG 0 no local search
c LOG 0 keeping randomize decision limit 2 after 2 conflicts
c LOG 0 starting propagate
c LOG 0 no tainted literals and nothing to restore
c time measured in process time since initialization
c 
c  seconds  reduction conflicts       size tier2     variables
c         MB    restarts   redundant    glue  trail      remaining
c          level     rate       size/glu tier1 irredundant
c 
c *  0.27  0  0 0   0  0    0    0 0.0 0 0 2 6  0%  122  51 50%
c LOG 0 starting propagate
c LOG 0 checking satisfied
CADICAL CHECKING FOR ASYNC TERMINATE.
c LOG 0 checking satisfied
c LOG 0 finalizing
c LOG 0 PROOF reporting status 0
c LOG 0 PROOF conclude unknown
c ?  0.27  0  0 0   0  0    0    0 0.0 0 0 2 6  0%  122  51 50%
c LOG 0 reset limits
c LOG 0 keeping unbounded terminate limit
c LOG 0 keeping unbounded conflict limit
c LOG 0 keeping unbounded decision limit
c LOG 0 reset preprocessing limit to no preprocessing
c LOG 0 reset local search limit to no local search
c LOG 0 keeping unbounded ticks limit
c LOG 0 API call 'propagate_assumptions ()' returns '0'
c LOG 0 API enters state INCONCLUSIVE
c ----------------------------------------------------------------------------
c LOG 0 API call 'implied ()' started
c LOG 0 API call 'implied ()' returns '0'
c ----------------------------------------------------------------------------
c LOG 0 API call 'add (-33)' started
c LOG 0 cleared 0 assumptions
c LOG 0 PROOF reset assumptions
c LOG 0 cleared 0 constraint literals
c LOG 0 API enters state STEADY
c LOG 0 adding external -33 as internal -33
c LOG 0 API enters state ADDING
c LOG 0 API call 'add (-33)' succeeded
c ----------------------------------------------------------------------------
c LOG 0 API call 'add (11)' started
c LOG 0 API enters state STEADY
c LOG 0 adding external 11 as internal 11
c LOG 0 API enters state ADDING
c LOG 0 API call 'add (11)' succeeded
c ----------------------------------------------------------------------------
c LOG 0 API call 'add (47)' started
c LOG 0 API enters state STEADY
c LOG 0 adding external 47 as internal 47
c LOG 0 API enters state ADDING
c LOG 0 API call 'add (47)' succeeded
c ----------------------------------------------------------------------------
c LOG 0 API call 'add (0)' started
c LOG 0 API enters state STEADY
c LOG 0 PROOF adding original external clause -33 11 47
c LOG 0 CHECKER addition of original clause -33 11 47
c LOG 0 original clause -33 11 47
c LOG 0 new pointer 0x60000172c930 irredundant size 3 clause[124] -33 11 47
c LOG 0 marking added irredundant size 3 clause[124] -33 11 47
c LOG 0 watch -33 blit 11 in irredundant size 3 clause[123] -33 11 47
c LOG 0 watch 11 blit -33 in irredundant size 3 clause[123] -33 11 47
c LOG 0 API call 'add (0)' succeeded
c ----------------------------------------------------------------------------
c LOG 0 API call 'add (-23)' started
c LOG 0 adding external -23 as internal -23
c LOG 0 API enters state ADDING
c LOG 0 API call 'add (-23)' succeeded
c ----------------------------------------------------------------------------
c LOG 0 API call 'add (-31)' started
c LOG 0 API enters state STEADY
c LOG 0 adding external -31 as internal -31
c LOG 0 API enters state ADDING
c LOG 0 API call 'add (-31)' succeeded
c ----------------------------------------------------------------------------
c LOG 0 API call 'add (-4)' started
c LOG 0 API enters state STEADY
c LOG 0 adding external -4 as internal -4
c LOG 0 API enters state ADDING
c LOG 0 API call 'add (-4)' succeeded
c ----------------------------------------------------------------------------
c LOG 0 API call 'add (0)' started
c LOG 0 API enters state STEADY
c LOG 0 PROOF adding original external clause -23 -31 -4
c LOG 0 CHECKER addition of original clause -23 -31 -4
c LOG 0 original clause -23 -31 -4
c LOG 0 new pointer 0x60000172c990 irredundant size 3 clause[125] -23 -31 -4
c LOG 0 marking added irredundant size 3 clause[125] -23 -31 -4
c LOG 0 watch -23 blit -31 in irredundant size 3 clause[124] -23 -31 -4
c LOG 0 watch -31 blit -23 in irredundant size 3 clause[124] -23 -31 -4
c LOG 0 API call 'add (0)' succeeded
c ----------------------------------------------------------------------------
c LOG 0 API call 'add (-11)' started
c LOG 0 adding external -11 as internal -11
c LOG 0 API enters state ADDING
c LOG 0 API call 'add (-11)' succeeded
c ----------------------------------------------------------------------------
c LOG 0 API call 'add (-2)' started
c LOG 0 API enters state STEADY
c LOG 0 adding external -2 as internal -2
c LOG 0 API enters state ADDING
c LOG 0 API call 'add (-2)' succeeded
c ----------------------------------------------------------------------------
c LOG 0 API call 'add (-30)' started
c LOG 0 API enters state STEADY
c LOG 0 adding external -30 as internal -30
c LOG 0 API enters state ADDING
c LOG 0 API call 'add (-30)' succeeded
c ----------------------------------------------------------------------------
c LOG 0 API call 'add (0)' started
c LOG 0 API enters state STEADY
c LOG 0 PROOF adding original external clause -11 -2 -30
c LOG 0 CHECKER addition of original clause -11 -2 -30
c LOG 0 original clause -11 -2 -30
c LOG 0 new pointer 0x60000172c9f0 irredundant size 3 clause[126] -11 -2 -30
c LOG 0 marking added irredundant size 3 clause[126] -11 -2 -30
c LOG 0 watch -11 blit -2 in irredundant size 3 clause[125] -11 -2 -30
c LOG 0 watch -2 blit -11 in irredundant size 3 clause[125] -11 -2 -30
c LOG 0 API call 'add (0)' succeeded
c ----------------------------------------------------------------------------
c LOG 0 API call 'add (-40)' started
c LOG 0 adding external -40 as internal -40
c LOG 0 API enters state ADDING
c LOG 0 API call 'add (-40)' succeeded
c ----------------------------------------------------------------------------
c LOG 0 API call 'add (-14)' started
c LOG 0 API enters state STEADY
c LOG 0 adding external -14 as internal -14
c LOG 0 API enters state ADDING
c LOG 0 API call 'add (-14)' succeeded
c ----------------------------------------------------------------------------
c LOG 0 API call 'add (30)' started
c LOG 0 API enters state STEADY
c LOG 0 adding external 30 as internal 30
c LOG 0 API enters state ADDING
c LOG 0 API call 'add (30)' succeeded
c ----------------------------------------------------------------------------
c LOG 0 API call 'add (0)' started
c LOG 0 API enters state STEADY
c LOG 0 PROOF adding original external clause -40 -14 30
c LOG 0 CHECKER addition of original clause -40 -14 30
c LOG 0 original clause -40 -14 30
c LOG 0 new pointer 0x60000172ca50 irredundant size 3 clause[127] -40 -14 30
c LOG 0 marking added irredundant size 3 clause[127] -40 -14 30
c LOG 0 watch -40 blit -14 in irredundant size 3 clause[126] -40 -14 30
c LOG 0 watch -14 blit -40 in irredundant size 3 clause[126] -40 -14 30
c LOG 0 API call 'add (0)' succeeded
c ----------------------------------------------------------------------------
c LOG 0 API call 'add (15)' started
c LOG 0 adding external 15 as internal 15
c LOG 0 API enters state ADDING
c LOG 0 API call 'add (15)' succeeded
c ----------------------------------------------------------------------------
c LOG 0 API call 'add (-50)' started
c LOG 0 API enters state STEADY
c LOG 0 adding external -50 as internal -50
c LOG 0 API enters state ADDING
c LOG 0 API call 'add (-50)' succeeded
c ----------------------------------------------------------------------------
c LOG 0 API call 'add (-42)' started
c LOG 0 API enters state STEADY
c LOG 0 adding external -42 as internal -42
c LOG 0 API enters state ADDING
c LOG 0 API call 'add (-42)' succeeded
c ----------------------------------------------------------------------------
c LOG 0 API call 'add (0)' started
c LOG 0 API enters state STEADY
c LOG 0 PROOF adding original external clause 15 -50 -42
c LOG 0 CHECKER addition of original clause 15 -50 -42
c LOG 0 original clause 15 -50 -42
c LOG 0 new pointer 0x600001724a20 irredundant size 3 clause[128] 15 -50 -42
c LOG 0 marking added irredundant size 3 clause[128] 15 -50 -42
c LOG 0 watch 15 blit -50 in irredundant size 3 clause[127] 15 -50 -42
c LOG 0 watch -50 blit 15 in irredundant size 3 clause[127] 15 -50 -42
c LOG 0 API call 'add (0)' succeeded
c ----------------------------------------------------------------------------
c LOG 0 API call 'add (-26)' started
c LOG 0 adding external -26 as internal -26
c LOG 0 API enters state ADDING
c LOG 0 API call 'add (-26)' succeeded
c ----------------------------------------------------------------------------
c LOG 0 API call 'add (-10)' started
c LOG 0 API enters state STEADY
c LOG 0 adding external -10 as internal -10
c LOG 0 API enters state ADDING
c LOG 0 API call 'add (-10)' succeeded
c ----------------------------------------------------------------------------
c LOG 0 API call 'add (48)' started
c LOG 0 API enters state STEADY
c LOG 0 adding external 48 as internal 48
c LOG 0 API enters state ADDING
c LOG 0 API call 'add (48)' succeeded
c ----------------------------------------------------------------------------
c LOG 0 API call 'add (0)' started
c LOG 0 API enters state STEADY
c LOG 0 PROOF adding original external clause -26 -10 48
c LOG 0 CHECKER addition of original clause -26 -10 48
c LOG 0 original clause -26 -10 48
c LOG 0 new pointer 0x600001724a80 irredundant size 3 clause[129] -26 -10 48
c LOG 0 marking added irredundant size 3 clause[129] -26 -10 48
c LOG 0 watch -26 blit -10 in irredundant size 3 clause[128] -26 -10 48
c LOG 0 watch -10 blit -26 in irredundant size 3 clause[128] -26 -10 48
c LOG 0 API call 'add (0)' succeeded
c ----------------------------------------------------------------------------
c LOG 0 API call 'add (31)' started
c LOG 0 adding external 31 as internal 31
c LOG 0 API enters state ADDING
c LOG 0 API call 'add (31)' succeeded
c ----------------------------------------------------------------------------
c LOG 0 API call 'add (-14)' started
c LOG 0 API enters state STEADY
c LOG 0 adding external -14 as internal -14
c LOG 0 API enters state ADDING
c LOG 0 API call 'add (-14)' succeeded
c ----------------------------------------------------------------------------
c LOG 0 API call 'add (18)' started
c LOG 0 API enters state STEADY
c LOG 0 adding external 18 as internal 18
c LOG 0 API enters state ADDING
c LOG 0 API call 'add (18)' succeeded
c ----------------------------------------------------------------------------
c LOG 0 API call 'add (0)' started
c LOG 0 API enters state STEADY
c LOG 0 PROOF adding original external clause 31 -14 18
c LOG 0 CHECKER addition of original clause 31 -14 18
c LOG 0 CHECKER enlarging clauses of checker from 128 to 256
c LOG 0 original clause 31 -14 18
c LOG 0 new pointer 0x600001724ae0 irredundant size 3 clause[130] 31 -14 18
c LOG 0 marking added irredundant size 3 clause[130] 31 -14 18
c LOG 0 watch 31 blit -14 in irredundant size 3 clause[129] 31 -14 18
c LOG 0 watch -14 blit 31 in irredundant size 3 clause[129] 31 -14 18
c LOG 0 API call 'add (0)' succeeded
c ----------------------------------------------------------------------------
c LOG 0 API call 'add (-9)' started
c LOG 0 adding external -9 as internal -9
c LOG 0 API enters state ADDING
c LOG 0 API call 'add (-9)' succeeded
c ----------------------------------------------------------------------------
c LOG 0 API call 'add (-19)' started
c LOG 0 API enters state STEADY
c LOG 0 adding external -19 as internal -19
c LOG 0 API enters state ADDING
c LOG 0 API call 'add (-19)' succeeded
c ----------------------------------------------------------------------------
c LOG 0 API call 'add (16)' started
c LOG 0 API enters state STEADY
c LOG 0 adding external 16 as internal 16
c LOG 0 API enters state ADDING
c LOG 0 API call 'add (16)' succeeded
c ----------------------------------------------------------------------------
c LOG 0 API call 'add (0)' started
c LOG 0 API enters state STEADY
c LOG 0 PROOF adding original external clause -9 -19 16
c LOG 0 CHECKER addition of original clause -9 -19 16
c LOG 0 original clause -9 -19 16
c LOG 0 new pointer 0x600001724b40 irredundant size 3 clause[131] -9 -19 16
c LOG 0 marking added irredundant size 3 clause[131] -9 -19 16
c LOG 0 watch -9 blit -19 in irredundant size 3 clause[130] -9 -19 16
c LOG 0 watch -19 blit -9 in irredundant size 3 clause[130] -9 -19 16
c LOG 0 API call 'add (0)' succeeded
c ----------------------------------------------------------------------------
c LOG 0 API call 'add (16)' started
c LOG 0 adding external 16 as internal 16
c LOG 0 API enters state ADDING
c LOG 0 API call 'add (16)' succeeded
c ----------------------------------------------------------------------------
c LOG 0 API call 'add (15)' started
c LOG 0 API enters state STEADY
c LOG 0 adding external 15 as internal 15
c LOG 0 API enters state ADDING
c LOG 0 API call 'add (15)' succeeded
c ----------------------------------------------------------------------------
c LOG 0 API call 'add (20)' started
c LOG 0 API enters state STEADY
c LOG 0 adding external 20 as internal 20
c LOG 0 API enters state ADDING
c LOG 0 API call 'add (20)' succeeded
c ----------------------------------------------------------------------------
c LOG 0 API call 'add (0)' started
c LOG 0 API enters state STEADY
c LOG 0 PROOF adding original external clause 16 15 20
c LOG 0 CHECKER addition of original clause 16 15 20
c LOG 0 original clause 16 15 20
c LOG 0 new pointer 0x600001724ba0 irredundant size 3 clause[132] 16 15 20
c LOG 0 marking added irredundant size 3 clause[132] 16 15 20
c LOG 0 watch 16 blit 15 in irredundant size 3 clause[131] 16 15 20
c LOG 0 watch 15 blit 16 in irredundant size 3 clause[131] 16 15 20
c LOG 0 API call 'add (0)' succeeded
c ----------------------------------------------------------------------------
c LOG 0 API call 'add (50)' started
c LOG 0 adding external 50 as internal 50
c LOG 0 API enters state ADDING
c LOG 0 API call 'add (50)' succeeded
c ----------------------------------------------------------------------------
c LOG 0 API call 'add (35)' started
c LOG 0 API enters state STEADY
c LOG 0 adding external 35 as internal 35
c LOG 0 API enters state ADDING
c LOG 0 API call 'add (35)' succeeded
c ----------------------------------------------------------------------------
c LOG 0 API call 'add (-4)' started
c LOG 0 API enters state STEADY
c LOG 0 adding external -4 as internal -4
c LOG 0 API enters state ADDING
c LOG 0 API call 'add (-4)' succeeded
c ----------------------------------------------------------------------------
c LOG 0 API call 'add (-45)' started
c LOG 0 API enters state STEADY
c LOG 0 adding external -45 as internal -45
c LOG 0 API enters state ADDING
c LOG 0 API call 'add (-45)' succeeded
c ----------------------------------------------------------------------------
c LOG 0 API call 'add (0)' started
c LOG 0 API enters state STEADY
c LOG 0 PROOF adding original external clause 50 35 -4 -45
c LOG 0 CHECKER addition of original clause 50 35 -4 -45
c LOG 0 original clause 50 35 -4 -45
c LOG 0 new pointer 0x6000017190b0 irredundant size 4 clause[133] 50 35 -4 -45
c LOG 0 marking added irredundant size 4 clause[133] 50 35 -4 -45
c LOG 0 watch 50 blit 35 in irredundant size 4 clause[132] 50 35 -4 -45
c LOG 0 watch 35 blit 50 in irredundant size 4 clause[132] 50 35 -4 -45
c LOG 0 API call 'add (0)' succeeded
c ----------------------------------------------------------------------------
c LOG 0 API call 'irredundant ()' started
c LOG 0 API call 'irredundant ()' returns '132'
c ----------------------------------------------------------------------------
c LOG 0 API call 'add (32)' started
c LOG 0 adding external 32 as internal 32
c LOG 0 API enters state ADDING
c LOG 0 API call 'add (32)' succeeded
c ----------------------------------------------------------------------------
c LOG 0 API call 'add (11)' started
c LOG 0 API enters state STEADY
c LOG 0 adding external 11 as internal 11
c LOG 0 API enters state ADDING
c LOG 0 API call 'add (11)' succeeded
c ----------------------------------------------------------------------------
c LOG 0 API call 'add (1)' started
c LOG 0 API enters state STEADY
c LOG 0 adding external 1 as internal 1
c LOG 0 API enters state ADDING
c LOG 0 API call 'add (1)' succeeded
c ----------------------------------------------------------------------------
c LOG 0 API call 'add (0)' started
c LOG 0 API enters state STEADY
c LOG 0 PROOF adding original external clause 32 11 1
c LOG 0 CHECKER addition of original clause 32 11 1
c LOG 0 original clause 32 11 1
c LOG 0 new pointer 0x600001719110 irredundant size 3 clause[134] 32 11 1
c LOG 0 marking added irredundant size 3 clause[134] 32 11 1
c LOG 0 watch 32 blit 11 in irredundant size 3 clause[133] 32 11 1
c LOG 0 watch 11 blit 32 in irredundant size 3 clause[133] 32 11 1
c LOG 0 API call 'add (0)' succeeded
c ----------------------------------------------------------------------------
c LOG 0 API call 'add (1)' started
c LOG 0 adding external 1 as internal 1
c LOG 0 API enters state ADDING
c LOG 0 API call 'add (1)' succeeded
c ----------------------------------------------------------------------------
c LOG 0 API call 'add (40)' started
c LOG 0 API enters state STEADY
c LOG 0 adding external 40 as internal 40
c LOG 0 API enters state ADDING
c LOG 0 API call 'add (40)' succeeded
c ----------------------------------------------------------------------------
c LOG 0 API call 'add (-2)' started
c LOG 0 API enters state STEADY
c LOG 0 adding external -2 as internal -2
c LOG 0 API enters state ADDING
c LOG 0 API call 'add (-2)' succeeded
c ----------------------------------------------------------------------------
c LOG 0 API call 'add (0)' started
c LOG 0 API enters state STEADY
c LOG 0 PROOF adding original external clause 1 40 -2
c LOG 0 CHECKER addition of original clause 1 40 -2
c LOG 0 original clause 1 40 -2
c LOG 0 new pointer 0x600001719170 irredundant size 3 clause[135] 1 40 -2
c LOG 0 marking added irredundant size 3 clause[135] 1 40 -2
c LOG 0 watch 1 blit 40 in irredundant size 3 clause[134] 1 40 -2
c LOG 0 watch 40 blit 1 in irredundant size 3 clause[134] 1 40 -2
c LOG 0 API call 'add (0)' succeeded
c ----------------------------------------------------------------------------
c LOG 0 API call 'active ()' started
c LOG 0 API call 'active ()' returns '51'
c ----------------------------------------------------------------------------
c LOG 0 API call 'add (20)' started
c LOG 0 adding external 20 as internal 20
c LOG 0 API enters state ADDING
c LOG 0 API call 'add (20)' succeeded
c ----------------------------------------------------------------------------
c LOG 0 API call 'add (-43)' started
c LOG 0 API enters state STEADY
c LOG 0 adding external -43 as internal -43
c LOG 0 API enters state ADDING
c LOG 0 API call 'add (-43)' succeeded
c ----------------------------------------------------------------------------
c LOG 0 API call 'add (-51)' started
c LOG 0 API enters state STEADY
c LOG 0 adding external -51 as internal -51
c LOG 0 API enters state ADDING
c LOG 0 API call 'add (-51)' succeeded
c ----------------------------------------------------------------------------
c LOG 0 API call 'add (32)' started
c LOG 0 API enters state STEADY
c LOG 0 adding external 32 as internal 32
c LOG 0 API enters state ADDING
c LOG 0 API call 'add (32)' succeeded
c ----------------------------------------------------------------------------
c LOG 0 API call 'add (0)' started
c LOG 0 API enters state STEADY
c LOG 0 PROOF adding original external clause 20 -43 -51 32
c LOG 0 CHECKER addition of original clause 20 -43 -51 32
c LOG 0 original clause 20 -43 -51 32
c LOG 0 new pointer 0x6000017191d0 irredundant size 4 clause[136] 20 -43 -51 32
c LOG 0 marking added irredundant size 4 clause[136] 20 -43 -51 32
c LOG 0 watch 20 blit -43 in irredundant size 4 clause[135] 20 -43 -51 32
c LOG 0 watch -43 blit 20 in irredundant size 4 clause[135] 20 -43 -51 32
c LOG 0 API call 'add (0)' succeeded
c ----------------------------------------------------------------------------
c LOG 0 API call 'irredundant ()' started
c LOG 0 API call 'irredundant ()' returns '135'
c ----------------------------------------------------------------------------
c LOG 0 API call 'add (-41)' started
c LOG 0 adding external -41 as internal -41
c LOG 0 API enters state ADDING
c LOG 0 API call 'add (-41)' succeeded
c ----------------------------------------------------------------------------
c LOG 0 API call 'add (-8)' started
c LOG 0 API enters state STEADY
c LOG 0 adding external -8 as internal -8
c LOG 0 API enters state ADDING
c LOG 0 API call 'add (-8)' succeeded
c ----------------------------------------------------------------------------
c LOG 0 API call 'add (25)' started
c LOG 0 API enters state STEADY
c LOG 0 adding external 25 as internal 25
c LOG 0 API enters state ADDING
c LOG 0 API call 'add (25)' succeeded
c ----------------------------------------------------------------------------
c LOG 0 API call 'add (-17)' started
c LOG 0 API enters state STEADY
c LOG 0 adding external -17 as internal -17
c LOG 0 API enters state ADDING
c LOG 0 API call 'add (-17)' succeeded
c ----------------------------------------------------------------------------
c LOG 0 API call 'add (-22)' started
c LOG 0 API enters state STEADY
c LOG 0 adding external -22 as internal -22
c LOG 0 API enters state ADDING
c LOG 0 API call 'add (-22)' succeeded
c ----------------------------------------------------------------------------
c LOG 0 API call 'add (-26)' started
c LOG 0 API enters state STEADY
c LOG 0 adding external -26 as internal -26
c LOG 0 API enters state ADDING
c LOG 0 API call 'add (-26)' succeeded
c ----------------------------------------------------------------------------
c LOG 0 API call 'add (0)' started
c LOG 0 API enters state STEADY
c LOG 0 PROOF adding original external clause -41 -8 25 -17 -22 -26
c LOG 0 CHECKER addition of original clause -41 -8 25 -17 -22 -26
c LOG 0 original clause -41 -8 25 -17 -22 -26
c LOG 0 new pointer 0x60000172cab0 irredundant size 6 clause[137] -41 -8 25 -17 -22 -26
c LOG 0 marking added irredundant size 6 clause[137] -41 -8 25 -17 -22 -26
c LOG 0 watch -41 blit -8 in irredundant size 6 clause[136] -41 -8 25 -17 -22 -26
c LOG 0 watch -8 blit -41 in irredundant size 6 clause[136] -41 -8 25 -17 -22 -26
c LOG 0 API call 'add (0)' succeeded
c ----------------------------------------------------------------------------
c LOG 0 API call 'add (30)' started
c LOG 0 adding external 30 as internal 30
c LOG 0 API enters state ADDING
c LOG 0 API call 'add (30)' succeeded
c ----------------------------------------------------------------------------
c LOG 0 API call 'add (-38)' started
c LOG 0 API enters state STEADY
c LOG 0 adding external -38 as internal -38
c LOG 0 API enters state ADDING
c LOG 0 API call 'add (-38)' succeeded
c ----------------------------------------------------------------------------
c LOG 0 API call 'add (-12)' started
c LOG 0 API enters state STEADY
c LOG 0 adding external -12 as internal -12
c LOG 0 API enters state ADDING
c LOG 0 API call 'add (-12)' succeeded
c ----------------------------------------------------------------------------
c LOG 0 API call 'add (0)' started
c LOG 0 API enters state STEADY
c LOG 0 PROOF adding original external clause 30 -38 -12
c LOG 0 CHECKER addition of original clause 30 -38 -12
c LOG 0 original clause 30 -38 -12
c LOG 0 new pointer 0x60000172cb10 irredundant size 3 clause[138] 30 -38 -12
c LOG 0 marking added irredundant size 3 clause[138] 30 -38 -12
c LOG 0 watch 30 blit -38 in irredundant size 3 clause[137] 30 -38 -12
c LOG 0 watch -38 blit 30 in irredundant size 3 clause[137] 30 -38 -12
c LOG 0 API call 'add (0)' succeeded
c ----------------------------------------------------------------------------
c LOG 0 API call 'add (-30)' started
c LOG 0 adding external -30 as internal -30
c LOG 0 API enters state ADDING
c LOG 0 API call 'add (-30)' succeeded
c ----------------------------------------------------------------------------
c LOG 0 API call 'add (-11)' started
c LOG 0 API enters state STEADY
c LOG 0 adding external -11 as internal -11
c LOG 0 API enters state ADDING
c LOG 0 API call 'add (-11)' succeeded
c ----------------------------------------------------------------------------
c LOG 0 API call 'add (0)' started
c LOG 0 API enters state STEADY
c LOG 0 PROOF adding original external clause -30 -11
c LOG 0 CHECKER addition of original clause -30 -11
c LOG 0 original clause -30 -11
c LOG 0 new pointer 0x60000190c4e0 irredundant size 2 clause[139] -30 -11
c LOG 0 marking added irredundant size 2 clause[139] -30 -11
c LOG 0 watch -30 blit -11 in irredundant size 2 clause[138] -30 -11
c LOG 0 watch -11 blit -30 in irredundant size 2 clause[138] -30 -11
c LOG 0 API call 'add (0)' succeeded
c ----------------------------------------------------------------------------
c LOG 0 API call 'add (45)' started
c LOG 0 adding external 45 as internal 45
c LOG 0 API enters state ADDING
c LOG 0 API call 'add (45)' succeeded
c ----------------------------------------------------------------------------
c LOG 0 API call 'add (-38)' started
c LOG 0 API enters state STEADY
c LOG 0 adding external -38 as internal -38
c LOG 0 API enters state ADDING
c LOG 0 API call 'add (-38)' succeeded
c ----------------------------------------------------------------------------
c LOG 0 API call 'add (17)' started
c LOG 0 API enters state STEADY
c LOG 0 adding external 17 as internal 17
c LOG 0 API enters state ADDING
c LOG 0 API call 'add (17)' succeeded
c ----------------------------------------------------------------------------
c LOG 0 API call 'add (0)' started
c LOG 0 API enters state STEADY
c LOG 0 PROOF adding original external clause 45 -38 17
c LOG 0 CHECKER addition of original clause 45 -38 17
c LOG 0 original clause 45 -38 17
c LOG 0 new pointer 0x600001720ae0 irredundant size 3 clause[140] 45 -38 17
c LOG 0 marking added irredundant size 3 clause[140] 45 -38 17
c LOG 0 watch 45 blit -38 in irredundant size 3 clause[139] 45 -38 17
c LOG 0 watch -38 blit 45 in irredundant size 3 clause[139] 45 -38 17
c LOG 0 API call 'add (0)' succeeded
c ----------------------------------------------------------------------------
c LOG 0 API call 'add (34)' started
c LOG 0 adding external 34 as internal 34
c LOG 0 API enters state ADDING
c LOG 0 API call 'add (34)' succeeded
c ----------------------------------------------------------------------------
c LOG 0 API call 'add (-16)' started
c LOG 0 API enters state STEADY
c LOG 0 adding external -16 as internal -16
c LOG 0 API enters state ADDING
c LOG 0 API call 'add (-16)' succeeded
c ----------------------------------------------------------------------------
c LOG 0 API call 'add (-29)' started
c LOG 0 API enters state STEADY
c LOG 0 adding external -29 as internal -29
c LOG 0 API enters state ADDING
c LOG 0 API call 'add (-29)' succeeded
c ----------------------------------------------------------------------------
c LOG 0 API call 'add (0)' started
c LOG 0 API enters state STEADY
c LOG 0 PROOF adding original external clause 34 -16 -29
c LOG 0 CHECKER addition of original clause 34 -16 -29
c LOG 0 original clause 34 -16 -29
c LOG 0 new pointer 0x600001719230 irredundant size 3 clause[141] 34 -16 -29
c LOG 0 marking added irredundant size 3 clause[141] 34 -16 -29
c LOG 0 watch 34 blit -16 in irredundant size 3 clause[140] 34 -16 -29
c LOG 0 watch -16 blit 34 in irredundant size 3 clause[140] 34 -16 -29
c LOG 0 API call 'add (0)' succeeded
c ----------------------------------------------------------------------------
c LOG 0 API call 'add (40)' started
c LOG 0 adding external 40 as internal 40
c LOG 0 API enters state ADDING
c LOG 0 API call 'add (40)' succeeded
c ----------------------------------------------------------------------------
c LOG 0 API call 'add (30)' started
c LOG 0 API enters state STEADY
c LOG 0 adding external 30 as internal 30
c LOG 0 API enters state ADDING
c LOG 0 API call 'add (30)' succeeded
c ----------------------------------------------------------------------------
c LOG 0 API call 'add (31)' started
c LOG 0 API enters state STEADY
c LOG 0 adding external 31 as internal 31
c LOG 0 API enters state ADDING
c LOG 0 API call 'add (31)' succeeded
c ----------------------------------------------------------------------------
c LOG 0 API call 'add (0)' started
c LOG 0 API enters state STEADY
c LOG 0 PROOF adding original external clause 40 30 31
c LOG 0 CHECKER addition of original clause 40 30 31
c LOG 0 original clause 40 30 31
c LOG 0 new pointer 0x600001719290 irredundant size 3 clause[142] 40 30 31
c LOG 0 marking added irredundant size 3 clause[142] 40 30 31
c LOG 0 watch 40 blit 30 in irredundant size 3 clause[141] 40 30 31
c LOG 0 watch 30 blit 40 in irredundant size 3 clause[141] 40 30 31
c LOG 0 API call 'add (0)' succeeded
c ----------------------------------------------------------------------------
c LOG 0 API call 'add (8)' started
c LOG 0 adding external 8 as internal 8
c LOG 0 API enters state ADDING
c LOG 0 API call 'add (8)' succeeded
c ----------------------------------------------------------------------------
c LOG 0 API call 'add (3)' started
c LOG 0 API enters state STEADY
c LOG 0 adding external 3 as internal 3
c LOG 0 API enters state ADDING
c LOG 0 API call 'add (3)' succeeded
c ----------------------------------------------------------------------------
c LOG 0 API call 'add (35)' started
c LOG 0 API enters state STEADY
c LOG 0 adding external 35 as internal 35
c LOG 0 API enters state ADDING
c LOG 0 API call 'add (35)' succeeded
c ----------------------------------------------------------------------------
c LOG 0 API call 'add (0)' started
c LOG 0 API enters state STEADY
c LOG 0 PROOF adding original external clause 8 3 35
c LOG 0 CHECKER addition of original clause 8 3 35
c LOG 0 original clause 8 3 35
c LOG 0 new pointer 0x6000017192f0 irredundant size 3 clause[143] 8 3 35
c LOG 0 marking added irredundant size 3 clause[143] 8 3 35
c LOG 0 watch 8 blit 3 in irredundant size 3 clause[142] 8 3 35
c LOG 0 watch 3 blit 8 in irredundant size 3 clause[142] 8 3 35
c LOG 0 API call 'add (0)' succeeded
c ----------------------------------------------------------------------------
c LOG 0 API call 'add (39)' started
c LOG 0 adding external 39 as internal 39
c LOG 0 API enters state ADDING
c LOG 0 API call 'add (39)' succeeded
c ----------------------------------------------------------------------------
c LOG 0 API call 'add (7)' started
c LOG 0 API enters state STEADY
c LOG 0 adding external 7 as internal 7
c LOG 0 API enters state ADDING
c LOG 0 API call 'add (7)' succeeded
c ----------------------------------------------------------------------------
c LOG 0 API call 'add (-19)' started
c LOG 0 API enters state STEADY
c LOG 0 adding external -19 as internal -19
c LOG 0 API enters state ADDING
c LOG 0 API call 'add (-19)' succeeded
c ----------------------------------------------------------------------------
c LOG 0 API call 'add (0)' started
c LOG 0 API enters state STEADY
c LOG 0 PROOF adding original external clause 39 7 -19
c LOG 0 CHECKER addition of original clause 39 7 -19
c LOG 0 original clause 39 7 -19
c LOG 0 new pointer 0x600001719350 irredundant size 3 clause[144] 39 7 -19
c LOG 0 marking added irredundant size 3 clause[144] 39 7 -19
c LOG 0 watch 39 blit 7 in irredundant size 3 clause[143] 39 7 -19
c LOG 0 watch 7 blit 39 in irredundant size 3 clause[143] 39 7 -19
c LOG 0 API call 'add (0)' succeeded
c ----------------------------------------------------------------------------
c LOG 0 API call 'add (-43)' started
c LOG 0 adding external -43 as internal -43
c LOG 0 API enters state ADDING
c LOG 0 API call 'add (-43)' succeeded
c ----------------------------------------------------------------------------
c LOG 0 API call 'add (3)' started
c LOG 0 API enters state STEADY
c LOG 0 adding external 3 as internal 3
c LOG 0 API enters state ADDING
c LOG 0 API call 'add (3)' succeeded
c ----------------------------------------------------------------------------
c LOG 0 API call 'add (-12)' started
c LOG 0 API enters state STEADY
c LOG 0 adding external -12 as internal -12
c LOG 0 API enters state ADDING
c LOG 0 API call 'add (-12)' succeeded
c ----------------------------------------------------------------------------
c LOG 0 API call 'add (0)' started
c LOG 0 API enters state STEADY
c LOG 0 PROOF adding original external clause -43 3 -12
c LOG 0 CHECKER addition of original clause -43 3 -12
c LOG 0 original clause -43 3 -12
c LOG 0 new pointer 0x6000017193b0 irredundant size 3 clause[145] -43 3 -12
c LOG 0 marking added irredundant size 3 clause[145] -43 3 -12
c LOG 0 watch -43 blit 3 in irredundant size 3 clause[144] -43 3 -12
c LOG 0 watch 3 blit -43 in irredundant size 3 clause[144] -43 3 -12
c LOG 0 API call 'add (0)' succeeded
c ----------------------------------------------------------------------------
c LOG 0 API call 'add (-12)' started
c LOG 0 adding external -12 as internal -12
c LOG 0 API enters state ADDING
c LOG 0 API call 'add (-12)' succeeded
c ----------------------------------------------------------------------------
c LOG 0 API call 'add (51)' started
c LOG 0 API enters state STEADY
c LOG 0 adding external 51 as internal 51
c LOG 0 API enters state ADDING
c LOG 0 API call 'add (51)' succeeded
c ----------------------------------------------------------------------------
c LOG 0 API call 'add (-5)' started
c LOG 0 API enters state STEADY
c LOG 0 adding external -5 as internal -5
c LOG 0 API enters state ADDING
c LOG 0 API call 'add (-5)' succeeded
c ----------------------------------------------------------------------------
c LOG 0 API call 'add (0)' started
c LOG 0 API enters state STEADY
c LOG 0 PROOF adding original external clause -12 51 -5
c LOG 0 CHECKER addition of original clause -12 51 -5
c LOG 0 original clause -12 51 -5
c LOG 0 new pointer 0x600001730030 irredundant size 3 clause[146] -12 51 -5
c LOG 0 marking added irredundant size 3 clause[146] -12 51 -5
c LOG 0 watch -12 blit 51 in irredundant size 3 clause[145] -12 51 -5
c LOG 0 watch 51 blit -12 in irredundant size 3 clause[145] -12 51 -5
c LOG 0 API call 'add (0)' succeeded
c ----------------------------------------------------------------------------
c LOG 0 API call 'add (22)' started
c LOG 0 adding external 22 as internal 22
c LOG 0 API enters state ADDING
c LOG 0 API call 'add (22)' succeeded
c ----------------------------------------------------------------------------
c LOG 0 API call 'add (-30)' started
c LOG 0 API enters state STEADY
c LOG 0 adding external -30 as internal -30
c LOG 0 API enters state ADDING
c LOG 0 API call 'add (-30)' succeeded
c ----------------------------------------------------------------------------
c LOG 0 API call 'add (38)' started
c LOG 0 API enters state STEADY
c LOG 0 adding external 38 as internal 38
c LOG 0 API enters state ADDING
c LOG 0 API call 'add (38)' succeeded
c ----------------------------------------------------------------------------
c LOG 0 API call 'add (0)' started
c LOG 0 API enters state STEADY
c LOG 0 PROOF adding original external clause 22 -30 38
c LOG 0 CHECKER addition of original clause 22 -30 38
c LOG 0 original clause 22 -30 38
c LOG 0 new pointer 0x600001730090 irredundant size 3 clause[147] 22 -30 38
c LOG 0 marking added irredundant size 3 clause[147] 22 -30 38
c LOG 0 watch 22 blit -30 in irredundant size 3 clause[146] 22 -30 38
c LOG 0 watch -30 blit 22 in irredundant size 3 clause[146] 22 -30 38
c LOG 0 API call 'add (0)' succeeded
c ----------------------------------------------------------------------------
c LOG 0 API call 'add (-17)' started
c LOG 0 adding external -17 as internal -17
c LOG 0 API enters state ADDING
c LOG 0 API call 'add (-17)' succeeded
c ----------------------------------------------------------------------------
c LOG 0 API call 'add (-37)' started
c LOG 0 API enters state STEADY
c LOG 0 adding external -37 as internal -37
c LOG 0 API enters state ADDING
c LOG 0 API call 'add (-37)' succeeded
c ----------------------------------------------------------------------------
c LOG 0 API call 'add (28)' started
c LOG 0 API enters state STEADY
c LOG 0 adding external 28 as internal 28
c LOG 0 API enters state ADDING
c LOG 0 API call 'add (28)' succeeded
c ----------------------------------------------------------------------------
c LOG 0 API call 'add (0)' started
c LOG 0 API enters state STEADY
c LOG 0 PROOF adding original external clause -17 -37 28
c LOG 0 CHECKER addition of original clause -17 -37 28
c LOG 0 original clause -17 -37 28
c LOG 0 new pointer 0x6000017300f0 irredundant size 3 clause[148] -17 -37 28
c LOG 0 marking added irredundant size 3 clause[148] -17 -37 28
c LOG 0 watch -17 blit -37 in irredundant size 3 clause[147] -17 -37 28
c LOG 0 watch -37 blit -17 in irredundant size 3 clause[147] -17 -37 28
c LOG 0 API call 'add (0)' succeeded
c ----------------------------------------------------------------------------
c LOG 0 API call 'redundant ()' started
c LOG 0 API call 'redundant ()' returns '0'
c ----------------------------------------------------------------------------
c LOG 0 API call 'add (-30)' started
c LOG 0 adding external -30 as internal -30
c LOG 0 API enters state ADDING
c LOG 0 API call 'add (-30)' succeeded
c ----------------------------------------------------------------------------
c LOG 0 API call 'add (-31)' started
c LOG 0 API enters state STEADY
c LOG 0 adding external -31 as internal -31
c LOG 0 API enters state ADDING
c LOG 0 API call 'add (-31)' succeeded
c ----------------------------------------------------------------------------
c LOG 0 API call 'add (-24)' started
c LOG 0 API enters state STEADY
c LOG 0 adding external -24 as internal -24
c LOG 0 API enters state ADDING
c LOG 0 API call 'add (-24)' succeeded
c ----------------------------------------------------------------------------
c LOG 0 API call 'add (0)' started
c LOG 0 API enters state STEADY
c LOG 0 PROOF adding original external clause -30 -31 -24
c LOG 0 CHECKER addition of original clause -30 -31 -24
c LOG 0 original clause -30 -31 -24
c LOG 0 new pointer 0x600001719410 irredundant size 3 clause[149] -30 -31 -24
c LOG 0 marking added irredundant size 3 clause[149] -30 -31 -24
c LOG 0 watch -30 blit -31 in irredundant size 3 clause[148] -30 -31 -24
c LOG 0 watch -31 blit -30 in irredundant size 3 clause[148] -30 -31 -24
c LOG 0 API call 'add (0)' succeeded
c ----------------------------------------------------------------------------
c LOG 0 API call 'add (-45)' started
c LOG 0 adding external -45 as internal -45
c LOG 0 API enters state ADDING
c LOG 0 API call 'add (-45)' succeeded
c ----------------------------------------------------------------------------
c LOG 0 API call 'add (29)' started
c LOG 0 API enters state STEADY
c LOG 0 adding external 29 as internal 29
c LOG 0 API enters state ADDING
c LOG 0 API call 'add (29)' succeeded
c ----------------------------------------------------------------------------
c LOG 0 API call 'add (8)' started
c LOG 0 API enters state STEADY
c LOG 0 adding external 8 as internal 8
c LOG 0 API enters state ADDING
c LOG 0 API call 'add (8)' succeeded
c ----------------------------------------------------------------------------
c LOG 0 API call 'add (0)' started
c LOG 0 API enters state STEADY
c LOG 0 PROOF adding original external clause -45 29 8
c LOG 0 CHECKER addition of original clause -45 29 8
c LOG 0 original clause -45 29 8
c LOG 0 new pointer 0x600001720b40 irredundant size 3 clause[150] -45 29 8
c LOG 0 marking added irredundant size 3 clause[150] -45 29 8
c LOG 0 watch -45 blit 29 in irredundant size 3 clause[149] -45 29 8
c LOG 0 watch 29 blit -45 in irredundant size 3 clause[149] -45 29 8
c LOG 0 API call 'add (0)' succeeded
c ----------------------------------------------------------------------------
c LOG 0 API call 'add (-33)' started
c LOG 0 adding external -33 as internal -33
c LOG 0 API enters state ADDING
c LOG 0 API call 'add (-33)' succeeded
c ----------------------------------------------------------------------------
c LOG 0 API call 'add (-13)' started
c LOG 0 API enters state STEADY
c LOG 0 adding external -13 as internal -13
c LOG 0 API enters state ADDING
c LOG 0 API call 'add (-13)' succeeded
c ----------------------------------------------------------------------------
c LOG 0 API call 'add (16)' started
c LOG 0 API enters state STEADY
c LOG 0 adding external 16 as internal 16
c LOG 0 API enters state ADDING
c LOG 0 API call 'add (16)' succeeded
c ----------------------------------------------------------------------------
c LOG 0 API call 'add (0)' started
c LOG 0 API enters state STEADY
c LOG 0 PROOF adding original external clause -33 -13 16
c LOG 0 CHECKER addition of original clause -33 -13 16
c LOG 0 original clause -33 -13 16
c LOG 0 new pointer 0x600001720ba0 irredundant size 3 clause[151] -33 -13 16
c LOG 0 marking added irredundant size 3 clause[151] -33 -13 16
c LOG 0 watch -33 blit -13 in irredundant size 3 clause[150] -33 -13 16
c LOG 0 watch -13 blit -33 in irredundant size 3 clause[150] -33 -13 16
c LOG 0 API call 'add (0)' succeeded
c ----------------------------------------------------------------------------
c LOG 0 API call 'active ()' started
c LOG 0 API call 'active ()' returns '51'
c ----------------------------------------------------------------------------
c LOG 0 API call 'add (27)' started
c LOG 0 adding external 27 as internal 27
c LOG 0 API enters state ADDING
c LOG 0 API call 'add (27)' succeeded
c ----------------------------------------------------------------------------
c LOG 0 API call 'add (1)' started
c LOG 0 API enters state STEADY
c LOG 0 adding external 1 as internal 1
c LOG 0 API enters state ADDING
c LOG 0 API call 'add (1)' succeeded
c ----------------------------------------------------------------------------
c LOG 0 API call 'add (2)' started
c LOG 0 API enters state STEADY
c LOG 0 adding external 2 as internal 2
c LOG 0 API enters state ADDING
c LOG 0 API call 'add (2)' succeeded
c ----------------------------------------------------------------------------
c LOG 0 API call 'add (-16)' started
c LOG 0 API enters state STEADY
c LOG 0 adding external -16 as internal -16
c LOG 0 API enters state ADDING
c LOG 0 API call 'add (-16)' succeeded
c ----------------------------------------------------------------------------
c LOG 0 API call 'add (0)' started
c LOG 0 API enters state STEADY
c LOG 0 PROOF adding original external clause 27 1 2 -16
c LOG 0 CHECKER addition of original clause 27 1 2 -16
c LOG 0 original clause 27 1 2 -16
c LOG 0 new pointer 0x600001720c00 irredundant size 4 clause[152] 27 1 2 -16
c LOG 0 marking added irredundant size 4 clause[152] 27 1 2 -16
c LOG 0 watch 27 blit 1 in irredundant size 4 clause[151] 27 1 2 -16
c LOG 0 watch 1 blit 27 in irredundant size 4 clause[151] 27 1 2 -16
c LOG 0 API call 'add (0)' succeeded
c ----------------------------------------------------------------------------
c LOG 0 API call 'add (21)' started
c LOG 0 adding external 21 as internal 21
c LOG 0 API enters state ADDING
c LOG 0 API call 'add (21)' succeeded
c ----------------------------------------------------------------------------
c LOG 0 API call 'add (23)' started
c LOG 0 API enters state STEADY
c LOG 0 adding external 23 as internal 23
c LOG 0 API enters state ADDING
c LOG 0 API call 'add (23)' succeeded
c ----------------------------------------------------------------------------
c LOG 0 API call 'add (37)' started
c LOG 0 API enters state STEADY
c LOG 0 adding external 37 as internal 37
c LOG 0 API enters state ADDING
c LOG 0 API call 'add (37)' succeeded
c ----------------------------------------------------------------------------
c LOG 0 API call 'add (0)' started
c LOG 0 API enters state STEADY
c LOG 0 PROOF adding original external clause 21 23 37
c LOG 0 CHECKER addition of original clause 21 23 37
c LOG 0 original clause 21 23 37
c LOG 0 new pointer 0x600001720c60 irredundant size 3 clause[153] 21 23 37
c LOG 0 marking added irredundant size 3 clause[153] 21 23 37
c LOG 0 watch 21 blit 23 in irredundant size 3 clause[152] 21 23 37
c LOG 0 watch 23 blit 21 in irredundant size 3 clause[152] 21 23 37
c LOG 0 API call 'add (0)' succeeded
c ----------------------------------------------------------------------------
c LOG 0 API call 'add (33)' started
c LOG 0 adding external 33 as internal 33
c LOG 0 API enters state ADDING
c LOG 0 API call 'add (33)' succeeded
c ----------------------------------------------------------------------------
c LOG 0 API call 'add (-20)' started
c LOG 0 API enters state STEADY
c LOG 0 adding external -20 as internal -20
c LOG 0 API enters state ADDING
c LOG 0 API call 'add (-20)' succeeded
c ----------------------------------------------------------------------------
c LOG 0 API call 'add (32)' started
c LOG 0 API enters state STEADY
c LOG 0 adding external 32 as internal 32
c LOG 0 API enters state ADDING
c LOG 0 API call 'add (32)' succeeded
c ----------------------------------------------------------------------------
c LOG 0 API call 'add (0)' started
c LOG 0 API enters state STEADY
c LOG 0 PROOF adding original external clause 33 -20 32
c LOG 0 CHECKER addition of original clause 33 -20 32
c LOG 0 original clause 33 -20 32
c LOG 0 new pointer 0x600001720cc0 irredundant size 3 clause[154] 33 -20 32
c LOG 0 marking added irredundant size 3 clause[154] 33 -20 32
c LOG 0 watch 33 blit -20 in irredundant size 3 clause[153] 33 -20 32
c LOG 0 watch -20 blit 33 in irredundant size 3 clause[153] 33 -20 32
c LOG 0 API call 'add (0)' succeeded
c ----------------------------------------------------------------------------
c LOG 0 API call 'add (-30)' started
c LOG 0 adding external -30 as internal -30
c LOG 0 API enters state ADDING
c LOG 0 API call 'add (-30)' succeeded
c ----------------------------------------------------------------------------
c LOG 0 API call 'add (-25)' started
c LOG 0 API enters state STEADY
c LOG 0 adding external -25 as internal -25
c LOG 0 API enters state ADDING
c LOG 0 API call 'add (-25)' succeeded
c ----------------------------------------------------------------------------
c LOG 0 API call 'add (-48)' started
c LOG 0 API enters state STEADY
c LOG 0 adding external -48 as internal -48
c LOG 0 API enters state ADDING
c LOG 0 API call 'add (-48)' succeeded
c ----------------------------------------------------------------------------
c LOG 0 API call 'add (0)' started
c LOG 0 API enters state STEADY
c LOG 0 PROOF adding original external clause -30 -25 -48
c LOG 0 CHECKER addition of original clause -30 -25 -48
c LOG 0 original clause -30 -25 -48
c LOG 0 new pointer 0x600001720d20 irredundant size 3 clause[155] -30 -25 -48
c LOG 0 marking added irredundant size 3 clause[155] -30 -25 -48
c LOG 0 watch -30 blit -25 in irredundant size 3 clause[154] -30 -25 -48
c LOG 0 watch -25 blit -30 in irredundant size 3 clause[154] -30 -25 -48
c LOG 0 API call 'add (0)' succeeded
c ----------------------------------------------------------------------------
c LOG 0 API call 'add (-24)' started
c LOG 0 adding external -24 as internal -24
c LOG 0 API enters state ADDING
c LOG 0 API call 'add (-24)' succeeded
c ----------------------------------------------------------------------------
c LOG 0 API call 'add (16)' started
c LOG 0 API enters state STEADY
c LOG 0 adding external 16 as internal 16
c LOG 0 API enters state ADDING
c LOG 0 API call 'add (16)' succeeded
c ----------------------------------------------------------------------------
c LOG 0 API call 'add (26)' started
c LOG 0 API enters state STEADY
c LOG 0 adding external 26 as internal 26
c LOG 0 API enters state ADDING
c LOG 0 API call 'add (26)' succeeded
c ----------------------------------------------------------------------------
c LOG 0 API call 'add (0)' started
c LOG 0 API enters state STEADY
c LOG 0 PROOF adding original external clause -24 16 26
c LOG 0 CHECKER addition of original clause -24 16 26
c LOG 0 original clause -24 16 26
c LOG 0 new pointer 0x600001720d80 irredundant size 3 clause[156] -24 16 26
c LOG 0 marking added irredundant size 3 clause[156] -24 16 26
c LOG 0 watch -24 blit 16 in irredundant size 3 clause[155] -24 16 26
c LOG 0 watch 16 blit -24 in irredundant size 3 clause[155] -24 16 26
c LOG 0 API call 'add (0)' succeeded
c ----------------------------------------------------------------------------
c LOG 0 API call 'add (8)' started
c LOG 0 adding external 8 as internal 8
c LOG 0 API enters state ADDING
c LOG 0 API call 'add (8)' succeeded
c ----------------------------------------------------------------------------
c LOG 0 API call 'add (-16)' started
c LOG 0 API enters state STEADY
c LOG 0 adding external -16 as internal -16
c LOG 0 API enters state ADDING
c LOG 0 API call 'add (-16)' succeeded
c ----------------------------------------------------------------------------
c LOG 0 API call 'add (4)' started
c LOG 0 API enters state STEADY
c LOG 0 adding external 4 as internal 4
c LOG 0 API enters state ADDING
c LOG 0 API call 'add (4)' succeeded
c ----------------------------------------------------------------------------
c LOG 0 API call 'add (0)' started
c LOG 0 API enters state STEADY
c LOG 0 PROOF adding original external clause 8 -16 4
c LOG 0 CHECKER addition of original clause 8 -16 4
c LOG 0 original clause 8 -16 4
c LOG 0 new pointer 0x600001720de0 irredundant size 3 clause[157] 8 -16 4
c LOG 0 marking added irredundant size 3 clause[157] 8 -16 4
c LOG 0 watch 8 blit -16 in irredundant size 3 clause[156] 8 -16 4
c LOG 0 watch -16 blit 8 in irredundant size 3 clause[156] 8 -16 4
c LOG 0 API call 'add (0)' succeeded
c ----------------------------------------------------------------------------
c LOG 0 API call 'add (6)' started
c LOG 0 adding external 6 as internal 6
c LOG 0 API enters state ADDING
c LOG 0 API call 'add (6)' succeeded
c ----------------------------------------------------------------------------
c LOG 0 API call 'add (45)' started
c LOG 0 API enters state STEADY
c LOG 0 adding external 45 as internal 45
c LOG 0 API enters state ADDING
c LOG 0 API call 'add (45)' succeeded
c ----------------------------------------------------------------------------
c LOG 0 API call 'add (-13)' started
c LOG 0 API enters state STEADY
c LOG 0 adding external -13 as internal -13
c LOG 0 API enters state ADDING
c LOG 0 API call 'add (-13)' succeeded
c ----------------------------------------------------------------------------
c LOG 0 API call 'add (0)' started
c LOG 0 API enters state STEADY
c LOG 0 PROOF adding original external clause 6 45 -13
c LOG 0 CHECKER addition of original clause 6 45 -13
c LOG 0 original clause 6 45 -13
c LOG 0 new pointer 0x600001720e40 irredundant size 3 clause[158] 6 45 -13
c LOG 0 marking added irredundant size 3 clause[158] 6 45 -13
c LOG 0 watch 6 blit 45 in irredundant size 3 clause[157] 6 45 -13
c LOG 0 watch 45 blit 6 in irredundant size 3 clause[157] 6 45 -13
c LOG 0 API call 'add (0)' succeeded
c ----------------------------------------------------------------------------
c LOG 0 API call 'add (24)' started
c LOG 0 adding external 24 as internal 24
c LOG 0 API enters state ADDING
c LOG 0 API call 'add (24)' succeeded
c ----------------------------------------------------------------------------
c LOG 0 API call 'add (-8)' started
c LOG 0 API enters state STEADY
c LOG 0 adding external -8 as internal -8
c LOG 0 API enters state ADDING
c LOG 0 API call 'add (-8)' succeeded
c ----------------------------------------------------------------------------
c LOG 0 API call 'add (22)' started
c LOG 0 API enters state STEADY
c LOG 0 adding external 22 as internal 22
c LOG 0 API enters state ADDING
c LOG 0 API call 'add (22)' succeeded
c ----------------------------------------------------------------------------
c LOG 0 API call 'add (0)' started
c LOG 0 API enters state STEADY
c LOG 0 PROOF adding original external clause 24 -8 22
c LOG 0 CHECKER addition of original clause 24 -8 22
c LOG 0 original clause 24 -8 22
c LOG 0 new pointer 0x600001720ea0 irredundant size 3 clause[159] 24 -8 22
c LOG 0 marking added irredundant size 3 clause[159] 24 -8 22
c LOG 0 watch 24 blit -8 in irredundant size 3 clause[158] 24 -8 22
c LOG 0 watch -8 blit 24 in irredundant size 3 clause[158] 24 -8 22
c LOG 0 API call 'add (0)' succeeded
c ----------------------------------------------------------------------------
c LOG 0 API call 'add (-33)' started
c LOG 0 adding external -33 as internal -33
c LOG 0 API enters state ADDING
c LOG 0 API call 'add (-33)' succeeded
c ----------------------------------------------------------------------------
c LOG 0 API call 'add (-8)' started
c LOG 0 API enters state STEADY
c LOG 0 adding external -8 as internal -8
c LOG 0 API enters state ADDING
c LOG 0 API call 'add (-8)' succeeded
c ----------------------------------------------------------------------------
c LOG 0 API call 'add (14)' started
c LOG 0 API enters state STEADY
c LOG 0 adding external 14 as internal 14
c LOG 0 API enters state ADDING
c LOG 0 API call 'add (14)' succeeded
c ----------------------------------------------------------------------------
c LOG 0 API call 'add (0)' started
c LOG 0 API enters state STEADY
c LOG 0 PROOF adding original external clause -33 -8 14
c LOG 0 CHECKER addition of original clause -33 -8 14
c LOG 0 original clause -33 -8 14
c LOG 0 new pointer 0x600001724c00 irredundant size 3 clause[160] -33 -8 14
c LOG 0 marking added irredundant size 3 clause[160] -33 -8 14
c LOG 0 watch -33 blit -8 in irredundant size 3 clause[159] -33 -8 14
c LOG 0 watch -8 blit -33 in irredundant size 3 clause[159] -33 -8 14
c LOG 0 API call 'add (0)' succeeded
c ----------------------------------------------------------------------------
c LOG 0 API call 'add (25)' started
c LOG 0 adding external 25 as internal 25
c LOG 0 API enters state ADDING
c LOG 0 API call 'add (25)' succeeded
c ----------------------------------------------------------------------------
c LOG 0 API call 'add (-8)' started
c LOG 0 API enters state STEADY
c LOG 0 adding external -8 as internal -8
c LOG 0 API enters state ADDING
c LOG 0 API call 'add (-8)' succeeded
c ----------------------------------------------------------------------------
c LOG 0 API call 'add (-11)' started
c LOG 0 API enters state STEADY
c LOG 0 adding external -11 as internal -11
c LOG 0 API enters state ADDING
c LOG 0 API call 'add (-11)' succeeded
c ----------------------------------------------------------------------------
c LOG 0 API call 'add (0)' started
c LOG 0 API enters state STEADY
c LOG 0 PROOF adding original external clause 25 -8 -11
c LOG 0 CHECKER addition of original clause 25 -8 -11
c LOG 0 original clause 25 -8 -11
c LOG 0 new pointer 0x600001724c60 irredundant size 3 clause[161] 25 -8 -11
c LOG 0 marking added irredundant size 3 clause[161] 25 -8 -11
c LOG 0 watch 25 blit -8 in irredundant size 3 clause[160] 25 -8 -11
c LOG 0 watch -8 blit 25 in irredundant size 3 clause[160] 25 -8 -11
c LOG 0 API call 'add (0)' succeeded
c ----------------------------------------------------------------------------
c LOG 0 API call 'add (-30)' started
c LOG 0 adding external -30 as internal -30
c LOG 0 API enters state ADDING
c LOG 0 API call 'add (-30)' succeeded
c ----------------------------------------------------------------------------
c LOG 0 API call 'add (43)' started
c LOG 0 API enters state STEADY
c LOG 0 adding external 43 as internal 43
c LOG 0 API enters state ADDING
c LOG 0 API call 'add (43)' succeeded
c ----------------------------------------------------------------------------
c LOG 0 API call 'add (-40)' started
c LOG 0 API enters state STEADY
c LOG 0 adding external -40 as internal -40
c LOG 0 API enters state ADDING
c LOG 0 API call 'add (-40)' succeeded
c ----------------------------------------------------------------------------
c LOG 0 API call 'add (0)' started
c LOG 0 API enters state STEADY
c LOG 0 PROOF adding original external clause -30 43 -40
c LOG 0 CHECKER addition of original clause -30 43 -40
c LOG 0 original clause -30 43 -40
c LOG 0 new pointer 0x600001724cc0 irredundant size 3 clause[162] -30 43 -40
c LOG 0 marking added irredundant size 3 clause[162] -30 43 -40
c LOG 0 watch -30 blit 43 in irredundant size 3 clause[161] -30 43 -40
c LOG 0 watch 43 blit -30 in irredundant size 3 clause[161] -30 43 -40
c LOG 0 API call 'add (0)' succeeded
c ----------------------------------------------------------------------------
c LOG 0 API call 'add (-9)' started
c LOG 0 adding external -9 as internal -9
c LOG 0 API enters state ADDING
c LOG 0 API call 'add (-9)' succeeded
c ----------------------------------------------------------------------------
c LOG 0 API call 'add (-16)' started
c LOG 0 API enters state STEADY
c LOG 0 adding external -16 as internal -16
c LOG 0 API enters state ADDING
c LOG 0 API call 'add (-16)' succeeded
c ----------------------------------------------------------------------------
c LOG 0 API call 'add (-43)' started
c LOG 0 API enters state STEADY
c LOG 0 adding external -43 as internal -43
c LOG 0 API enters state ADDING
c LOG 0 API call 'add (-43)' succeeded
c ----------------------------------------------------------------------------
c LOG 0 API call 'add (0)' started
c LOG 0 API enters state STEADY
c LOG 0 PROOF adding original external clause -9 -16 -43
c LOG 0 CHECKER addition of original clause -9 -16 -43
c LOG 0 original clause -9 -16 -43
c LOG 0 new pointer 0x600001724d20 irredundant size 3 clause[163] -9 -16 -43
c LOG 0 marking added irredundant size 3 clause[163] -9 -16 -43
c LOG 0 watch -9 blit -16 in irredundant size 3 clause[162] -9 -16 -43
c LOG 0 watch -16 blit -9 in irredundant size 3 clause[162] -9 -16 -43
c LOG 0 API call 'add (0)' succeeded
c ----------------------------------------------------------------------------
c LOG 0 API call 'vars ()' started
c LOG 0 API call 'vars ()' returns '77'
c ----------------------------------------------------------------------------
c LOG 0 API call 'add (15)' started
c LOG 0 adding external 15 as internal 15
c LOG 0 API enters state ADDING
c LOG 0 API call 'add (15)' succeeded
c ----------------------------------------------------------------------------
c LOG 0 API call 'add (44)' started
c LOG 0 API enters state STEADY
c LOG 0 adding external 44 as internal 44
c LOG 0 API enters state ADDING
c LOG 0 API call 'add (44)' succeeded
c ----------------------------------------------------------------------------
c LOG 0 API call 'add (-16)' started
c LOG 0 API enters state STEADY
c LOG 0 adding external -16 as internal -16
c LOG 0 API enters state ADDING
c LOG 0 API call 'add (-16)' succeeded
c ----------------------------------------------------------------------------
c LOG 0 API call 'add (0)' started
c LOG 0 API enters state STEADY
c LOG 0 PROOF adding original external clause 15 44 -16
c LOG 0 CHECKER addition of original clause 15 44 -16
c LOG 0 original clause 15 44 -16
c LOG 0 new pointer 0x600001724d80 irredundant size 3 clause[164] 15 44 -16
c LOG 0 marking added irredundant size 3 clause[164] 15 44 -16
c LOG 0 watch 15 blit 44 in irredundant size 3 clause[163] 15 44 -16
c LOG 0 watch 44 blit 15 in irredundant size 3 clause[163] 15 44 -16
c LOG 0 API call 'add (0)' succeeded
c ----------------------------------------------------------------------------
c LOG 0 API call 'add (34)' started
c LOG 0 adding external 34 as internal 34
c LOG 0 API enters state ADDING
c LOG 0 API call 'add (34)' succeeded
c ----------------------------------------------------------------------------
c LOG 0 API call 'add (45)' started
c LOG 0 API enters state STEADY
c LOG 0 adding external 45 as internal 45
c LOG 0 API enters state ADDING
c LOG 0 API call 'add (45)' succeeded
c ----------------------------------------------------------------------------
c LOG 0 API call 'add (24)' started
c LOG 0 API enters state STEADY
c LOG 0 adding external 24 as internal 24
c LOG 0 API enters state ADDING
c LOG 0 API call 'add (24)' succeeded
c ----------------------------------------------------------------------------
c LOG 0 API call 'add (0)' started
c LOG 0 API enters state STEADY
c LOG 0 PROOF adding original external clause 34 45 24
c LOG 0 CHECKER addition of original clause 34 45 24
c LOG 0 original clause 34 45 24
c LOG 0 new pointer 0x600001719470 irredundant size 3 clause[165] 34 45 24
c LOG 0 marking added irredundant size 3 clause[165] 34 45 24
c LOG 0 watch 34 blit 45 in irredundant size 3 clause[164] 34 45 24
c LOG 0 watch 45 blit 34 in irredundant size 3 clause[164] 34 45 24
c LOG 0 API call 'add (0)' succeeded
c ----------------------------------------------------------------------------
c LOG 0 API call 'add (8)' started
c LOG 0 adding external 8 as internal 8
c LOG 0 API enters state ADDING
c LOG 0 API call 'add (8)' succeeded
c ----------------------------------------------------------------------------
c LOG 0 API call 'add (3)' started
c LOG 0 API enters state STEADY
c LOG 0 adding external 3 as internal 3
c LOG 0 API enters state ADDING
c LOG 0 API call 'add (3)' succeeded
c ----------------------------------------------------------------------------
c LOG 0 API call 'add (31)' started
c LOG 0 API enters state STEADY
c LOG 0 adding external 31 as internal 31
c LOG 0 API enters state ADDING
c LOG 0 API call 'add (31)' succeeded
c ----------------------------------------------------------------------------
c LOG 0 API call 'add (27)' started
c LOG 0 API enters state STEADY
c LOG 0 adding external 27 as internal 27
c LOG 0 API enters state ADDING
c LOG 0 API call 'add (27)' succeeded
c ----------------------------------------------------------------------------
c LOG 0 API call 'add (-23)' started
c LOG 0 API enters state STEADY
c LOG 0 adding external -23 as internal -23
c LOG 0 API enters state ADDING
c LOG 0 API call 'add (-23)' succeeded
c ----------------------------------------------------------------------------
c LOG 0 API call 'add (14)' started
c LOG 0 API enters state STEADY
c LOG 0 adding external 14 as internal 14
c LOG 0 API enters state ADDING
c LOG 0 API call 'add (14)' succeeded
c ----------------------------------------------------------------------------
c LOG 0 API call 'add (-47)' started
c LOG 0 API enters state STEADY
c LOG 0 adding external -47 as internal -47
c LOG 0 API enters state ADDING
c LOG 0 API call 'add (-47)' succeeded
c ----------------------------------------------------------------------------
c LOG 0 API call 'add (-17)' started
c LOG 0 API enters state STEADY
c LOG 0 adding external -17 as internal -17
c LOG 0 API enters state ADDING
c LOG 0 API call 'add (-17)' succeeded
c ----------------------------------------------------------------------------
c LOG 0 API call 'add (0)' started
c LOG 0 API enters state STEADY
c LOG 0 PROOF adding original external clause 8 3 31 27 -23 14 -47 -17
c LOG 0 CHECKER addition of original clause 8 3 31 27 -23 14 -47 -17
c LOG 0 original clause 8 3 31 27 -23 14 -47 -17
c LOG 0 new pointer 0x600000c042c0 irredundant size 8 clause[166] 8 3 31 27 -23 14 -47 -17
c LOG 0 marking added irredundant size 8 clause[166] 8 3 31 27 -23 14 -47 -17
c LOG 0 watch 8 blit 3 in irredundant size 8 clause[165] 8 3 31 27 -23 14 -47 -17
c LOG 0 watch 3 blit 8 in irredundant size 8 clause[165] 8 3 31 27 -23 14 -47 -17
c LOG 0 API call 'add (0)' succeeded
c ----------------------------------------------------------------------------
c LOG 0 API call 'add (-12)' started
c LOG 0 adding external -12 as internal -12
c LOG 0 API enters state ADDING
c LOG 0 API call 'add (-12)' succeeded
c ----------------------------------------------------------------------------
c LOG 0 API call 'add (20)' started
c LOG 0 API enters state STEADY
c LOG 0 adding external 20 as internal 20
c LOG 0 API enters state ADDING
c LOG 0 API call 'add (20)' succeeded
c ----------------------------------------------------------------------------
c LOG 0 API call 'add (-25)' started
c LOG 0 API enters state STEADY
c LOG 0 adding external -25 as internal -25
c LOG 0 API enters state ADDING
c LOG 0 API call 'add (-25)' succeeded
c ----------------------------------------------------------------------------
c LOG 0 API call 'add (0)' started
c LOG 0 API enters state STEADY
c LOG 0 PROOF adding original external clause -12 20 -25
c LOG 0 CHECKER addition of original clause -12 20 -25
c LOG 0 original clause -12 20 -25
c LOG 0 new pointer 0x600001724de0 irredundant size 3 clause[167] -12 20 -25
c LOG 0 marking added irredundant size 3 clause[167] -12 20 -25
c LOG 0 watch -12 blit 20 in irredundant size 3 clause[166] -12 20 -25
c LOG 0 watch 20 blit -12 in irredundant size 3 clause[166] -12 20 -25
c LOG 0 API call 'add (0)' succeeded
c ----------------------------------------------------------------------------
c LOG 0 API call 'add (1)' started
c LOG 0 adding external 1 as internal 1
c LOG 0 API enters state ADDING
c LOG 0 API call 'add (1)' succeeded
c ----------------------------------------------------------------------------
c LOG 0 API call 'add (2)' started
c LOG 0 API enters state STEADY
c LOG 0 adding external 2 as internal 2
c LOG 0 API enters state ADDING
c LOG 0 API call 'add (2)' succeeded
c ----------------------------------------------------------------------------
c LOG 0 API call 'add (3)' started
c LOG 0 API enters state STEADY
c LOG 0 adding external 3 as internal 3
c LOG 0 API enters state ADDING
c LOG 0 API call 'add (3)' succeeded
c ----------------------------------------------------------------------------
c LOG 0 API call 'add (0)' started
c LOG 0 API enters state STEADY
c LOG 0 PROOF adding original external clause 1 2 3
c LOG 0 CHECKER addition of original clause 1 2 3
c LOG 0 original clause 1 2 3
c LOG 0 new pointer 0x600001724e40 irredundant size 3 clause[168] 1 2 3
c LOG 0 marking added irredundant size 3 clause[168] 1 2 3
c LOG 0 watch 1 blit 2 in irredundant size 3 clause[167] 1 2 3
c LOG 0 watch 2 blit 1 in irredundant size 3 clause[167] 1 2 3
c LOG 0 API call 'add (0)' succeeded
c ----------------------------------------------------------------------------
c LOG 0 API call 'add (47)' started
c LOG 0 adding external 47 as internal 47
c LOG 0 API enters state ADDING
c LOG 0 API call 'add (47)' succeeded
c ----------------------------------------------------------------------------
c LOG 0 API call 'add (48)' started
c LOG 0 API enters state STEADY
c LOG 0 adding external 48 as internal 48
c LOG 0 API enters state ADDING
c LOG 0 API call 'add (48)' succeeded
c ----------------------------------------------------------------------------
c LOG 0 API call 'add (11)' started
c LOG 0 API enters state STEADY
c LOG 0 adding external 11 as internal 11
c LOG 0 API enters state ADDING
c LOG 0 API call 'add (11)' succeeded
c ----------------------------------------------------------------------------
c LOG 0 API call 'add (35)' started
c LOG 0 API enters state STEADY
c LOG 0 adding external 35 as internal 35
c LOG 0 API enters state ADDING
c LOG 0 API call 'add (35)' succeeded
c ----------------------------------------------------------------------------
c LOG 0 API call 'add (50)' started
c LOG 0 API enters state STEADY
c LOG 0 adding external 50 as internal 50
c LOG 0 API enters state ADDING
c LOG 0 API call 'add (50)' succeeded
c ----------------------------------------------------------------------------
c LOG 0 API call 'add (-31)' started
c LOG 0 API enters state STEADY
c LOG 0 adding external -31 as internal -31
c LOG 0 API enters state ADDING
c LOG 0 API call 'add (-31)' succeeded
c ----------------------------------------------------------------------------
c LOG 0 API call 'add (-27)' started
c LOG 0 API enters state STEADY
c LOG 0 adding external -27 as internal -27
c LOG 0 API enters state ADDING
c LOG 0 API call 'add (-27)' succeeded
c ----------------------------------------------------------------------------
c LOG 0 API call 'add (-5)' started
c LOG 0 API enters state STEADY
c LOG 0 adding external -5 as internal -5
c LOG 0 API enters state ADDING
c LOG 0 API call 'add (-5)' succeeded
c ----------------------------------------------------------------------------
c LOG 0 API call 'add (0)' started
c LOG 0 API enters state STEADY
c LOG 0 PROOF adding original external clause 47 48 11 35 50 -31 -27 -5
c LOG 0 CHECKER addition of original clause 47 48 11 35 50 -31 -27 -5
c LOG 0 original clause 47 48 11 35 50 -31 -27 -5
c LOG 0 new pointer 0x600000c00440 irredundant size 8 clause[169] 47 48 11 35 50 -31 -27 -5
c LOG 0 marking added irredundant size 8 clause[169] 47 48 11 35 50 -31 -27 -5
c LOG 0 watch 47 blit 48 in irredundant size 8 clause[168] 47 48 11 35 50 -31 -27 -5
c LOG 0 watch 48 blit 47 in irredundant size 8 clause[168] 47 48 11 35 50 -31 -27 -5
c LOG 0 API call 'add (0)' succeeded
c ----------------------------------------------------------------------------
c LOG 0 API call 'add (42)' started
c LOG 0 adding external 42 as internal 42
c LOG 0 API enters state ADDING
c LOG 0 API call 'add (42)' succeeded
c ----------------------------------------------------------------------------
c LOG 0 API call 'add (37)' started
c LOG 0 API enters state STEADY
c LOG 0 adding external 37 as internal 37
c LOG 0 API enters state ADDING
c LOG 0 API call 'add (37)' succeeded
c ----------------------------------------------------------------------------
c LOG 0 API call 'add (11)' started
c LOG 0 API enters state STEADY
c LOG 0 adding external 11 as internal 11
c LOG 0 API enters state ADDING
c LOG 0 API call 'add (11)' succeeded
c ----------------------------------------------------------------------------
c LOG 0 API call 'add (0)' started
c LOG 0 API enters state STEADY
c LOG 0 PROOF adding original external clause 42 37 11
c LOG 0 CHECKER addition of original clause 42 37 11
c LOG 0 original clause 42 37 11
c LOG 0 new pointer 0x600001724ea0 irredundant size 3 clause[170] 42 37 11
c LOG 0 marking added irredundant size 3 clause[170] 42 37 11
c LOG 0 watch 42 blit 37 in irredundant size 3 clause[169] 42 37 11
c LOG 0 watch 37 blit 42 in irredundant size 3 clause[169] 42 37 11
c LOG 0 API call 'add (0)' succeeded
c ----------------------------------------------------------------------------
c LOG 0 API call 'add (-9)' started
c LOG 0 adding external -9 as internal -9
c LOG 0 API enters state ADDING
c LOG 0 API call 'add (-9)' succeeded
c ----------------------------------------------------------------------------
c LOG 0 API call 'add (-40)' started
c LOG 0 API enters state STEADY
c LOG 0 adding external -40 as internal -40
c LOG 0 API enters state ADDING
c LOG 0 API call 'add (-40)' succeeded
c ----------------------------------------------------------------------------
c LOG 0 API call 'add (43)' started
c LOG 0 API enters state STEADY
c LOG 0 adding external 43 as internal 43
c LOG 0 API enters state ADDING
c LOG 0 API call 'add (43)' succeeded
c ----------------------------------------------------------------------------
c LOG 0 API call 'add (0)' started
c LOG 0 API enters state STEADY
c LOG 0 PROOF adding original external clause -9 -40 43
c LOG 0 CHECKER addition of original clause -9 -40 43
c LOG 0 original clause -9 -40 43
c LOG 0 new pointer 0x600001724f00 irredundant size 3 clause[171] -9 -40 43
c LOG 0 marking added irredundant size 3 clause[171] -9 -40 43
c LOG 0 watch -9 blit -40 in irredundant size 3 clause[170] -9 -40 43
c LOG 0 watch -40 blit -9 in irredundant size 3 clause[170] -9 -40 43
c LOG 0 API call 'add (0)' succeeded
c ----------------------------------------------------------------------------
c LOG 0 API call 'resize (37)' started
c LOG 0 do nothing
c LOG 0 API call 'resize (37)' succeeded
c ----------------------------------------------------------------------------
c LOG 0 API call 'add (43)' started
c LOG 0 adding external 43 as internal 43
c LOG 0 API enters state ADDING
c LOG 0 API call 'add (43)' succeeded
c ----------------------------------------------------------------------------
c LOG 0 API call 'add (-41)' started
c LOG 0 API enters state STEADY
c LOG 0 adding external -41 as internal -41
c LOG 0 API enters state ADDING
c LOG 0 API call 'add (-41)' succeeded
c ----------------------------------------------------------------------------
c LOG 0 API call 'add (-8)' started
c LOG 0 API enters state STEADY
c LOG 0 adding external -8 as internal -8
c LOG 0 API enters state ADDING
c LOG 0 API call 'add (-8)' succeeded
c ----------------------------------------------------------------------------
c LOG 0 API call 'add (0)' started
c LOG 0 API enters state STEADY
c LOG 0 PROOF adding original external clause 43 -41 -8
c LOG 0 CHECKER addition of original clause 43 -41 -8
c LOG 0 original clause 43 -41 -8
c LOG 0 new pointer 0x600001724f60 irredundant size 3 clause[172] 43 -41 -8
c LOG 0 marking added irredundant size 3 clause[172] 43 -41 -8
c LOG 0 watch 43 blit -41 in irredundant size 3 clause[171] 43 -41 -8
c LOG 0 watch -41 blit 43 in irredundant size 3 clause[171] 43 -41 -8
c LOG 0 API call 'add (0)' succeeded
c ----------------------------------------------------------------------------
c LOG 0 API call 'add (11)' started
c LOG 0 adding external 11 as internal 11
c LOG 0 API enters state ADDING
c LOG 0 API call 'add (11)' succeeded
c ----------------------------------------------------------------------------
c LOG 0 API call 'add (36)' started
c LOG 0 API enters state STEADY
c LOG 0 adding external 36 as internal 36
c LOG 0 API enters state ADDING
c LOG 0 API call 'add (36)' succeeded
c ----------------------------------------------------------------------------
c LOG 0 API call 'add (50)' started
c LOG 0 API enters state STEADY
c LOG 0 adding external 50 as internal 50
c LOG 0 API enters state ADDING
c LOG 0 API call 'add (50)' succeeded
c ----------------------------------------------------------------------------
c LOG 0 API call 'add (0)' started
c LOG 0 API enters state STEADY
c LOG 0 PROOF adding original external clause 11 36 50
c LOG 0 CHECKER addition of original clause 11 36 50
c LOG 0 original clause 11 36 50
c LOG 0 new pointer 0x600001724fc0 irredundant size 3 clause[173] 11 36 50
c LOG 0 marking added irredundant size 3 clause[173] 11 36 50
c LOG 0 watch 11 blit 36 in irredundant size 3 clause[172] 11 36 50
c LOG 0 watch 36 blit 11 in irredundant size 3 clause[172] 11 36 50
c LOG 0 API call 'add (0)' succeeded
c ----------------------------------------------------------------------------
c LOG 0 API call 'add (10)' started
c LOG 0 adding external 10 as internal 10
c LOG 0 API enters state ADDING
c LOG 0 API call 'add (10)' succeeded
c ----------------------------------------------------------------------------
c LOG 0 API call 'add (-34)' started
c LOG 0 API enters state STEADY
c LOG 0 adding external -34 as internal -34
c LOG 0 API enters state ADDING
c LOG 0 API call 'add (-34)' succeeded
c ----------------------------------------------------------------------------
c LOG 0 API call 'add (-44)' started
c LOG 0 API enters state STEADY
c LOG 0 adding external -44 as internal -44
c LOG 0 API enters state ADDING
c LOG 0 API call 'add (-44)' succeeded
c ----------------------------------------------------------------------------
c LOG 0 API call 'add (0)' started
c LOG 0 API enters state STEADY
c LOG 0 PROOF adding original external clause 10 -34 -44
c LOG 0 CHECKER addition of original clause 10 -34 -44
c LOG 0 original clause 10 -34 -44
c LOG 0 new pointer 0x600001725020 irredundant size 3 clause[174] 10 -34 -44
c LOG 0 marking added irredundant size 3 clause[174] 10 -34 -44
c LOG 0 watch 10 blit -34 in irredundant size 3 clause[173] 10 -34 -44
c LOG 0 watch -34 blit 10 in irredundant size 3 clause[173] 10 -34 -44
c LOG 0 API call 'add (0)' succeeded
c ----------------------------------------------------------------------------
c LOG 0 API call 'add (26)' started
c LOG 0 adding external 26 as internal 26
c LOG 0 API enters state ADDING
c LOG 0 API call 'add (26)' succeeded
c ----------------------------------------------------------------------------
c LOG 0 API call 'add (15)' started
c LOG 0 API enters state STEADY
c LOG 0 adding external 15 as internal 15
c LOG 0 API enters state ADDING
c LOG 0 API call 'add (15)' succeeded
c ----------------------------------------------------------------------------
c LOG 0 API call 'add (21)' started
c LOG 0 API enters state STEADY
c LOG 0 adding external 21 as internal 21
c LOG 0 API enters state ADDING
c LOG 0 API call 'add (21)' succeeded
c ----------------------------------------------------------------------------
c LOG 0 API call 'add (0)' started
c LOG 0 API enters state STEADY
c LOG 0 PROOF adding original external clause 26 15 21
c LOG 0 CHECKER addition of original clause 26 15 21
c LOG 0 original clause 26 15 21
c LOG 0 new pointer 0x600001725080 irredundant size 3 clause[175] 26 15 21
c LOG 0 marking added irredundant size 3 clause[175] 26 15 21
c LOG 0 watch 26 blit 15 in irredundant size 3 clause[174] 26 15 21
c LOG 0 watch 15 blit 26 in irredundant size 3 clause[174] 26 15 21
c LOG 0 API call 'add (0)' succeeded
c ----------------------------------------------------------------------------
c LOG 0 API call 'add (-13)' started
c LOG 0 adding external -13 as internal -13
c LOG 0 API enters state ADDING
c LOG 0 API call 'add (-13)' succeeded
c ----------------------------------------------------------------------------
c LOG 0 API call 'add (15)' started
c LOG 0 API enters state STEADY
c LOG 0 adding external 15 as internal 15
c LOG 0 API enters state ADDING
c LOG 0 API call 'add (15)' succeeded
c ----------------------------------------------------------------------------
c LOG 0 API call 'add (28)' started
c LOG 0 API enters state STEADY
c LOG 0 adding external 28 as internal 28
c LOG 0 API enters state ADDING
c LOG 0 API call 'add (28)' succeeded
c ----------------------------------------------------------------------------
c LOG 0 API call 'add (0)' started
c LOG 0 API enters state STEADY
c LOG 0 PROOF adding original external clause -13 15 28
c LOG 0 CHECKER addition of original clause -13 15 28
c LOG 0 original clause -13 15 28
c LOG 0 new pointer 0x6000017250e0 irredundant size 3 clause[176] -13 15 28
c LOG 0 marking added irredundant size 3 clause[176] -13 15 28
c LOG 0 watch -13 blit 15 in irredundant size 3 clause[175] -13 15 28
c LOG 0 watch 15 blit -13 in irredundant size 3 clause[175] -13 15 28
c LOG 0 API call 'add (0)' succeeded
c ----------------------------------------------------------------------------
c LOG 0 API call 'add (26)' started
c LOG 0 adding external 26 as internal 26
c LOG 0 API enters state ADDING
c LOG 0 API call 'add (26)' succeeded
c ----------------------------------------------------------------------------
c LOG 0 API call 'add (-4)' started
c LOG 0 API enters state STEADY
c LOG 0 adding external -4 as internal -4
c LOG 0 API enters state ADDING
c LOG 0 API call 'add (-4)' succeeded
c ----------------------------------------------------------------------------
c LOG 0 API call 'add (32)' started
c LOG 0 API enters state STEADY
c LOG 0 adding external 32 as internal 32
c LOG 0 API enters state ADDING
c LOG 0 API call 'add (32)' succeeded
c ----------------------------------------------------------------------------
c LOG 0 API call 'add (0)' started
c LOG 0 API enters state STEADY
c LOG 0 PROOF adding original external clause 26 -4 32
c LOG 0 CHECKER addition of original clause 26 -4 32
c LOG 0 original clause 26 -4 32
c LOG 0 new pointer 0x600001725140 irredundant size 3 clause[177] 26 -4 32
c LOG 0 marking added irredundant size 3 clause[177] 26 -4 32
c LOG 0 watch 26 blit -4 in irredundant size 3 clause[176] 26 -4 32
c LOG 0 watch -4 blit 26 in irredundant size 3 clause[176] 26 -4 32
c LOG 0 API call 'add (0)' succeeded
c ----------------------------------------------------------------------------
c LOG 0 API call 'add (43)' started
c LOG 0 adding external 43 as internal 43
c LOG 0 API enters state ADDING
c LOG 0 API call 'add (43)' succeeded
c ----------------------------------------------------------------------------
c LOG 0 API call 'add (3)' started
c LOG 0 API enters state STEADY
c LOG 0 adding external 3 as internal 3
c LOG 0 API enters state ADDING
c LOG 0 API call 'add (3)' succeeded
c ----------------------------------------------------------------------------
c LOG 0 API call 'add (40)' started
c LOG 0 API enters state STEADY
c LOG 0 adding external 40 as internal 40
c LOG 0 API enters state ADDING
c LOG 0 API call 'add (40)' succeeded
c ----------------------------------------------------------------------------
c LOG 0 API call 'add (0)' started
c LOG 0 API enters state STEADY
c LOG 0 PROOF adding original external clause 43 3 40
c LOG 0 CHECKER addition of original clause 43 3 40
c LOG 0 original clause 43 3 40
c LOG 0 new pointer 0x600001720f00 irredundant size 3 clause[178] 43 3 40
c LOG 0 marking added irredundant size 3 clause[178] 43 3 40
c LOG 0 watch 43 blit 3 in irredundant size 3 clause[177] 43 3 40
c LOG 0 watch 3 blit 43 in irredundant size 3 clause[177] 43 3 40
c LOG 0 API call 'add (0)' succeeded
c ----------------------------------------------------------------------------
c LOG 0 API call 'add (4)' started
c LOG 0 adding external 4 as internal 4
c LOG 0 API enters state ADDING
c LOG 0 API call 'add (4)' succeeded
c ----------------------------------------------------------------------------
c LOG 0 API call 'add (-11)' started
c LOG 0 API enters state STEADY
c LOG 0 adding external -11 as internal -11
c LOG 0 API enters state ADDING
c LOG 0 API call 'add (-11)' succeeded
c ----------------------------------------------------------------------------
c LOG 0 API call 'add (-12)' started
c LOG 0 API enters state STEADY
c LOG 0 adding external -12 as internal -12
c LOG 0 API enters state ADDING
c LOG 0 API call 'add (-12)' succeeded
c ----------------------------------------------------------------------------
c LOG 0 API call 'add (0)' started
c LOG 0 API enters state STEADY
c LOG 0 PROOF adding original external clause 4 -11 -12
c LOG 0 CHECKER addition of original clause 4 -11 -12
c LOG 0 original clause 4 -11 -12
c LOG 0 new pointer 0x600001720f60 irredundant size 3 clause[179] 4 -11 -12
c LOG 0 marking added irredundant size 3 clause[179] 4 -11 -12
c LOG 0 watch 4 blit -11 in irredundant size 3 clause[178] 4 -11 -12
c LOG 0 watch -11 blit 4 in irredundant size 3 clause[178] 4 -11 -12
c LOG 0 API call 'add (0)' succeeded
c ----------------------------------------------------------------------------
c LOG 0 API call 'add (-20)' started
c LOG 0 adding external -20 as internal -20
c LOG 0 API enters state ADDING
c LOG 0 API call 'add (-20)' succeeded
c ----------------------------------------------------------------------------
c LOG 0 API call 'add (31)' started
c LOG 0 API enters state STEADY
c LOG 0 adding external 31 as internal 31
c LOG 0 API enters state ADDING
c LOG 0 API call 'add (31)' succeeded
c ----------------------------------------------------------------------------
c LOG 0 API call 'add (17)' started
c LOG 0 API enters state STEADY
c LOG 0 adding external 17 as internal 17
c LOG 0 API enters state ADDING
c LOG 0 API call 'add (17)' succeeded
c ----------------------------------------------------------------------------
c LOG 0 API call 'add (0)' started
c LOG 0 API enters state STEADY
c LOG 0 PROOF adding original external clause -20 31 17
c LOG 0 CHECKER addition of original clause -20 31 17
c LOG 0 original clause -20 31 17
c LOG 0 new pointer 0x600001720fc0 irredundant size 3 clause[180] -20 31 17
c LOG 0 marking added irredundant size 3 clause[180] -20 31 17
c LOG 0 watch -20 blit 31 in irredundant size 3 clause[179] -20 31 17
c LOG 0 watch 31 blit -20 in irredundant size 3 clause[179] -20 31 17
c LOG 0 API call 'add (0)' succeeded
c ----------------------------------------------------------------------------
c LOG 0 API call 'add (18)' started
c LOG 0 adding external 18 as internal 18
c LOG 0 API enters state ADDING
c LOG 0 API call 'add (18)' succeeded
c ----------------------------------------------------------------------------
c LOG 0 API call 'add (4)' started
c LOG 0 API enters state STEADY
c LOG 0 adding external 4 as internal 4
c LOG 0 API enters state ADDING
c LOG 0 API call 'add (4)' succeeded
c ----------------------------------------------------------------------------
c LOG 0 API call 'add (6)' started
c LOG 0 API enters state STEADY
c LOG 0 adding external 6 as internal 6
c LOG 0 API enters state ADDING
c LOG 0 API call 'add (6)' succeeded
c ----------------------------------------------------------------------------
c LOG 0 API call 'add (0)' started
c LOG 0 API enters state STEADY
c LOG 0 PROOF adding original external clause 18 4 6
c LOG 0 CHECKER addition of original clause 18 4 6
c LOG 0 original clause 18 4 6
c LOG 0 new pointer 0x600001721020 irredundant size 3 clause[181] 18 4 6
c LOG 0 marking added irredundant size 3 clause[181] 18 4 6
c LOG 0 watch 18 blit 4 in irredundant size 3 clause[180] 18 4 6
c LOG 0 watch 4 blit 18 in irredundant size 3 clause[180] 18 4 6
c LOG 0 API call 'add (0)' succeeded
c ----------------------------------------------------------------------------
c LOG 0 API call 'add (48)' started
c LOG 0 adding external 48 as internal 48
c LOG 0 API enters state ADDING
c LOG 0 API call 'add (48)' succeeded
c ----------------------------------------------------------------------------
c LOG 0 API call 'add (-14)' started
c LOG 0 API enters state STEADY
c LOG 0 adding external -14 as internal -14
c LOG 0 API enters state ADDING
c LOG 0 API call 'add (-14)' succeeded
c ----------------------------------------------------------------------------
c LOG 0 API call 'add (-10)' started
c LOG 0 API enters state STEADY
c LOG 0 adding external -10 as internal -10
c LOG 0 API enters state ADDING
c LOG 0 API call 'add (-10)' succeeded
c ----------------------------------------------------------------------------
c LOG 0 API call 'add (0)' started
c LOG 0 API enters state STEADY
c LOG 0 PROOF adding original external clause 48 -14 -10
c LOG 0 CHECKER addition of original clause 48 -14 -10
c LOG 0 original clause 48 -14 -10
c LOG 0 new pointer 0x600001721080 irredundant size 3 clause[182] 48 -14 -10
c LOG 0 marking added irredundant size 3 clause[182] 48 -14 -10
c LOG 0 watch 48 blit -14 in irredundant size 3 clause[181] 48 -14 -10
c LOG 0 watch -14 blit 48 in irredundant size 3 clause[181] 48 -14 -10
c LOG 0 API call 'add (0)' succeeded
c ----------------------------------------------------------------------------
c LOG 0 API call 'add (42)' started
c LOG 0 adding external 42 as internal 42
c LOG 0 API enters state ADDING
c LOG 0 API call 'add (42)' succeeded
c ----------------------------------------------------------------------------
c LOG 0 API call 'add (-11)' started
c LOG 0 API enters state STEADY
c LOG 0 adding external -11 as internal -11
c LOG 0 API enters state ADDING
c LOG 0 API call 'add (-11)' succeeded
c ----------------------------------------------------------------------------
c LOG 0 API call 'add (-16)' started
c LOG 0 API enters state STEADY
c LOG 0 adding external -16 as internal -16
c LOG 0 API enters state ADDING
c LOG 0 API call 'add (-16)' succeeded
c ----------------------------------------------------------------------------
c LOG 0 API call 'add (0)' started
c LOG 0 API enters state STEADY
c LOG 0 PROOF adding original external clause 42 -11 -16
c LOG 0 CHECKER addition of original clause 42 -11 -16
c LOG 0 original clause 42 -11 -16
c LOG 0 new pointer 0x6000017210e0 irredundant size 3 clause[183] 42 -11 -16
c LOG 0 marking added irredundant size 3 clause[183] 42 -11 -16
c LOG 0 watch 42 blit -11 in irredundant size 3 clause[182] 42 -11 -16
c LOG 0 watch -11 blit 42 in irredundant size 3 clause[182] 42 -11 -16
c LOG 0 API call 'add (0)' succeeded
c ----------------------------------------------------------------------------
c LOG 0 API call 'add (51)' started
c LOG 0 adding external 51 as internal 51
c LOG 0 API enters state ADDING
c LOG 0 API call 'add (51)' succeeded
c ----------------------------------------------------------------------------
c LOG 0 API call 'add (-35)' started
c LOG 0 API enters state STEADY
c LOG 0 adding external -35 as internal -35
c LOG 0 API enters state ADDING
c LOG 0 API call 'add (-35)' succeeded
c ----------------------------------------------------------------------------
c LOG 0 API call 'add (-16)' started
c LOG 0 API enters state STEADY
c LOG 0 adding external -16 as internal -16
c LOG 0 API enters state ADDING
c LOG 0 API call 'add (-16)' succeeded
c ----------------------------------------------------------------------------
c LOG 0 API call 'add (0)' started
c LOG 0 API enters state STEADY
c LOG 0 PROOF adding original external clause 51 -35 -16
c LOG 0 CHECKER addition of original clause 51 -35 -16
c LOG 0 original clause 51 -35 -16
c LOG 0 new pointer 0x600001721140 irredundant size 3 clause[184] 51 -35 -16
c LOG 0 marking added irredundant size 3 clause[184] 51 -35 -16
c LOG 0 watch 51 blit -35 in irredundant size 3 clause[183] 51 -35 -16
c LOG 0 watch -35 blit 51 in irredundant size 3 clause[183] 51 -35 -16
c LOG 0 API call 'add (0)' succeeded
c ----------------------------------------------------------------------------
c LOG 0 API call 'add (-29)' started
c LOG 0 adding external -29 as internal -29
c LOG 0 API enters state ADDING
c LOG 0 API call 'add (-29)' succeeded
c ----------------------------------------------------------------------------
c LOG 0 API call 'add (4)' started
c LOG 0 API enters state STEADY
c LOG 0 adding external 4 as internal 4
c LOG 0 API enters state ADDING
c LOG 0 API call 'add (4)' succeeded
c ----------------------------------------------------------------------------
c LOG 0 API call 'add (-45)' started
c LOG 0 API enters state STEADY
c LOG 0 adding external -45 as internal -45
c LOG 0 API enters state ADDING
c LOG 0 API call 'add (-45)' succeeded
c ----------------------------------------------------------------------------
c LOG 0 API call 'add (0)' started
c LOG 0 API enters state STEADY
c LOG 0 PROOF adding original external clause -29 4 -45
c LOG 0 CHECKER addition of original clause -29 4 -45
c LOG 0 original clause -29 4 -45
c LOG 0 new pointer 0x6000017211a0 irredundant size 3 clause[185] -29 4 -45
c LOG 0 marking added irredundant size 3 clause[185] -29 4 -45
c LOG 0 watch -29 blit 4 in irredundant size 3 clause[184] -29 4 -45
c LOG 0 watch 4 blit -29 in irredundant size 3 clause[184] -29 4 -45
c LOG 0 API call 'add (0)' succeeded
c ----------------------------------------------------------------------------
c LOG 0 API call 'add (-47)' started
c LOG 0 adding external -47 as internal -47
c LOG 0 API enters state ADDING
c LOG 0 API call 'add (-47)' succeeded
c ----------------------------------------------------------------------------
c LOG 0 API call 'add (-50)' started
c LOG 0 API enters state STEADY
c LOG 0 adding external -50 as internal -50
c LOG 0 API enters state ADDING
c LOG 0 API call 'add (-50)' succeeded
c ----------------------------------------------------------------------------
c LOG 0 API call 'add (36)' started
c LOG 0 API enters state STEADY
c LOG 0 adding external 36 as internal 36
c LOG 0 API enters state ADDING
c LOG 0 API call 'add (36)' succeeded
c ----------------------------------------------------------------------------
c LOG 0 API call 'add (0)' started
c LOG 0 API enters state STEADY
c LOG 0 PROOF adding original external clause -47 -50 36
c LOG 0 CHECKER addition of original clause -47 -50 36
c LOG 0 original clause -47 -50 36
c LOG 0 new pointer 0x6000017251a0 irredundant size 3 clause[186] -47 -50 36
c LOG 0 marking added irredundant size 3 clause[186] -47 -50 36
c LOG 0 watch -47 blit -50 in irredundant size 3 clause[185] -47 -50 36
c LOG 0 watch -50 blit -47 in irredundant size 3 clause[185] -47 -50 36
c LOG 0 API call 'add (0)' succeeded
c ----------------------------------------------------------------------------
c LOG 0 API call 'irredundant ()' started
c LOG 0 API call 'irredundant ()' returns '185'
c ----------------------------------------------------------------------------
c LOG 0 API call 'add (26)' started
c LOG 0 adding external 26 as internal 26
c LOG 0 API enters state ADDING
c LOG 0 API call 'add (26)' succeeded
c ----------------------------------------------------------------------------
c LOG 0 API call 'add (43)' started
c LOG 0 API enters state STEADY
c LOG 0 adding external 43 as internal 43
c LOG 0 API enters state ADDING
c LOG 0 API call 'add (43)' succeeded
c ----------------------------------------------------------------------------
c LOG 0 API call 'add (-30)' started
c LOG 0 API enters state STEADY
c LOG 0 adding external -30 as internal -30
c LOG 0 API enters state ADDING
c LOG 0 API call 'add (-30)' succeeded
c ----------------------------------------------------------------------------
c LOG 0 API call 'add (0)' started
c LOG 0 API enters state STEADY
c LOG 0 PROOF adding original external clause 26 43 -30
c LOG 0 CHECKER addition of original clause 26 43 -30
c LOG 0 original clause 26 43 -30
c LOG 0 new pointer 0x600001721200 irredundant size 3 clause[187] 26 43 -30
c LOG 0 marking added irredundant size 3 clause[187] 26 43 -30
c LOG 0 watch 26 blit 43 in irredundant size 3 clause[186] 26 43 -30
c LOG 0 watch 43 blit 26 in irredundant size 3 clause[186] 26 43 -30
c LOG 0 API call 'add (0)' succeeded
c ----------------------------------------------------------------------------
c LOG 0 API call 'add (-21)' started
c LOG 0 adding external -21 as internal -21
c LOG 0 API enters state ADDING
c LOG 0 API call 'add (-21)' succeeded
c ----------------------------------------------------------------------------
c LOG 0 API call 'add (-26)' started
c LOG 0 API enters state STEADY
c LOG 0 adding external -26 as internal -26
c LOG 0 API enters state ADDING
c LOG 0 API call 'add (-26)' succeeded
c ----------------------------------------------------------------------------
c LOG 0 API call 'add (-6)' started
c LOG 0 API enters state STEADY
c LOG 0 adding external -6 as internal -6
c LOG 0 API enters state ADDING
c LOG 0 API call 'add (-6)' succeeded
c ----------------------------------------------------------------------------
c LOG 0 API call 'add (0)' started
c LOG 0 API enters state STEADY
c LOG 0 PROOF adding original external clause -21 -26 -6
c LOG 0 CHECKER addition of original clause -21 -26 -6
c LOG 0 original clause -21 -26 -6
c LOG 0 new pointer 0x6000017194d0 irredundant size 3 clause[188] -21 -26 -6
c LOG 0 marking added irredundant size 3 clause[188] -21 -26 -6
c LOG 0 watch -21 blit -26 in irredundant size 3 clause[187] -21 -26 -6
c LOG 0 watch -26 blit -21 in irredundant size 3 clause[187] -21 -26 -6
c LOG 0 API call 'add (0)' succeeded
c ----------------------------------------------------------------------------
c LOG 0 API call 'add (50)' started
c LOG 0 adding external 50 as internal 50
c LOG 0 API enters state ADDING
c LOG 0 API call 'add (50)' succeeded
c ----------------------------------------------------------------------------
c LOG 0 API call 'add (-34)' started
c LOG 0 API enters state STEADY
c LOG 0 adding external -34 as internal -34
c LOG 0 API enters state ADDING
c LOG 0 API call 'add (-34)' succeeded
c ----------------------------------------------------------------------------
c LOG 0 API call 'add (23)' started
c LOG 0 API enters state STEADY
c LOG 0 adding external 23 as internal 23
c LOG 0 API enters state ADDING
c LOG 0 API call 'add (23)' succeeded
c ----------------------------------------------------------------------------
c LOG 0 API call 'add (-40)' started
c LOG 0 API enters state STEADY
c LOG 0 adding external -40 as internal -40
c LOG 0 API enters state ADDING
c LOG 0 API call 'add (-40)' succeeded
c ----------------------------------------------------------------------------
c LOG 0 API call 'add (0)' started
c LOG 0 API enters state STEADY
c LOG 0 PROOF adding original external clause 50 -34 23 -40
c LOG 0 CHECKER addition of original clause 50 -34 23 -40
c LOG 0 original clause 50 -34 23 -40
c LOG 0 new pointer 0x600001719530 irredundant size 4 clause[189] 50 -34 23 -40
c LOG 0 marking added irredundant size 4 clause[189] 50 -34 23 -40
c LOG 0 watch 50 blit -34 in irredundant size 4 clause[188] 50 -34 23 -40
c LOG 0 watch -34 blit 50 in irredundant size 4 clause[188] 50 -34 23 -40
c LOG 0 API call 'add (0)' succeeded
c ----------------------------------------------------------------------------
c LOG 0 API call 'add (-25)' started
c LOG 0 adding external -25 as internal -25
c LOG 0 API enters state ADDING
c LOG 0 API call 'add (-25)' succeeded
c ----------------------------------------------------------------------------
c LOG 0 API call 'add (1)' started
c LOG 0 API enters state STEADY
c LOG 0 adding external 1 as internal 1
c LOG 0 API enters state ADDING
c LOG 0 API call 'add (1)' succeeded
c ----------------------------------------------------------------------------
c LOG 0 API call 'add (30)' started
c LOG 0 API enters state STEADY
c LOG 0 adding external 30 as internal 30
c LOG 0 API enters state ADDING
c LOG 0 API call 'add (30)' succeeded
c ----------------------------------------------------------------------------
c LOG 0 API call 'add (-14)' started
c LOG 0 API enters state STEADY
c LOG 0 adding external -14 as internal -14
c LOG 0 API enters state ADDING
c LOG 0 API call 'add (-14)' succeeded
c ----------------------------------------------------------------------------
c LOG 0 API call 'add (0)' started
c LOG 0 API enters state STEADY
c LOG 0 PROOF adding original external clause -25 1 30 -14
c LOG 0 CHECKER addition of original clause -25 1 30 -14
c LOG 0 original clause -25 1 30 -14
c LOG 0 new pointer 0x600001719590 irredundant size 4 clause[190] -25 1 30 -14
c LOG 0 marking added irredundant size 4 clause[190] -25 1 30 -14
c LOG 0 watch -25 blit 1 in irredundant size 4 clause[189] -25 1 30 -14
c LOG 0 watch 1 blit -25 in irredundant size 4 clause[189] -25 1 30 -14
c LOG 0 API call 'add (0)' succeeded
c ----------------------------------------------------------------------------
c LOG 0 API call 'add (43)' started
c LOG 0 adding external 43 as internal 43
c LOG 0 API enters state ADDING
c LOG 0 API call 'add (43)' succeeded
c ----------------------------------------------------------------------------
c LOG 0 API call 'add (21)' started
c LOG 0 API enters state STEADY
c LOG 0 adding external 21 as internal 21
c LOG 0 API enters state ADDING
c LOG 0 API call 'add (21)' succeeded
c ----------------------------------------------------------------------------
c LOG 0 API call 'add (30)' started
c LOG 0 API enters state STEADY
c LOG 0 adding external 30 as internal 30
c LOG 0 API enters state ADDING
c LOG 0 API call 'add (30)' succeeded
c ----------------------------------------------------------------------------
c LOG 0 API call 'add (0)' started
c LOG 0 API enters state STEADY
c LOG 0 PROOF adding original external clause 43 21 30
c LOG 0 CHECKER addition of original clause 43 21 30
c LOG 0 original clause 43 21 30
c LOG 0 new pointer 0x6000017195f0 irredundant size 3 clause[191] 43 21 30
c LOG 0 marking added irredundant size 3 clause[191] 43 21 30
c LOG 0 watch 43 blit 21 in irredundant size 3 clause[190] 43 21 30
c LOG 0 watch 21 blit 43 in irredundant size 3 clause[190] 43 21 30
c LOG 0 API call 'add (0)' succeeded
c ----------------------------------------------------------------------------
c LOG 0 API call 'resize (48)' started
c LOG 0 do nothing
c LOG 0 API call 'resize (48)' succeeded
c ----------------------------------------------------------------------------
c LOG 0 API call 'add (18)' started
c LOG 0 adding external 18 as internal 18
c LOG 0 API enters state ADDING
c LOG 0 API call 'add (18)' succeeded
c ----------------------------------------------------------------------------
c LOG 0 API call 'add (47)' started
c LOG 0 API enters state STEADY
c LOG 0 adding external 47 as internal 47
c LOG 0 API enters state ADDING
c LOG 0 API call 'add (47)' succeeded
c ----------------------------------------------------------------------------
c LOG 0 API call 'add (-35)' started
c LOG 0 API enters state STEADY
c LOG 0 adding external -35 as internal -35
c LOG 0 API enters state ADDING
c LOG 0 API call 'add (-35)' succeeded
c ----------------------------------------------------------------------------
c LOG 0 API call 'add (0)' started
c LOG 0 API enters state STEADY
c LOG 0 PROOF adding original external clause 18 47 -35
c LOG 0 CHECKER addition of original clause 18 47 -35
c LOG 0 original clause 18 47 -35
c LOG 0 new pointer 0x600001719650 irredundant size 3 clause[192] 18 47 -35
c LOG 0 marking added irredundant size 3 clause[192] 18 47 -35
c LOG 0 watch 18 blit 47 in irredundant size 3 clause[191] 18 47 -35
c LOG 0 watch 47 blit 18 in irredundant size 3 clause[191] 18 47 -35
c LOG 0 API call 'add (0)' succeeded
c ----------------------------------------------------------------------------
c LOG 0 API call 'add (50)' started
c LOG 0 adding external 50 as internal 50
c LOG 0 API enters state ADDING
c LOG 0 API call 'add (50)' succeeded
c ----------------------------------------------------------------------------
c LOG 0 API call 'add (7)' started
c LOG 0 API enters state STEADY
c LOG 0 adding external 7 as internal 7
c LOG 0 API enters state ADDING
c LOG 0 API call 'add (7)' succeeded
c ----------------------------------------------------------------------------
c LOG 0 API call 'add (-27)' started
c LOG 0 API enters state STEADY
c LOG 0 adding external -27 as internal -27
c LOG 0 API enters state ADDING
c LOG 0 API call 'add (-27)' succeeded
c ----------------------------------------------------------------------------
c LOG 0 API call 'add (0)' started
c LOG 0 API enters state STEADY
c LOG 0 PROOF adding original external clause 50 7 -27
c LOG 0 CHECKER addition of original clause 50 7 -27
c LOG 0 original clause 50 7 -27
c LOG 0 new pointer 0x6000017196b0 irredundant size 3 clause[193] 50 7 -27
c LOG 0 marking added irredundant size 3 clause[193] 50 7 -27
c LOG 0 watch 50 blit 7 in irredundant size 3 clause[192] 50 7 -27
c LOG 0 watch 7 blit 50 in irredundant size 3 clause[192] 50 7 -27
c LOG 0 API call 'add (0)' succeeded
c ----------------------------------------------------------------------------
c LOG 0 API call 'add (-7)' started
c LOG 0 adding external -7 as internal -7
c LOG 0 API enters state ADDING
c LOG 0 API call 'add (-7)' succeeded
c ----------------------------------------------------------------------------
c LOG 0 API call 'add (-28)' started
c LOG 0 API enters state STEADY
c LOG 0 adding external -28 as internal -28
c LOG 0 API enters state ADDING
c LOG 0 API call 'add (-28)' succeeded
c ----------------------------------------------------------------------------
c LOG 0 API call 'add (14)' started
c LOG 0 API enters state STEADY
c LOG 0 adding external 14 as internal 14
c LOG 0 API enters state ADDING
c LOG 0 API call 'add (14)' succeeded
c ----------------------------------------------------------------------------
c LOG 0 API call 'add (0)' started
c LOG 0 API enters state STEADY
c LOG 0 PROOF adding original external clause -7 -28 14
c LOG 0 CHECKER addition of original clause -7 -28 14
c LOG 0 original clause -7 -28 14
c LOG 0 new pointer 0x600001719710 irredundant size 3 clause[194] -7 -28 14
c LOG 0 marking added irredundant size 3 clause[194] -7 -28 14
c LOG 0 watch -7 blit -28 in irredundant size 3 clause[193] -7 -28 14
c LOG 0 watch -28 blit -7 in irredundant size 3 clause[193] -7 -28 14
c LOG 0 API call 'add (0)' succeeded
c ----------------------------------------------------------------------------
c LOG 0 API call 'add (-51)' started
c LOG 0 adding external -51 as internal -51
c LOG 0 API enters state ADDING
c LOG 0 API call 'add (-51)' succeeded
c ----------------------------------------------------------------------------
c LOG 0 API call 'add (-29)' started
c LOG 0 API enters state STEADY
c LOG 0 adding external -29 as internal -29
c LOG 0 API enters state ADDING
c LOG 0 API call 'add (-29)' succeeded
c ----------------------------------------------------------------------------
c LOG 0 API call 'add (-33)' started
c LOG 0 API enters state STEADY
c LOG 0 adding external -33 as internal -33
c LOG 0 API enters state ADDING
c LOG 0 API call 'add (-33)' succeeded
c ----------------------------------------------------------------------------
c LOG 0 API call 'add (-41)' started
c LOG 0 API enters state STEADY
c LOG 0 adding external -41 as internal -41
c LOG 0 API enters state ADDING
c LOG 0 API call 'add (-41)' succeeded
c ----------------------------------------------------------------------------
c LOG 0 API call 'add (0)' started
c LOG 0 API enters state STEADY
c LOG 0 PROOF adding original external clause -51 -29 -33 -41
c LOG 0 CHECKER addition of original clause -51 -29 -33 -41
c LOG 0 original clause -51 -29 -33 -41
c LOG 0 new pointer 0x600001725200 irredundant size 4 clause[195] -51 -29 -33 -41
c LOG 0 marking added irredundant size 4 clause[195] -51 -29 -33 -41
c LOG 0 watch -51 blit -29 in irredundant size 4 clause[194] -51 -29 -33 -41
c LOG 0 watch -29 blit -51 in irredundant size 4 clause[194] -51 -29 -33 -41
c LOG 0 API call 'add (0)' succeeded
c ----------------------------------------------------------------------------
c LOG 0 API call 'add (-35)' started
c LOG 0 adding external -35 as internal -35
c LOG 0 API enters state ADDING
c LOG 0 API call 'add (-35)' succeeded
c ----------------------------------------------------------------------------
c LOG 0 API call 'add (17)' started
c LOG 0 API enters state STEADY
c LOG 0 adding external 17 as internal 17
c LOG 0 API enters state ADDING
c LOG 0 API call 'add (17)' succeeded
c ----------------------------------------------------------------------------
c LOG 0 API call 'add (-44)' started
c LOG 0 API enters state STEADY
c LOG 0 adding external -44 as internal -44
c LOG 0 API enters state ADDING
c LOG 0 API call 'add (-44)' succeeded
c ----------------------------------------------------------------------------
c LOG 0 API call 'add (0)' started
c LOG 0 API enters state STEADY
c LOG 0 PROOF adding original external clause -35 17 -44
c LOG 0 CHECKER addition of original clause -35 17 -44
c LOG 0 original clause -35 17 -44
c LOG 0 new pointer 0x600001725260 irredundant size 3 clause[196] -35 17 -44
c LOG 0 marking added irredundant size 3 clause[196] -35 17 -44
c LOG 0 watch -35 blit 17 in irredundant size 3 clause[195] -35 17 -44
c LOG 0 watch 17 blit -35 in irredundant size 3 clause[195] -35 17 -44
c LOG 0 API call 'add (0)' succeeded
c ----------------------------------------------------------------------------
c LOG 0 API call 'add (47)' started
c LOG 0 adding external 47 as internal 47
c LOG 0 API enters state ADDING
c LOG 0 API call 'add (47)' succeeded
c ----------------------------------------------------------------------------
c LOG 0 API call 'add (-5)' started
c LOG 0 API enters state STEADY
c LOG 0 adding external -5 as internal -5
c LOG 0 API enters state ADDING
c LOG 0 API call 'add (-5)' succeeded
c ----------------------------------------------------------------------------
c LOG 0 API call 'add (-45)' started
c LOG 0 API enters state STEADY
c LOG 0 adding external -45 as internal -45
c LOG 0 API enters state ADDING
c LOG 0 API call 'add (-45)' succeeded
c ----------------------------------------------------------------------------
c LOG 0 API call 'add (0)' started
c LOG 0 API enters state STEADY
c LOG 0 PROOF adding original external clause 47 -5 -45
c LOG 0 CHECKER addition of original clause 47 -5 -45
c LOG 0 original clause 47 -5 -45
c LOG 0 new pointer 0x6000017252c0 irredundant size 3 clause[197] 47 -5 -45
c LOG 0 marking added irredundant size 3 clause[197] 47 -5 -45
c LOG 0 watch 47 blit -5 in irredundant size 3 clause[196] 47 -5 -45
c LOG 0 watch -5 blit 47 in irredundant size 3 clause[196] 47 -5 -45
c LOG 0 API call 'add (0)' succeeded
c ----------------------------------------------------------------------------
c LOG 0 API call 'add (25)' started
c LOG 0 adding external 25 as internal 25
c LOG 0 API enters state ADDING
c LOG 0 API call 'add (25)' succeeded
c ----------------------------------------------------------------------------
c LOG 0 API call 'add (-42)' started
c LOG 0 API enters state STEADY
c LOG 0 adding external -42 as internal -42
c LOG 0 API enters state ADDING
c LOG 0 API call 'add (-42)' succeeded
c ----------------------------------------------------------------------------
c LOG 0 API call 'add (-22)' started
c LOG 0 API enters state STEADY
c LOG 0 adding external -22 as internal -22
c LOG 0 API enters state ADDING
c LOG 0 API call 'add (-22)' succeeded
c ----------------------------------------------------------------------------
c LOG 0 API call 'add (0)' started
c LOG 0 API enters state STEADY
c LOG 0 PROOF adding original external clause 25 -42 -22
c LOG 0 CHECKER addition of original clause 25 -42 -22
c LOG 0 original clause 25 -42 -22
c LOG 0 new pointer 0x600001725320 irredundant size 3 clause[198] 25 -42 -22
c LOG 0 marking added irredundant size 3 clause[198] 25 -42 -22
c LOG 0 watch 25 blit -42 in irredundant size 3 clause[197] 25 -42 -22
c LOG 0 watch -42 blit 25 in irredundant size 3 clause[197] 25 -42 -22
c LOG 0 API call 'add (0)' succeeded
c ----------------------------------------------------------------------------
c LOG 0 API call 'add (21)' started
c LOG 0 adding external 21 as internal 21
c LOG 0 API enters state ADDING
c LOG 0 API call 'add (21)' succeeded
c ----------------------------------------------------------------------------
c LOG 0 API call 'add (47)' started
c LOG 0 API enters state STEADY
c LOG 0 adding external 47 as internal 47
c LOG 0 API enters state ADDING
c LOG 0 API call 'add (47)' succeeded
c ----------------------------------------------------------------------------
c LOG 0 API call 'add (25)' started
c LOG 0 API enters state STEADY
c LOG 0 adding external 25 as internal 25
c LOG 0 API enters state ADDING
c LOG 0 API call 'add (25)' succeeded
c ----------------------------------------------------------------------------
c LOG 0 API call 'add (9)' started
c LOG 0 API enters state STEADY
c LOG 0 adding external 9 as internal 9
c LOG 0 API enters state ADDING
c LOG 0 API call 'add (9)' succeeded
c ----------------------------------------------------------------------------
c LOG 0 API call 'add (0)' started
c LOG 0 API enters state STEADY
c LOG 0 PROOF adding original external clause 21 47 25 9
c LOG 0 CHECKER addition of original clause 21 47 25 9
c LOG 0 original clause 21 47 25 9
c LOG 0 new pointer 0x600001725380 irredundant size 4 clause[199] 21 47 25 9
c LOG 0 marking added irredundant size 4 clause[199] 21 47 25 9
c LOG 0 watch 21 blit 47 in irredundant size 4 clause[198] 21 47 25 9
c LOG 0 watch 47 blit 21 in irredundant size 4 clause[198] 21 47 25 9
c LOG 0 API call 'add (0)' succeeded
c ----------------------------------------------------------------------------
c LOG 0 API call 'add (50)' started
c LOG 0 adding external 50 as internal 50
c LOG 0 API enters state ADDING
c LOG 0 API call 'add (50)' succeeded
c ----------------------------------------------------------------------------
c LOG 0 API call 'add (16)' started
c LOG 0 API enters state STEADY
c LOG 0 adding external 16 as internal 16
c LOG 0 API enters state ADDING
c LOG 0 API call 'add (16)' succeeded
c ----------------------------------------------------------------------------
c LOG 0 API call 'add (-37)' started
c LOG 0 API enters state STEADY
c LOG 0 adding external -37 as internal -37
c LOG 0 API enters state ADDING
c LOG 0 API call 'add (-37)' succeeded
c ----------------------------------------------------------------------------
c LOG 0 API call 'add (0)' started
c LOG 0 API enters state STEADY
c LOG 0 PROOF adding original external clause 50 16 -37
c LOG 0 CHECKER addition of original clause 50 16 -37
c LOG 0 original clause 50 16 -37
c LOG 0 new pointer 0x6000017253e0 irredundant size 3 clause[200] 50 16 -37
c LOG 0 marking added irredundant size 3 clause[200] 50 16 -37
c LOG 0 watch 50 blit 16 in irredundant size 3 clause[199] 50 16 -37
c LOG 0 watch 16 blit 50 in irredundant size 3 clause[199] 50 16 -37
c LOG 0 API call 'add (0)' succeeded
c ----------------------------------------------------------------------------
c LOG 0 API call 'add (1)' started
c LOG 0 adding external 1 as internal 1
c LOG 0 API enters state ADDING
c LOG 0 API call 'add (1)' succeeded
c ----------------------------------------------------------------------------
c LOG 0 API call 'add (-28)' started
c LOG 0 API enters state STEADY
c LOG 0 adding external -28 as internal -28
c LOG 0 API enters state ADDING
c LOG 0 API call 'add (-28)' succeeded
c ----------------------------------------------------------------------------
c LOG 0 API call 'add (36)' started
c LOG 0 API enters state STEADY
c LOG 0 adding external 36 as internal 36
c LOG 0 API enters state ADDING
c LOG 0 API call 'add (36)' succeeded
c ----------------------------------------------------------------------------
c LOG 0 API call 'add (0)' started
c LOG 0 API enters state STEADY
c LOG 0 PROOF adding original external clause 1 -28 36
c LOG 0 CHECKER addition of original clause 1 -28 36
c LOG 0 original clause 1 -28 36
c LOG 0 new pointer 0x600001725440 irredundant size 3 clause[201] 1 -28 36
c LOG 0 marking added irredundant size 3 clause[201] 1 -28 36
c LOG 0 watch 1 blit -28 in irredundant size 3 clause[200] 1 -28 36
c LOG 0 watch -28 blit 1 in irredundant size 3 clause[200] 1 -28 36
c LOG 0 API call 'add (0)' succeeded
c ----------------------------------------------------------------------------
c LOG 0 API call 'add (-32)' started
c LOG 0 adding external -32 as internal -32
c LOG 0 API enters state ADDING
c LOG 0 API call 'add (-32)' succeeded
c ----------------------------------------------------------------------------
c LOG 0 API call 'add (40)' started
c LOG 0 API enters state STEADY
c LOG 0 adding external 40 as internal 40
c LOG 0 API enters state ADDING
c LOG 0 API call 'add (40)' succeeded
c ----------------------------------------------------------------------------
c LOG 0 API call 'add (-36)' started
c LOG 0 API enters state STEADY
c LOG 0 adding external -36 as internal -36
c LOG 0 API enters state ADDING
c LOG 0 API call 'add (-36)' succeeded
c ----------------------------------------------------------------------------
c LOG 0 API call 'add (0)' started
c LOG 0 API enters state STEADY
c LOG 0 PROOF adding original external clause -32 40 -36
c LOG 0 CHECKER addition of original clause -32 40 -36
c LOG 0 original clause -32 40 -36
c LOG 0 new pointer 0x6000017254a0 irredundant size 3 clause[202] -32 40 -36
c LOG 0 marking added irredundant size 3 clause[202] -32 40 -36
c LOG 0 watch -32 blit 40 in irredundant size 3 clause[201] -32 40 -36
c LOG 0 watch 40 blit -32 in irredundant size 3 clause[201] -32 40 -36
c LOG 0 API call 'add (0)' succeeded
c ----------------------------------------------------------------------------
c LOG 0 API call 'add (-42)' started
c LOG 0 adding external -42 as internal -42
c LOG 0 API enters state ADDING
c LOG 0 API call 'add (-42)' succeeded
c ----------------------------------------------------------------------------
c LOG 0 API call 'add (4)' started
c LOG 0 API enters state STEADY
c LOG 0 adding external 4 as internal 4
c LOG 0 API enters state ADDING
c LOG 0 API call 'add (4)' succeeded
c ----------------------------------------------------------------------------
c LOG 0 API call 'add (-35)' started
c LOG 0 API enters state STEADY
c LOG 0 adding external -35 as internal -35
c LOG 0 API enters state ADDING
c LOG 0 API call 'add (-35)' succeeded
c ----------------------------------------------------------------------------
c LOG 0 API call 'add (0)' started
c LOG 0 API enters state STEADY
c LOG 0 PROOF adding original external clause -42 4 -35
c LOG 0 CHECKER addition of original clause -42 4 -35
c LOG 0 original clause -42 4 -35
c LOG 0 new pointer 0x600001725500 irredundant size 3 clause[203] -42 4 -35
c LOG 0 marking added irredundant size 3 clause[203] -42 4 -35
c LOG 0 watch -42 blit 4 in irredundant size 3 clause[202] -42 4 -35
c LOG 0 watch 4 blit -42 in irredundant size 3 clause[202] -42 4 -35
c LOG 0 API call 'add (0)' succeeded
c ----------------------------------------------------------------------------
c LOG 0 API call 'add (32)' started
c LOG 0 adding external 32 as internal 32
c LOG 0 API enters state ADDING
c LOG 0 API call 'add (32)' succeeded
c ----------------------------------------------------------------------------
c LOG 0 API call 'add (26)' started
c LOG 0 API enters state STEADY
c LOG 0 adding external 26 as internal 26
c LOG 0 API enters state ADDING
c LOG 0 API call 'add (26)' succeeded
c ----------------------------------------------------------------------------
c LOG 0 API call 'add (34)' started
c LOG 0 API enters state STEADY
c LOG 0 adding external 34 as internal 34
c LOG 0 API enters state ADDING
c LOG 0 API call 'add (34)' succeeded
c ----------------------------------------------------------------------------
c LOG 0 API call 'add (0)' started
c LOG 0 API enters state STEADY
c LOG 0 PROOF adding original external clause 32 26 34
c LOG 0 CHECKER addition of original clause 32 26 34
c LOG 0 original clause 32 26 34
c LOG 0 new pointer 0x600001725560 irredundant size 3 clause[204] 32 26 34
c LOG 0 marking added irredundant size 3 clause[204] 32 26 34
c LOG 0 watch 32 blit 26 in irredundant size 3 clause[203] 32 26 34
c LOG 0 watch 26 blit 32 in irredundant size 3 clause[203] 32 26 34
c LOG 0 API call 'add (0)' succeeded
c ----------------------------------------------------------------------------
c LOG 0 API call 'add (-10)' started
c LOG 0 adding external -10 as internal -10
c LOG 0 API enters state ADDING
c LOG 0 API call 'add (-10)' succeeded
c ----------------------------------------------------------------------------
c LOG 0 API call 'add (-19)' started
c LOG 0 API enters state STEADY
c LOG 0 adding external -19 as internal -19
c LOG 0 API enters state ADDING
c LOG 0 API call 'add (-19)' succeeded
c ----------------------------------------------------------------------------
c LOG 0 API call 'add (14)' started
c LOG 0 API enters state STEADY
c LOG 0 adding external 14 as internal 14
c LOG 0 API enters state ADDING
c LOG 0 API call 'add (14)' succeeded
c ----------------------------------------------------------------------------
c LOG 0 API call 'add (0)' started
c LOG 0 API enters state STEADY
c LOG 0 PROOF adding original external clause -10 -19 14
c LOG 0 CHECKER addition of original clause -10 -19 14
c LOG 0 original clause -10 -19 14
c LOG 0 new pointer 0x6000017255c0 irredundant size 3 clause[205] -10 -19 14
c LOG 0 marking added irredundant size 3 clause[205] -10 -19 14
c LOG 0 watch -10 blit -19 in irredundant size 3 clause[204] -10 -19 14
c LOG 0 watch -19 blit -10 in irredundant size 3 clause[204] -10 -19 14
c LOG 0 API call 'add (0)' succeeded
c ----------------------------------------------------------------------------
c LOG 0 API call 'assume (-6)' started
c LOG 0 PROOF adding assumption -6
c LOG 0 assuming external -6 as internal -6
c LOG 0 assume -6
c LOG 0 variable 6 frozen 1 times
c LOG 0 API call 'assume (-6)' succeeded
c ----------------------------------------------------------------------------
c LOG 0 API call 'assume (10)' started
c LOG 0 PROOF adding assumption 10
c LOG 0 assuming external 10 as internal 10
c LOG 0 assume 10
c LOG 0 variable 10 frozen 1 times
c LOG 0 API call 'assume (10)' succeeded
c ----------------------------------------------------------------------------
c LOG 0 API call 'assume (-17)' started
c LOG 0 PROOF adding assumption -17
c LOG 0 assuming external -17 as internal -17
c LOG 0 assume -17
c LOG 0 variable 17 frozen 1 times
c LOG 0 API call 'assume (-17)' succeeded
c ----------------------------------------------------------------------------
c LOG 0 API call 'assume (-26)' started
c LOG 0 PROOF adding assumption -26
c LOG 0 assuming external -26 as internal -26
c LOG 0 assume -26
c LOG 0 variable 26 frozen 1 times
c LOG 0 API call 'assume (-26)' succeeded
c ----------------------------------------------------------------------------
c LOG 0 API call 'assume (15)' started
c LOG 0 PROOF adding assumption 15
c LOG 0 assuming external 15 as internal 15
c LOG 0 assume 15
c LOG 0 variable 15 frozen 1 times
c LOG 0 API call 'assume (15)' succeeded
c ----------------------------------------------------------------------------
c LOG 0 API call 'assume (40)' started
c LOG 0 PROOF adding assumption 40
c LOG 0 assuming external 40 as internal 40
c LOG 0 assume 40
c LOG 0 variable 40 frozen 1 times
c LOG 0 API call 'assume (40)' succeeded
c ----------------------------------------------------------------------------
c LOG 0 API call 'assume (51)' started
c LOG 0 PROOF adding assumption 51
c LOG 0 assuming external 51 as internal 51
c LOG 0 assume 51
c LOG 0 variable 51 frozen 1 times
c LOG 0 API call 'assume (51)' succeeded
c ----------------------------------------------------------------------------
c LOG 0 API call 'assume (-28)' started
c LOG 0 PROOF adding assumption -28
c LOG 0 assuming external -28 as internal -28
c LOG 0 assume -28
c LOG 0 variable 28 frozen 1 times
c LOG 0 API call 'assume (-28)' succeeded
c ----------------------------------------------------------------------------
c LOG 0 API call 'assume (13)' started
c LOG 0 PROOF adding assumption 13
c LOG 0 assuming external 13 as internal 13
c LOG 0 assume 13
c LOG 0 variable 13 frozen 1 times
c LOG 0 API call 'assume (13)' succeeded
c ----------------------------------------------------------------------------
c LOG 0 API call 'assume (-22)' started
c LOG 0 PROOF adding assumption -22
c LOG 0 assuming external -22 as internal -22
c LOG 0 assume -22
c LOG 0 variable 22 frozen 1 times
c LOG 0 API call 'assume (-22)' succeeded
c ----------------------------------------------------------------------------
c LOG 0 API call 'assume (-9)' started
c LOG 0 PROOF adding assumption -9
c LOG 0 assuming external -9 as internal -9
c LOG 0 assume -9
c LOG 0 variable 9 frozen 1 times
c LOG 0 API call 'assume (-9)' succeeded
c ----------------------------------------------------------------------------
c LOG 0 API call 'assume (-45)' started
c LOG 0 PROOF adding assumption -45
c LOG 0 assuming external -45 as internal -45
c LOG 0 assume -45
c LOG 0 variable 45 frozen 1 times
c LOG 0 API call 'assume (-45)' succeeded
c ----------------------------------------------------------------------------
c LOG 0 API call 'assume (39)' started
c LOG 0 PROOF adding assumption 39
c LOG 0 assuming external 39 as internal 39
c LOG 0 assume 39
c LOG 0 variable 39 frozen 1 times
c LOG 0 API call 'assume (39)' succeeded
c ----------------------------------------------------------------------------
c LOG 0 API call 'assume (1)' started
c LOG 0 PROOF adding assumption 1
c LOG 0 assuming external 1 as internal 1
c LOG 0 assume 1
c LOG 0 variable 1 frozen 1 times
c LOG 0 API call 'assume (1)' succeeded
c ----------------------------------------------------------------------------
c LOG 0 API call 'assume (-44)' started
c LOG 0 PROOF adding assumption -44
c LOG 0 assuming external -44 as internal -44
c LOG 0 assume -44
c LOG 0 variable 44 frozen 1 times
c LOG 0 API call 'assume (-44)' succeeded
c ----------------------------------------------------------------------------
c LOG 0 API call 'assume (47)' started
c LOG 0 PROOF adding assumption 47
c LOG 0 assuming external 47 as internal 47
c LOG 0 assume 47
c LOG 0 variable 47 frozen 1 times
c LOG 0 API call 'assume (47)' succeeded
c ----------------------------------------------------------------------------
c LOG 0 API call 'assume (5)' started
c LOG 0 PROOF adding assumption 5
c LOG 0 assuming external 5 as internal 5
c LOG 0 assume 5
c LOG 0 variable 5 frozen 1 times
c LOG 0 API call 'assume (5)' succeeded
c ----------------------------------------------------------------------------
c LOG 0 API call 'assume (33)' started
c LOG 0 PROOF adding assumption 33
c LOG 0 assuming external 33 as internal 33
c LOG 0 assume 33
c LOG 0 variable 33 frozen 1 times
c LOG 0 API call 'assume (33)' succeeded
c ----------------------------------------------------------------------------
c LOG 0 API call 'assume (-42)' started
c LOG 0 PROOF adding assumption -42
c LOG 0 assuming external -42 as internal -42
c LOG 0 assume -42
c LOG 0 variable 42 frozen 1 times
c LOG 0 API call 'assume (-42)' succeeded
c ----------------------------------------------------------------------------
c LOG 0 API call 'assume (19)' started
c LOG 0 PROOF adding assumption 19
c LOG 0 assuming external 19 as internal 19
c LOG 0 assume 19
c LOG 0 variable 19 frozen 1 times
c LOG 0 API call 'assume (19)' succeeded
c ----------------------------------------------------------------------------
c LOG 0 API call 'assume (49)' started
c LOG 0 PROOF adding assumption 49
c LOG 0 assuming external 49 as internal 49
c LOG 0 assume 49
c LOG 0 variable 49 frozen 1 times
c LOG 0 API call 'assume (49)' succeeded
c ----------------------------------------------------------------------------
c LOG 0 API call 'assume (23)' started
c LOG 0 PROOF adding assumption 23
c LOG 0 assuming external 23 as internal 23
c LOG 0 assume 23
c LOG 0 variable 23 frozen 1 times
c LOG 0 API call 'assume (23)' succeeded
c ----------------------------------------------------------------------------
c LOG 0 API call 'assume (3)' started
c LOG 0 PROOF adding assumption 3
c LOG 0 assuming external 3 as internal 3
c LOG 0 assume 3
c LOG 0 variable 3 frozen 1 times
c LOG 0 API call 'assume (3)' succeeded
c ----------------------------------------------------------------------------
c LOG 0 API call 'assume (25)' started
c LOG 0 PROOF adding assumption 25
c LOG 0 assuming external 25 as internal 25
c LOG 0 assume 25
c LOG 0 variable 25 frozen 1 times
c LOG 0 API call 'assume (25)' succeeded
c ----------------------------------------------------------------------------
c LOG 0 API call 'assume (-20)' started
c LOG 0 PROOF adding assumption -20
c LOG 0 assuming external -20 as internal -20
c LOG 0 assume -20
c LOG 0 variable 20 frozen 1 times
c LOG 0 API call 'assume (-20)' succeeded
c ----------------------------------------------------------------------------
c LOG 0 API call 'assume (-12)' started
c LOG 0 PROOF adding assumption -12
c LOG 0 assuming external -12 as internal -12
c LOG 0 assume -12
c LOG 0 variable 12 frozen 1 times
c LOG 0 API call 'assume (-12)' succeeded
c ----------------------------------------------------------------------------
c LOG 0 API call 'assume (30)' started
c LOG 0 PROOF adding assumption 30
c LOG 0 assuming external 30 as internal 30
c LOG 0 assume 30
c LOG 0 variable 30 frozen 1 times
c LOG 0 API call 'assume (30)' succeeded
c ----------------------------------------------------------------------------
c LOG 0 API call 'assume (-37)' started
c LOG 0 PROOF adding assumption -37
c LOG 0 assuming external -37 as internal -37
c LOG 0 assume -37
c LOG 0 variable 37 frozen 1 times
c LOG 0 API call 'assume (-37)' succeeded
c ----------------------------------------------------------------------------
c LOG 0 API call 'assume (35)' started
c LOG 0 PROOF adding assumption 35
c LOG 0 assuming external 35 as internal 35
c LOG 0 assume 35
c LOG 0 variable 35 frozen 1 times
c LOG 0 API call 'assume (35)' succeeded
c ----------------------------------------------------------------------------
c LOG 0 API call 'assume (43)' started
c LOG 0 PROOF adding assumption 43
c LOG 0 assuming external 43 as internal 43
c LOG 0 assume 43
c LOG 0 variable 43 frozen 1 times
c LOG 0 API call 'assume (43)' succeeded
c ----------------------------------------------------------------------------
c LOG 0 API call 'assume (-36)' started
c LOG 0 PROOF adding assumption -36
c LOG 0 assuming external -36 as internal -36
c LOG 0 assume -36
c LOG 0 variable 36 frozen 1 times
c LOG 0 API call 'assume (-36)' succeeded
c ----------------------------------------------------------------------------
c LOG 0 API call 'assume (-32)' started
c LOG 0 PROOF adding assumption -32
c LOG 0 assuming external -32 as internal -32
c LOG 0 assume -32
c LOG 0 variable 32 frozen 1 times
c LOG 0 API call 'assume (-32)' succeeded
c ----------------------------------------------------------------------------
c LOG 0 API call 'assume (-46)' started
c LOG 0 PROOF adding assumption -46
c LOG 0 assuming external -46 as internal -46
c LOG 0 assume -46
c LOG 0 variable 46 frozen 1 times
c LOG 0 API call 'assume (-46)' succeeded
c ----------------------------------------------------------------------------
c LOG 0 API call 'assume (-2)' started
c LOG 0 PROOF adding assumption -2
c LOG 0 assuming external -2 as internal -2
c LOG 0 assume -2
c LOG 0 variable 2 frozen 1 times
c LOG 0 API call 'assume (-2)' succeeded
c ----------------------------------------------------------------------------
c LOG 0 API call 'assume (-29)' started
c LOG 0 PROOF adding assumption -29
c LOG 0 assuming external -29 as internal -29
c LOG 0 assume -29
c LOG 0 variable 29 frozen 1 times
c LOG 0 API call 'assume (-29)' succeeded
c ----------------------------------------------------------------------------
c LOG 0 API call 'assume (-18)' started
c LOG 0 PROOF adding assumption -18
c LOG 0 assuming external -18 as internal -18
c LOG 0 assume -18
c LOG 0 variable 18 frozen 1 times
c LOG 0 API call 'assume (-18)' succeeded
c ----------------------------------------------------------------------------
c LOG 0 API call 'assume (27)' started
c LOG 0 PROOF adding assumption 27
c LOG 0 assuming external 27 as internal 27
c LOG 0 assume 27
c LOG 0 variable 27 frozen 1 times
c LOG 0 API call 'assume (27)' succeeded
c ----------------------------------------------------------------------------
c LOG 0 API call 'assume (38)' started
c LOG 0 PROOF adding assumption 38
c LOG 0 assuming external 38 as internal 38
c LOG 0 assume 38
c LOG 0 variable 38 frozen 1 times
c LOG 0 API call 'assume (38)' succeeded
c ----------------------------------------------------------------------------
c LOG 0 API call 'assume (8)' started
c LOG 0 PROOF adding assumption 8
c LOG 0 assuming external 8 as internal 8
c LOG 0 assume 8
c LOG 0 variable 8 frozen 1 times
c LOG 0 API call 'assume (8)' succeeded
c ----------------------------------------------------------------------------
c LOG 0 API call 'assume (-34)' started
c LOG 0 PROOF adding assumption -34
c LOG 0 assuming external -34 as internal -34
c LOG 0 assume -34
c LOG 0 variable 34 frozen 1 times
c LOG 0 API call 'assume (-34)' succeeded
c ----------------------------------------------------------------------------
c LOG 0 API call 'assume (-24)' started
c LOG 0 PROOF adding assumption -24
c LOG 0 assuming external -24 as internal -24
c LOG 0 assume -24
c LOG 0 variable 24 frozen 1 times
c LOG 0 API call 'assume (-24)' succeeded
c ----------------------------------------------------------------------------
c LOG 0 API call 'assume (41)' started
c LOG 0 PROOF adding assumption 41
c LOG 0 assuming external 41 as internal 41
c LOG 0 assume 41
c LOG 0 variable 41 frozen 1 times
c LOG 0 API call 'assume (41)' succeeded
c ----------------------------------------------------------------------------
c LOG 0 API call 'assume (-48)' started
c LOG 0 PROOF adding assumption -48
c LOG 0 assuming external -48 as internal -48
c LOG 0 assume -48
c LOG 0 variable 48 frozen 1 times
c LOG 0 API call 'assume (-48)' succeeded
c ----------------------------------------------------------------------------
c LOG 0 API call 'assume (50)' started
c LOG 0 PROOF adding assumption 50
c LOG 0 assuming external 50 as internal 50
c LOG 0 assume 50
c LOG 0 variable 50 frozen 1 times
c LOG 0 API call 'assume (50)' succeeded
c ----------------------------------------------------------------------------
c LOG 0 API call 'assume (31)' started
c LOG 0 PROOF adding assumption 31
c LOG 0 assuming external 31 as internal 31
c LOG 0 assume 31
c LOG 0 variable 31 frozen 1 times
c LOG 0 API call 'assume (31)' succeeded
c ----------------------------------------------------------------------------
c LOG 0 API call 'assume (11)' started
c LOG 0 PROOF adding assumption 11
c LOG 0 assuming external 11 as internal 11
c LOG 0 assume 11
c LOG 0 variable 11 frozen 1 times
c LOG 0 API call 'assume (11)' succeeded
c ----------------------------------------------------------------------------
c LOG 0 API call 'assume (16)' started
c LOG 0 PROOF adding assumption 16
c LOG 0 assuming external 16 as internal 16
c LOG 0 assume 16
c LOG 0 variable 16 frozen 1 times
c LOG 0 API call 'assume (16)' succeeded
c ----------------------------------------------------------------------------
c LOG 0 API call 'limit ("decisions", 12)' started
c LOG 0 new decision limit of 12 decisions
c LOG 0 API call 'limit ("decisions", 12)' succeeded
c ----------------------------------------------------------------------------
c LOG 0 API call 'phase (33)' started
c LOG 0 new forced phase 33
c LOG 0 API call 'phase (33)' succeeded
c ----------------------------------------------------------------------------
c LOG 0 API call 'phase (-4)' started
c LOG 0 new forced phase -4
c LOG 0 API call 'phase (-4)' succeeded
c ----------------------------------------------------------------------------
c LOG 0 API call 'phase (-6)' started
c LOG 0 new forced phase -6
c LOG 0 API call 'phase (-6)' succeeded
c ----------------------------------------------------------------------------
c LOG 0 API call 'phase (29)' started
c LOG 0 new forced phase 29
c LOG 0 API call 'phase (29)' succeeded
c ----------------------------------------------------------------------------
c LOG 0 API call 'phase (-48)' started
c LOG 0 new forced phase -48
c LOG 0 API call 'phase (-48)' succeeded
c ----------------------------------------------------------------------------
c LOG 0 API call 'phase (43)' started
c LOG 0 new forced phase 43
c LOG 0 API call 'phase (43)' succeeded
c ----------------------------------------------------------------------------
c LOG 0 API call 'phase (-17)' started
c LOG 0 new forced phase -17
c LOG 0 API call 'phase (-17)' succeeded
c ----------------------------------------------------------------------------
c LOG 0 API call 'phase (-7)' started
c LOG 0 new forced phase -7
c LOG 0 API call 'phase (-7)' succeeded
c ----------------------------------------------------------------------------
c LOG 0 API call 'phase (19)' started
c LOG 0 new forced phase 19
c LOG 0 API call 'phase (19)' succeeded
c ----------------------------------------------------------------------------
c LOG 0 API call 'phase (11)' started
c LOG 0 new forced phase 11
c LOG 0 API call 'phase (11)' succeeded
c ----------------------------------------------------------------------------
c LOG 0 API call 'phase (20)' started
c LOG 0 new forced phase 20
c LOG 0 API call 'phase (20)' succeeded
c ----------------------------------------------------------------------------
c LOG 0 API call 'phase (16)' started
c LOG 0 new forced phase 16
c LOG 0 API call 'phase (16)' succeeded
c ----------------------------------------------------------------------------
c LOG 0 API call 'phase (39)' started
c LOG 0 new forced phase 39
c LOG 0 API call 'phase (39)' succeeded
c ----------------------------------------------------------------------------
c LOG 0 API call 'phase (-44)' started
c LOG 0 new forced phase -44
c LOG 0 API call 'phase (-44)' succeeded
c ----------------------------------------------------------------------------
c LOG 0 API call 'phase (-5)' started
c LOG 0 new forced phase -5
c LOG 0 API call 'phase (-5)' succeeded
c ----------------------------------------------------------------------------
c LOG 0 API call 'phase (-37)' started
c LOG 0 new forced phase -37
c LOG 0 API call 'phase (-37)' succeeded
c ----------------------------------------------------------------------------
c LOG 0 API call 'phase (-28)' started
c LOG 0 new forced phase -28
c LOG 0 API call 'phase (-28)' succeeded
c ----------------------------------------------------------------------------
c LOG 0 API call 'phase (2)' started
c LOG 0 new forced phase 2
c LOG 0 API call 'phase (2)' succeeded
c ----------------------------------------------------------------------------
c LOG 0 API call 'phase (50)' started
c LOG 0 new forced phase 50
c LOG 0 API call 'phase (50)' succeeded
c ----------------------------------------------------------------------------
c LOG 0 API call 'phase (23)' started
c LOG 0 new forced phase 23
c LOG 0 API call 'phase (23)' succeeded
c ----------------------------------------------------------------------------
c LOG 0 API call 'phase (-22)' started
c LOG 0 new forced phase -22
c LOG 0 API call 'phase (-22)' succeeded
c ----------------------------------------------------------------------------
c LOG 0 API call 'phase (13)' started
c LOG 0 new forced phase 13
c LOG 0 API call 'phase (13)' succeeded
c ----------------------------------------------------------------------------
c LOG 0 API call 'phase (-31)' started
c LOG 0 new forced phase -31
c LOG 0 API call 'phase (-31)' succeeded
c ----------------------------------------------------------------------------
c LOG 0 API call 'phase (-24)' started
c LOG 0 new forced phase -24
c LOG 0 API call 'phase (-24)' succeeded
c ----------------------------------------------------------------------------
c LOG 0 API call 'phase (-3)' started
c LOG 0 new forced phase -3
c LOG 0 API call 'phase (-3)' succeeded
c ----------------------------------------------------------------------------
c LOG 0 API call 'phase (15)' started
c LOG 0 new forced phase 15
c LOG 0 API call 'phase (15)' succeeded
c ----------------------------------------------------------------------------
c LOG 0 API call 'phase (10)' started
c LOG 0 new forced phase 10
c LOG 0 API call 'phase (10)' succeeded
c ----------------------------------------------------------------------------
c LOG 0 API call 'phase (45)' started
c LOG 0 new forced phase 45
c LOG 0 API call 'phase (45)' succeeded
c ----------------------------------------------------------------------------
c LOG 0 API call 'phase (41)' started
c LOG 0 new forced phase 41
c LOG 0 API call 'phase (41)' succeeded
c ----------------------------------------------------------------------------
c LOG 0 API call 'phase (-34)' started
c LOG 0 new forced phase -34
c LOG 0 API call 'phase (-34)' succeeded
c ----------------------------------------------------------------------------
c LOG 0 API call 'phase (14)' started
c LOG 0 new forced phase 14
c LOG 0 API call 'phase (14)' succeeded
c ----------------------------------------------------------------------------
c LOG 0 API call 'phase (-26)' started
c LOG 0 new forced phase -26
c LOG 0 API call 'phase (-26)' succeeded
c ----------------------------------------------------------------------------
c LOG 0 API call 'phase (-51)' started
c LOG 0 new forced phase -51
c LOG 0 API call 'phase (-51)' succeeded
c ----------------------------------------------------------------------------
c LOG 0 API call 'phase (-36)' started
c LOG 0 new forced phase -36
c LOG 0 API call 'phase (-36)' succeeded
c ----------------------------------------------------------------------------
c LOG 0 API call 'phase (-38)' started
c LOG 0 new forced phase -38
c LOG 0 API call 'phase (-38)' succeeded
c ----------------------------------------------------------------------------
c LOG 0 API call 'phase (25)' started
c LOG 0 new forced phase 25
c LOG 0 API call 'phase (25)' succeeded
c ----------------------------------------------------------------------------
c LOG 0 API call 'phase (47)' started
c LOG 0 new forced phase 47
c LOG 0 API call 'phase (47)' succeeded
c ----------------------------------------------------------------------------
c LOG 0 API call 'phase (-32)' started
c LOG 0 new forced phase -32
c LOG 0 API call 'phase (-32)' succeeded
c ----------------------------------------------------------------------------
c LOG 0 API call 'phase (-9)' started
c LOG 0 new forced phase -9
c LOG 0 API call 'phase (-9)' succeeded
c ----------------------------------------------------------------------------
c LOG 0 API call 'phase (-21)' started
c LOG 0 new forced phase -21
c LOG 0 API call 'phase (-21)' succeeded
c ----------------------------------------------------------------------------
c LOG 0 API call 'solve ()' started
c LOG 0 API enters state SOLVING
c LOG 0 START PROFILE[solve]
c LOG 0 activating all new variables
c LOG 0 PROOF solve query
c LOG 0 internal solving in full mode
c LOG 0 starting propagate
c LOG 0 no tainted literals and nothing to restore
c time measured in process time since initialization
c 
c  seconds  reduction conflicts       size tier2     variables
c         MB    restarts   redundant    glue  trail      remaining
c          level     rate       size/glu tier1 irredundant
c 
c *  0.42  0  0 0   0  0    0    0 0.0 0 0 2 6  0%  204  51 50%
c LOG 0 reinitializing preprocessing limits incrementally
c LOG 0 keeping elim limit 0 after 0 conflicts
c LOG 0 elimination bound 0
c LOG 0 keeping probe limit 0 after 0 conflicts
c LOG 0 keeping condition limit 0 increment 0
c LOG 0 no preprocessing
c LOG 0 reinitializing search limits incrementally
c LOG 0 keeping reduce limit 1 after 1 conflicts
c LOG 0 keeping flush limit 100000 interval 100000
c LOG 0 new rephase limit 1000 after 1000 conflicts
c LOG 0 new restart limit 2 increment 2
c LOG 0 keeping non-stable phase
c LOG 0 new ticks-based stabilize limit 1 after 1 conflicts
c LOG 0 new restart reluctant doubling sequence period 1
c LOG 0 no limit on conflicts
c LOG 0 decision limit after 12 decisions at 12 decisions
c LOG 0 no limit on ticks
c LOG 0 no local search
c LOG 0 keeping randomize decision limit 2 after 2 conflicts
c LOG 0 starting propagate
c LOG 0 START PROFILE[search]
c LOG 0 starting lucky
c l  0.42  0  0 0   0  0    0    0 0.0 0 0 2 6  0%  204  51 50%
c LOG 0 starting propagate
c checking that all clauses contain a negative literal
c LOG 0 deciding assumption -6
c LOG 1 search decide -6
c LOG 1 search assign -6 @ 1 decision
c LOG 1 starting propagate
c LOG 1 propagating -6
c LOG 1 checking irredundant size 3 clause[3] 6@1+=-1 7 -8
c LOG 1 search starting at 2 irredundant size 3 clause[3] 6@1+=-1 7 -8
c LOG 1 unwatch 6 in irredundant size 3 clause[3] 6@1+=-1 7 -8
c LOG 1 watch -8 blit 6 in irredundant size 3 clause[3] 7 -8 6@1+=-1
c LOG 1 checking irredundant size 3 clause[47] -30 6@1+=-1 43
c LOG 1 search starting at 2 irredundant size 3 clause[47] -30 6@1+=-1 43
c LOG 1 unwatch 6 in irredundant size 3 clause[47] -30 6@1+=-1 43
c LOG 1 watch 43 blit 6 in irredundant size 3 clause[47] -30 43 6@1+=-1
c LOG 1 checking irredundant size 3 clause[84] 6@1+=-1 -4 -13
c LOG 1 search starting at 2 irredundant size 3 clause[84] 6@1+=-1 -4 -13
c LOG 1 unwatch 6 in irredundant size 3 clause[84] 6@1+=-1 -4 -13
c LOG 1 watch -13 blit 6 in irredundant size 3 clause[84] -4 -13 6@1+=-1
c LOG 1 checking irredundant size 3 clause[157] 6@1+=-1 45 -13
c LOG 1 search starting at 2 irredundant size 3 clause[157] 6@1+=-1 45 -13
c LOG 1 unwatch 6 in irredundant size 3 clause[157] 6@1+=-1 45 -13
c LOG 1 watch -13 blit 6 in irredundant size 3 clause[157] 45 -13 6@1+=-1
c LOG 1 deciding assumption 10
c LOG 2 search decide 10
c LOG 2 search assign 10 @ 2 decision
c LOG 2 starting propagate
c LOG 2 propagating 10
c LOG 2 checking irredundant size 3 clause[4] -9 -10@2+=-1 11
c LOG 2 search starting at 2 irredundant size 3 clause[4] -9 -10@2+=-1 11
c LOG 2 unwatch -10 in irredundant size 3 clause[4] -9 -10@2+=-1 11
c LOG 2 watch 11 blit -10 in irredundant size 3 clause[4] -9 11 -10@2+=-1
c LOG 2 checking irredundant size 3 clause[42] -10@2+=-1 -36 18
c LOG 2 search starting at 2 irredundant size 3 clause[42] -10@2+=-1 -36 18
c LOG 2 unwatch -10 in irredundant size 3 clause[42] -10@2+=-1 -36 18
c LOG 2 watch 18 blit -10 in irredundant size 3 clause[42] -36 18 -10@2+=-1
c LOG 2 checking irredundant size 3 clause[59] -25 -10@2+=-1 -8
c LOG 2 search starting at 2 irredundant size 3 clause[59] -25 -10@2+=-1 -8
c LOG 2 unwatch -10 in irredundant size 3 clause[59] -25 -10@2+=-1 -8
c LOG 2 watch -8 blit -10 in irredundant size 3 clause[59] -25 -8 -10@2+=-1
c LOG 2 checking irredundant size 3 clause[115] -34 -10@2+=-1 5
c LOG 2 search starting at 2 irredundant size 3 clause[115] -34 -10@2+=-1 5
c LOG 2 unwatch -10 in irredundant size 3 clause[115] -34 -10@2+=-1 5
c LOG 2 watch 5 blit -10 in irredundant size 3 clause[115] -34 5 -10@2+=-1
c LOG 2 checking irredundant size 3 clause[116] 13 -10@2+=-1 25
c LOG 2 search starting at 2 irredundant size 3 clause[116] 13 -10@2+=-1 25
c LOG 2 unwatch -10 in irredundant size 3 clause[116] 13 -10@2+=-1 25
c LOG 2 watch 25 blit -10 in irredundant size 3 clause[116] 13 25 -10@2+=-1
c LOG 2 checking irredundant size 3 clause[128] -26 -10@2+=-1 48
c LOG 2 search starting at 2 irredundant size 3 clause[128] -26 -10@2+=-1 48
c LOG 2 unwatch -10 in irredundant size 3 clause[128] -26 -10@2+=-1 48
c LOG 2 watch 48 blit -10 in irredundant size 3 clause[128] -26 48 -10@2+=-1
c LOG 2 checking irredundant size 3 clause[204] -10@2+=-1 -19 14
c LOG 2 search starting at 2 irredundant size 3 clause[204] -10@2+=-1 -19 14
c LOG 2 unwatch -10 in irredundant size 3 clause[204] -10@2+=-1 -19 14
c LOG 2 watch 14 blit -10 in irredundant size 3 clause[204] -19 14 -10@2+=-1
c LOG 2 deciding assumption -17
c LOG 3 search decide -17
c LOG 3 search assign -17 @ 3 decision
c LOG 3 starting propagate
c LOG 3 propagating -17
c LOG 3 checking irredundant size 4 clause[48] 17@3+=-1 41 37 29
c LOG 3 search starting at 2 irredundant size 4 clause[48] 17@3+=-1 41 37 29
c LOG 3 unwatch 17 in irredundant size 4 clause[48] 17@3+=-1 41 37 29
c LOG 3 watch 37 blit 17 in irredundant size 4 clause[48] 41 37 17@3+=-1 29
c LOG 3 checking irredundant size 3 clause[86] 17@3+=-1 -7 -32
c LOG 3 search starting at 2 irredundant size 3 clause[86] 17@3+=-1 -7 -32
c LOG 3 unwatch 17 in irredundant size 3 clause[86] 17@3+=-1 -7 -32
c LOG 3 watch -32 blit 17 in irredundant size 3 clause[86] -7 -32 17@3+=-1
c LOG 3 checking irredundant size 3 clause[195] -35 17@3+=-1 -44
c LOG 3 search starting at 2 irredundant size 3 clause[195] -35 17@3+=-1 -44
c LOG 3 unwatch 17 in irredundant size 3 clause[195] -35 17@3+=-1 -44
c LOG 3 watch -44 blit 17 in irredundant size 3 clause[195] -35 -44 17@3+=-1
c LOG 3 deciding assumption -26
c LOG 4 search decide -26
c LOG 4 search assign -26 @ 4 decision
c LOG 4 starting propagate
c LOG 4 propagating -26
c LOG 4 checking irredundant size 3 clause[64] 26@4+=-1 -42 -31
c LOG 4 search starting at 2 irredundant size 3 clause[64] 26@4+=-1 -42 -31
c LOG 4 unwatch 26 in irredundant size 3 clause[64] 26@4+=-1 -42 -31
c LOG 4 watch -31 blit 26 in irredundant size 3 clause[64] -42 -31 26@4+=-1
c LOG 4 checking irredundant size 3 clause[91] -6@1+=1 26@4+=-1 15
c LOG 4 checking irredundant size 3 clause[174] 26@4+=-1 15 21
c LOG 4 search starting at 2 irredundant size 3 clause[174] 26@4+=-1 15 21
c LOG 4 unwatch 26 in irredundant size 3 clause[174] 26@4+=-1 15 21
c LOG 4 watch 21 blit 26 in irredundant size 3 clause[174] 15 21 26@4+=-1
c LOG 4 checking irredundant size 3 clause[176] 26@4+=-1 -4 32
c LOG 4 search starting at 2 irredundant size 3 clause[176] 26@4+=-1 -4 32
c LOG 4 unwatch 26 in irredundant size 3 clause[176] 26@4+=-1 -4 32
c LOG 4 watch 32 blit 26 in irredundant size 3 clause[176] -4 32 26@4+=-1
c LOG 4 checking irredundant size 3 clause[186] 26@4+=-1 43 -30
c LOG 4 search starting at 2 irredundant size 3 clause[186] 26@4+=-1 43 -30
c LOG 4 unwatch 26 in irredundant size 3 clause[186] 26@4+=-1 43 -30
c LOG 4 watch -30 blit 26 in irredundant size 3 clause[186] 43 -30 26@4+=-1
c LOG 4 checking irredundant size 3 clause[203] 32 26@4+=-1 34
c LOG 4 search starting at 2 irredundant size 3 clause[203] 32 26@4+=-1 34
c LOG 4 unwatch 26 in irredundant size 3 clause[203] 32 26@4+=-1 34
c LOG 4 watch 34 blit 26 in irredundant size 3 clause[203] 32 34 26@4+=-1
c LOG 4 deciding assumption 15
c LOG 5 search decide 15
c LOG 5 search assign 15 @ 5 decision
c LOG 5 starting propagate
c LOG 5 propagating 15
c LOG 5 checking irredundant size 3 clause[6] 14 -15@5+=-1 -16
c LOG 5 search starting at 2 irredundant size 3 clause[6] 14 -15@5+=-1 -16
c LOG 5 unwatch -15 in irredundant size 3 clause[6] 14 -15@5+=-1 -16
c LOG 5 watch -16 blit -15 in irredundant size 3 clause[6] 14 -16 -15@5+=-1
c LOG 5 checking irredundant size 3 clause[51] -15@5+=-1 18 42
c LOG 5 search starting at 2 irredundant size 3 clause[51] -15@5+=-1 18 42
c LOG 5 unwatch -15 in irredundant size 3 clause[51] -15@5+=-1 18 42
c LOG 5 watch 42 blit -15 in irredundant size 3 clause[51] 18 42 -15@5+=-1
c LOG 5 deciding assumption 40
c LOG 6 search decide 40
c LOG 6 search assign 40 @ 6 decision
c LOG 6 starting propagate
c LOG 6 propagating 40
c LOG 6 checking irredundant size 3 clause[25] -40@6+=-1 -41 24
c LOG 6 search starting at 2 irredundant size 3 clause[25] -40@6+=-1 -41 24
c LOG 6 unwatch -40 in irredundant size 3 clause[25] -40@6+=-1 -41 24
c LOG 6 watch 24 blit -40 in irredundant size 3 clause[25] -41 24 -40@6+=-1
c LOG 6 checking irredundant size 3 clause[58] -40@6+=-1 -23 -31
c LOG 6 search starting at 2 irredundant size 3 clause[58] -40@6+=-1 -23 -31
c LOG 6 unwatch -40 in irredundant size 3 clause[58] -40@6+=-1 -23 -31
c LOG 6 watch -31 blit -40 in irredundant size 3 clause[58] -23 -31 -40@6+=-1
c LOG 6 checking irredundant size 3 clause[126] -40@6+=-1 -14 30
c LOG 6 search starting at 2 irredundant size 3 clause[126] -40@6+=-1 -14 30
c LOG 6 unwatch -40 in irredundant size 3 clause[126] -40@6+=-1 -14 30
c LOG 6 watch 30 blit -40 in irredundant size 3 clause[126] -14 30 -40@6+=-1
c LOG 6 checking irredundant size 3 clause[170] -9 -40@6+=-1 43
c LOG 6 search starting at 2 irredundant size 3 clause[170] -9 -40@6+=-1 43
c LOG 6 unwatch -40 in irredundant size 3 clause[170] -9 -40@6+=-1 43
c LOG 6 watch 43 blit -40 in irredundant size 3 clause[170] -9 43 -40@6+=-1
c LOG 6 deciding assumption 51
c LOG 7 search decide 51
c LOG 7 search assign 51 @ 7 decision
c LOG 7 starting propagate
c LOG 7 propagating 51
c LOG 7 checking irredundant size 3 clause[112] -12 -51@7+=-1 40@6+=1
c LOG 7 search starting at 2 irredundant size 3 clause[112] -12 -51@7+=-1 40@6+=1
c LOG 7 checking irredundant size 4 clause[194] -51@7+=-1 -29 -33 -41
c LOG 7 search starting at 2 irredundant size 4 clause[194] -51@7+=-1 -29 -33 -41
c LOG 7 unwatch -51 in irredundant size 4 clause[194] -51@7+=-1 -29 -33 -41
c LOG 7 watch -33 blit -51 in irredundant size 4 clause[194] -29 -33 -51@7+=-1 -41
c LOG 7 deciding assumption -28
c LOG 8 search decide -28
c LOG 8 search assign -28 @ 8 decision
c LOG 8 starting propagate
c LOG 8 propagating -28
c LOG 8 checking irredundant size 3 clause[40] 20 28@8+=-1 -19
c LOG 8 search starting at 2 irredundant size 3 clause[40] 20 28@8+=-1 -19
c LOG 8 unwatch 28 in irredundant size 3 clause[40] 20 28@8+=-1 -19
c LOG 8 watch -19 blit 28 in irredundant size 3 clause[40] 20 -19 28@8+=-1
c LOG 8 checking irredundant size 3 clause[77] 28@8+=-1 -8 7
c LOG 8 search starting at 2 irredundant size 3 clause[77] 28@8+=-1 -8 7
c LOG 8 unwatch 28 in irredundant size 3 clause[77] 28@8+=-1 -8 7
c LOG 8 watch 7 blit 28 in irredundant size 3 clause[77] -8 7 28@8+=-1
c LOG 8 deciding assumption 13
c LOG 9 search decide 13
c LOG 9 search assign 13 @ 9 decision
c LOG 9 starting propagate
c LOG 9 propagating 13
c LOG 9 checking irredundant size 3 clause[23] 9 -13@9+=-1 19
c LOG 9 search starting at 2 irredundant size 3 clause[23] 9 -13@9+=-1 19
c LOG 9 unwatch -13 in irredundant size 3 clause[23] 9 -13@9+=-1 19
c LOG 9 watch 19 blit -13 in irredundant size 3 clause[23] 9 19 -13@9+=-1
c LOG 9 checking irredundant size 3 clause[36] -44 -13@9+=-1 18
c LOG 9 search starting at 2 irredundant size 3 clause[36] -44 -13@9+=-1 18
c LOG 9 unwatch -13 in irredundant size 3 clause[36] -44 -13@9+=-1 18
c LOG 9 watch 18 blit -13 in irredundant size 3 clause[36] -44 18 -13@9+=-1
c LOG 9 checking irredundant size 3 clause[150] -33 -13@9+=-1 16
c LOG 9 search starting at 2 irredundant size 3 clause[150] -33 -13@9+=-1 16
c LOG 9 unwatch -13 in irredundant size 3 clause[150] -33 -13@9+=-1 16
c LOG 9 watch 16 blit -13 in irredundant size 3 clause[150] -33 16 -13@9+=-1
c LOG 9 checking irredundant size 3 clause[175] -13@9+=-1 15@5+=1 28@8+=-1
c LOG 9 checking irredundant size 3 clause[84] -4 -13@9+=-1 6@1+=-1
c LOG 9 search starting at 2 irredundant size 3 clause[84] -4 -13@9+=-1 6@1+=-1
c LOG 9 search assign -4 @ 9 irredundant size 3 clause[84] -4@9=1 -13@9+=-1 6@1+=-1
c LOG 9 checking irredundant size 3 clause[157] 45 -13@9+=-1 6@1+=-1
c LOG 9 search starting at 2 irredundant size 3 clause[157] 45 -13@9+=-1 6@1+=-1
c LOG 9 search assign 45 @ 9 irredundant size 3 clause[157] 45@9=1 -13@9+=-1 6@1+=-1
c LOG 9 propagating -4
c LOG 9 checking irredundant size 15 clause[11] 4@9=-1 -26@4+=1 27 28@8+=-1 -29 18 -30 -2 -7 -31 -8 -13@9+=-1 25 20 -23
c LOG 9 checking irredundant size 3 clause[43] 33 4@9=-1 -45@9=-1
c LOG 9 search starting at 2 irredundant size 3 clause[43] 33 4@9=-1 -45@9=-1
c LOG 9 search assign 33 @ 9 irredundant size 3 clause[43] 33@9=1 4@9=-1 -45@9=-1
c LOG 9 checking irredundant size 3 clause[55] 4@9=-1 -43 -39
c LOG 9 search starting at 2 irredundant size 3 clause[55] 4@9=-1 -43 -39
c LOG 9 unwatch 4 in irredundant size 3 clause[55] 4@9=-1 -43 -39
c LOG 9 watch -39 blit 4 in irredundant size 3 clause[55] -43 -39 4@9=-1
c LOG 9 checking irredundant size 3 clause[178] 4@9=-1 -11 -12
c LOG 9 search starting at 2 irredundant size 3 clause[178] 4@9=-1 -11 -12
c LOG 9 unwatch 4 in irredundant size 3 clause[178] 4@9=-1 -11 -12
c LOG 9 watch -12 blit 4 in irredundant size 3 clause[178] -11 -12 4@9=-1
c LOG 9 checking irredundant size 3 clause[180] 18 4@9=-1 6@1+=-1
c LOG 9 search starting at 2 irredundant size 3 clause[180] 18 4@9=-1 6@1+=-1
c LOG 9 search assign 18 @ 9 irredundant size 3 clause[180] 18@9=1 4@9=-1 6@1+=-1
c LOG 9 checking irredundant size 3 clause[184] -29 4@9=-1 -45@9=-1
c LOG 9 search starting at 2 irredundant size 3 clause[184] -29 4@9=-1 -45@9=-1
c LOG 9 search assign -29 @ 9 irredundant size 3 clause[184] -29@9=1 4@9=-1 -45@9=-1
c LOG 9 checking irredundant size 3 clause[202] -42 4@9=-1 -35
c LOG 9 search starting at 2 irredundant size 3 clause[202] -42 4@9=-1 -35
c LOG 9 unwatch 4 in irredundant size 3 clause[202] -42 4@9=-1 -35
c LOG 9 watch -35 blit 4 in irredundant size 3 clause[202] -42 -35 4@9=-1
c LOG 9 propagating 45
c LOG 9 checking irredundant size 3 clause[44] -45@9=-1 7 23
c LOG 9 search starting at 2 irredundant size 3 clause[44] -45@9=-1 7 23
c LOG 9 unwatch -45 in irredundant size 3 clause[44] -45@9=-1 7 23
c LOG 9 watch 23 blit -45 in irredundant size 3 clause[44] 7 23 -45@9=-1
c LOG 9 checking irredundant size 3 clause[149] -45@9=-1 29@9=-1 8
c LOG 9 search starting at 2 irredundant size 3 clause[149] -45@9=-1 29@9=-1 8
c LOG 9 unwatch -45 in irredundant size 3 clause[149] -45@9=-1 29@9=-1 8
c LOG 9 watch 8 blit -45 in irredundant size 3 clause[149] 29@9=-1 8 -45@9=-1
c LOG 9 propagating 33
c LOG 9 checking irredundant size 3 clause[14] -33@9=-1 27 -14
c LOG 9 search starting at 2 irredundant size 3 clause[14] -33@9=-1 27 -14
c LOG 9 unwatch -33 in irredundant size 3 clause[14] -33@9=-1 27 -14
c LOG 9 watch -14 blit -33 in irredundant size 3 clause[14] 27 -14 -33@9=-1
c LOG 9 checking irredundant size 3 clause[27] -33@9=-1 25 -9
c LOG 9 search starting at 2 irredundant size 3 clause[27] -33@9=-1 25 -9
c LOG 9 unwatch -33 in irredundant size 3 clause[27] -33@9=-1 25 -9
c LOG 9 watch -9 blit -33 in irredundant size 3 clause[27] 25 -9 -33@9=-1
c LOG 9 checking irredundant size 19 clause[32] -23 -33@9=-1 -25 24 -44 38 -2 -11 -9 34 20 43 -45@9=-1 15@5+=1 -21 -36 5 30 -17@3+=1
c LOG 9 search starting at 2 irredundant size 19 clause[32] -23 -33@9=-1 -25 24 -44 38 -2 -11 -9 34 20 43 -45@9=-1 15@5+=1 -21 -36 5 30 -17@3+=1
c LOG 9 unwatch -33 in irredundant size 19 clause[32] -23 -33@9=-1 -25 24 -44 38 -2 -11 -9 34 20 43 -45@9=-1 15@5+=1 -21 -36 5 30 -17@3+=1
c LOG 9 watch -25 blit -33 in irredundant size 19 clause[32] -23 -25 -33@9=-1 24 -44 38 -2 -11 -9 34 20 43 -45@9=-1 15@5+=1 -21 -36 5 30 -17@3+=1
c LOG 9 checking irredundant size 3 clause[45] -33@9=-1 19 35
c LOG 9 search starting at 2 irredundant size 3 clause[45] -33@9=-1 19 35
c LOG 9 unwatch -33 in irredundant size 3 clause[45] -33@9=-1 19 35
c LOG 9 watch 35 blit -33 in irredundant size 3 clause[45] 19 35 -33@9=-1
c LOG 9 checking irredundant size 3 clause[62] -33@9=-1 3 6@1+=-1
c LOG 9 search starting at 2 irredundant size 3 clause[62] -33@9=-1 3 6@1+=-1
c LOG 9 search assign 3 @ 9 irredundant size 3 clause[62] -33@9=-1 3@9=1 6@1+=-1
c LOG 9 checking irredundant size 3 clause[81] -33@9=-1 -12 -14
c LOG 9 search starting at 2 irredundant size 3 clause[81] -33@9=-1 -12 -14
c LOG 9 unwatch -33 in irredundant size 3 clause[81] -33@9=-1 -12 -14
c LOG 9 watch -14 blit -33 in irredundant size 3 clause[81] -12 -14 -33@9=-1
c LOG 9 checking irredundant size 3 clause[111] -33@9=-1 -37 -12
c LOG 9 search starting at 2 irredundant size 3 clause[111] -33@9=-1 -37 -12
c LOG 9 unwatch -33 in irredundant size 3 clause[111] -33@9=-1 -37 -12
c LOG 9 watch -12 blit -33 in irredundant size 3 clause[111] -37 -12 -33@9=-1
c LOG 9 checking irredundant size 3 clause[123] -33@9=-1 11 47
c LOG 9 search starting at 2 irredundant size 3 clause[123] -33@9=-1 11 47
c LOG 9 unwatch -33 in irredundant size 3 clause[123] -33@9=-1 11 47
c LOG 9 watch 47 blit -33 in irredundant size 3 clause[123] 11 47 -33@9=-1
c LOG 9 checking irredundant size 3 clause[150] -33@9=-1 16 -13@9+=-1
c LOG 9 search starting at 2 irredundant size 3 clause[150] -33@9=-1 16 -13@9+=-1
c LOG 9 search assign 16 @ 9 irredundant size 3 clause[150] -33@9=-1 16@9=1 -13@9+=-1
c LOG 9 checking irredundant size 3 clause[159] -33@9=-1 -8 14
c LOG 9 search starting at 2 irredundant size 3 clause[159] -33@9=-1 -8 14
c LOG 9 unwatch -33 in irredundant size 3 clause[159] -33@9=-1 -8 14
c LOG 9 watch 14 blit -33 in irredundant size 3 clause[159] -8 14 -33@9=-1
c LOG 9 checking irredundant size 4 clause[194] -29@9=1 -33@9=-1 -51@7+=-1 -41
c LOG 9 propagating 18
c LOG 9 checking irredundant size 3 clause[7] -17@3+=1 -18@9=-1 -19
c LOG 9 checking irredundant size 3 clause[46] 3@9=1 -18@9=-1 2
c LOG 9 checking irredundant size 3 clause[87] -18@9=-1 13@9+=1 25
c LOG 9 checking irredundant size 3 clause[109] 14 -18@9=-1 -50
c LOG 9 search starting at 2 irredundant size 3 clause[109] 14 -18@9=-1 -50
c LOG 9 unwatch -18 in irredundant size 3 clause[109] 14 -18@9=-1 -50
c LOG 9 watch -50 blit -18 in irredundant size 3 clause[109] 14 -50 -18@9=-1
c LOG 9 propagating -29
c LOG 9 checking irredundant size 3 clause[50] 12 29@9=-1 -47
c LOG 9 search starting at 2 irredundant size 3 clause[50] 12 29@9=-1 -47
c LOG 9 unwatch 29 in irredundant size 3 clause[50] 12 29@9=-1 -47
c LOG 9 watch -47 blit 29 in irredundant size 3 clause[50] 12 -47 29@9=-1
c LOG 9 checking irredundant size 3 clause[98] -39 29@9=-1 1
c LOG 9 search starting at 2 irredundant size 3 clause[98] -39 29@9=-1 1
c LOG 9 unwatch 29 in irredundant size 3 clause[98] -39 29@9=-1 1
c LOG 9 watch 1 blit 29 in irredundant size 3 clause[98] -39 1 29@9=-1
c LOG 9 checking irredundant size 3 clause[102] -2 29@9=-1 -9
c LOG 9 search starting at 2 irredundant size 3 clause[102] -2 29@9=-1 -9
c LOG 9 unwatch 29 in irredundant size 3 clause[102] -2 29@9=-1 -9
c LOG 9 watch -9 blit 29 in irredundant size 3 clause[102] -2 -9 29@9=-1
c LOG 9 checking irredundant size 3 clause[149] 29@9=-1 8 -45@9=-1
c LOG 9 search starting at 2 irredundant size 3 clause[149] 29@9=-1 8 -45@9=-1
c LOG 9 search assign 8 @ 9 irredundant size 3 clause[149] 29@9=-1 8@9=1 -45@9=-1
c LOG 9 propagating 3
c LOG 9 checking irredundant size 3 clause[120] 48 -3@9=-1 10@2+=1
c LOG 9 search starting at 2 irredundant size 3 clause[120] 48 -3@9=-1 10@2+=1
c LOG 9 propagating 16
c LOG 9 checking irredundant size 3 clause[13] 32 -16@9=-1 -2
c LOG 9 search starting at 2 irredundant size 3 clause[13] 32 -16@9=-1 -2
c LOG 9 unwatch -16 in irredundant size 3 clause[13] 32 -16@9=-1 -2
c LOG 9 watch -2 blit -16 in irredundant size 3 clause[13] 32 -2 -16@9=-1
c LOG 9 checking irredundant size 3 clause[66] 8@9=1 -16@9=-1 51@7+=1
c LOG 9 checking irredundant size 3 clause[99] -27 -16@9=-1 -34
c LOG 9 search starting at 2 irredundant size 3 clause[99] -27 -16@9=-1 -34
c LOG 9 unwatch -16 in irredundant size 3 clause[99] -27 -16@9=-1 -34
c LOG 9 watch -34 blit -16 in irredundant size 3 clause[99] -27 -34 -16@9=-1
c LOG 9 checking irredundant size 3 clause[140] 34 -16@9=-1 -29@9=1
c LOG 9 search starting at 2 irredundant size 3 clause[140] 34 -16@9=-1 -29@9=1
c LOG 9 checking irredundant size 3 clause[156] 8@9=1 -16@9=-1 4@9=-1
c LOG 9 checking irredundant size 3 clause[162] -9 -16@9=-1 -43
c LOG 9 search starting at 2 irredundant size 3 clause[162] -9 -16@9=-1 -43
c LOG 9 unwatch -16 in irredundant size 3 clause[162] -9 -16@9=-1 -43
c LOG 9 watch -43 blit -16 in irredundant size 3 clause[162] -9 -43 -16@9=-1
c LOG 9 checking irredundant size 3 clause[6] 14 -16@9=-1 -15@5+=-1
c LOG 9 search starting at 2 irredundant size 3 clause[6] 14 -16@9=-1 -15@5+=-1
c LOG 9 search assign 14 @ 9 irredundant size 3 clause[6] 14@9=1 -16@9=-1 -15@5+=-1
c LOG 9 propagating 8
c LOG 9 checking irredundant size 3 clause[33] -8@9=-1 -4@9=1 21
c LOG 9 checking irredundant size 3 clause[77] -8@9=-1 7 28@8+=-1
c LOG 9 search starting at 2 irredundant size 3 clause[77] -8@9=-1 7 28@8+=-1
c LOG 9 search assign 7 @ 9 irredundant size 3 clause[77] -8@9=-1 7@9=1 28@8+=-1
c LOG 9 checking irredundant size 3 clause[80] -8@9=-1 50 45@9=1
c LOG 9 search starting at 2 irredundant size 3 clause[80] -8@9=-1 50 45@9=1
c LOG 9 checking irredundant size 3 clause[122] -8@9=-1 -9 44
c LOG 9 search starting at 2 irredundant size 3 clause[122] -8@9=-1 -9 44
c LOG 9 unwatch -8 in irredundant size 3 clause[122] -8@9=-1 -9 44
c LOG 9 watch 44 blit -8 in irredundant size 3 clause[122] -9 44 -8@9=-1
c LOG 9 checking irredundant size 6 clause[136] -41 -8@9=-1 25 -17@3+=1 -22 -26@4+=1
c LOG 9 search starting at 2 irredundant size 6 clause[136] -41 -8@9=-1 25 -17@3+=1 -22 -26@4+=1
c LOG 9 unwatch -8 in irredundant size 6 clause[136] -41 -8@9=-1 25 -17@3+=1 -22 -26@4+=1
c LOG 9 watch 25 blit -8 in irredundant size 6 clause[136] -41 25 -8@9=-1 -17@3+=1 -22 -26@4+=1
c LOG 9 checking irredundant size 3 clause[158] 24 -8@9=-1 22
c LOG 9 search starting at 2 irredundant size 3 clause[158] 24 -8@9=-1 22
c LOG 9 unwatch -8 in irredundant size 3 clause[158] 24 -8@9=-1 22
c LOG 9 watch 22 blit -8 in irredundant size 3 clause[158] 24 22 -8@9=-1
c LOG 9 checking irredundant size 3 clause[159] -8@9=-1 14@9=1 -33@9=-1
c LOG 9 checking irredundant size 3 clause[160] 25 -8@9=-1 -11
c LOG 9 search starting at 2 irredundant size 3 clause[160] 25 -8@9=-1 -11
c LOG 9 unwatch -8 in irredundant size 3 clause[160] 25 -8@9=-1 -11
c LOG 9 watch -11 blit -8 in irredundant size 3 clause[160] 25 -11 -8@9=-1
c LOG 9 checking irredundant size 3 clause[3] 7@9=1 -8@9=-1 6@1+=-1
c LOG 9 checking irredundant size 3 clause[59] -25 -8@9=-1 -10@2+=-1
c LOG 9 search starting at 2 irredundant size 3 clause[59] -25 -8@9=-1 -10@2+=-1
c LOG 9 search assign -25 @ 9 irredundant size 3 clause[59] -25@9=1 -8@9=-1 -10@2+=-1
c LOG 9 propagating 14
c LOG 9 checking irredundant size 3 clause[17] 36 -14@9=-1 -33@9=-1
c LOG 9 search starting at 2 irredundant size 3 clause[17] 36 -14@9=-1 -33@9=-1
c LOG 9 search assign 36 @ 9 irredundant size 3 clause[17] 36@9=1 -14@9=-1 -33@9=-1
c LOG 9 checking irredundant size 3 clause[72] 3@9=1 -14@9=-1 43
c LOG 9 checking irredundant size 3 clause[126] -14@9=-1 30 -40@6+=-1
c LOG 9 search starting at 2 irredundant size 3 clause[126] -14@9=-1 30 -40@6+=-1
c LOG 9 search assign 30 @ 9 irredundant size 3 clause[126] -14@9=-1 30@9=1 -40@6+=-1
c LOG 9 checking irredundant size 3 clause[129] 31 -14@9=-1 18@9=1
c LOG 9 search starting at 2 irredundant size 3 clause[129] 31 -14@9=-1 18@9=1
c LOG 9 checking irredundant size 3 clause[181] 48 -14@9=-1 -10@2+=-1
c LOG 9 search starting at 2 irredundant size 3 clause[181] 48 -14@9=-1 -10@2+=-1
c LOG 9 search assign 48 @ 9 irredundant size 3 clause[181] 48@9=1 -14@9=-1 -10@2+=-1
c LOG 9 checking irredundant size 3 clause[14] 27 -14@9=-1 -33@9=-1
c LOG 9 search starting at 2 irredundant size 3 clause[14] 27 -14@9=-1 -33@9=-1
c LOG 9 search assign 27 @ 9 irredundant size 3 clause[14] 27@9=1 -14@9=-1 -33@9=-1
c LOG 9 checking irredundant size 3 clause[81] -12 -14@9=-1 -33@9=-1
c LOG 9 search starting at 2 irredundant size 3 clause[81] -12 -14@9=-1 -33@9=-1
c LOG 9 search assign -12 @ 9 irredundant size 3 clause[81] -12@9=1 -14@9=-1 -33@9=-1
c LOG 9 propagating 7
c LOG 9 checking irredundant size 3 clause[15] -32 -7@9=-1 -34
c LOG 9 search starting at 2 irredundant size 3 clause[15] -32 -7@9=-1 -34
c LOG 9 unwatch -7 in irredundant size 3 clause[15] -32 -7@9=-1 -34
c LOG 9 watch -34 blit -7 in irredundant size 3 clause[15] -32 -34 -7@9=-1
c LOG 9 checking irredundant size 3 clause[86] -7@9=-1 -32 17@3+=-1
c LOG 9 search starting at 2 irredundant size 3 clause[86] -7@9=-1 -32 17@3+=-1
c LOG 9 search assign -32 @ 9 irredundant size 3 clause[86] -7@9=-1 -32@9=1 17@3+=-1
c LOG 9 checking irredundant size 3 clause[193] -7@9=-1 -28@8+=1 14@9=1
c LOG 9 propagating -25
c LOG 9 checking irredundant size 3 clause[27] 25@9=-1 -9 -33@9=-1
c LOG 9 search starting at 2 irredundant size 3 clause[27] 25@9=-1 -9 -33@9=-1
c LOG 9 search assign -9 @ 9 irredundant size 3 clause[27] 25@9=-1 -9@9=1 -33@9=-1
c LOG 9 checking irredundant size 20 clause[69] -29@9=1 25@9=-1 17@3+=-1 -40@6+=-1 -23 -24 -13@9+=-1 -26@4+=1 39 37 34 30@9=1 -32@9=1 48@9=1 8@9=1 -42 -10@2+=-1 -19 -16@9=-1 -22
c LOG 9 checking irredundant size 3 clause[160] 25@9=-1 -11 -8@9=-1
c LOG 9 search starting at 2 irredundant size 3 clause[160] 25@9=-1 -11 -8@9=-1
c LOG 9 search assign -11 @ 9 irredundant size 3 clause[160] 25@9=-1 -11@9=1 -8@9=-1
c LOG 9 checking irredundant size 3 clause[197] 25@9=-1 -42 -22
c LOG 9 search starting at 2 irredundant size 3 clause[197] 25@9=-1 -42 -22
c LOG 9 unwatch 25 in irredundant size 3 clause[197] 25@9=-1 -42 -22
c LOG 9 watch -22 blit 25 in irredundant size 3 clause[197] -42 -22 25@9=-1
c LOG 9 checking irredundant size 3 clause[116] 13@9+=1 25@9=-1 -10@2+=-1
c LOG 9 checking irredundant size 6 clause[136] -41 25@9=-1 -8@9=-1 -17@3+=1 -22 -26@4+=1
c LOG 9 search starting at 2 irredundant size 6 clause[136] -41 25@9=-1 -8@9=-1 -17@3+=1 -22 -26@4+=1
c LOG 9 propagating 36
c LOG 9 checking irredundant size 3 clause[34] -12@9=1 -36@9=-1 26@4+=-1
c LOG 9 checking irredundant size 3 clause[42] -36@9=-1 18@9=1 -10@2+=-1
c LOG 9 checking irredundant size 3 clause[56] 22 -36@9=-1 25@9=-1
c LOG 9 search starting at 2 irredundant size 3 clause[56] 22 -36@9=-1 25@9=-1
c LOG 9 search assign 22 @ 9 irredundant size 3 clause[56] 22@9=1 -36@9=-1 25@9=-1
c LOG 9 checking irredundant size 3 clause[67] -36@9=-1 38 -26@4+=1
c LOG 9 search starting at 2 irredundant size 3 clause[67] -36@9=-1 38 -26@4+=1
c LOG 9 checking irredundant size 3 clause[114] -36@9=-1 -26@4+=1 43
c LOG 9 propagating 30
c LOG 9 checking irredundant size 3 clause[22] -30@9=-1 19 36@9=1
c LOG 9 search starting at 2 irredundant size 3 clause[22] -30@9=-1 19 36@9=1
c LOG 9 checking irredundant size 3 clause[47] -30@9=-1 43 6@1+=-1
c LOG 9 search starting at 2 irredundant size 3 clause[47] -30@9=-1 43 6@1+=-1
c LOG 9 search assign 43 @ 9 irredundant size 3 clause[47] -30@9=-1 43@9=1 6@1+=-1
c LOG 9 checking irredundant size 2 clause[138] -30@9=-1 -11@9=1
c LOG 9 checking irredundant size 3 clause[146] 22@9=1 -30@9=-1 38
c LOG 9 checking irredundant size 3 clause[148] -30@9=-1 -31 -24
c LOG 9 search starting at 2 irredundant size 3 clause[148] -30@9=-1 -31 -24
c LOG 9 unwatch -30 in irredundant size 3 clause[148] -30@9=-1 -31 -24
c LOG 9 watch -24 blit -30 in irredundant size 3 clause[148] -31 -24 -30@9=-1
c LOG 9 checking irredundant size 3 clause[154] -30@9=-1 -25@9=1 -48@9=-1
c LOG 9 checking irredundant size 3 clause[161] -30@9=-1 43@9=1 -40@6+=-1
c LOG 9 checking irredundant size 3 clause[186] 43@9=1 -30@9=-1 26@4+=-1
c LOG 9 propagating 48
c LOG 9 checking irredundant size 3 clause[54] -26@4+=1 -48@9=-1 -35
c LOG 9 checking irredundant size 3 clause[103] -48@9=-1 45@9=1 -22@9=-1
c LOG 9 checking irredundant size 16 clause[110] -39 -48@9=-1 -13@9+=-1 -11@9=1 -26@4+=1 -19 -38 -8@9=-1 21 44 -20 -28@8+=1 7@9=1 -18@9=-1 -45@9=-1 -25@9=1
c LOG 9 search starting at 2 irredundant size 16 clause[110] -39 -48@9=-1 -13@9+=-1 -11@9=1 -26@4+=1 -19 -38 -8@9=-1 21 44 -20 -28@8+=1 7@9=1 -18@9=-1 -45@9=-1 -25@9=1
c LOG 9 checking irredundant size 3 clause[119] -48@9=-1 -35 18@9=1
c LOG 9 search starting at 2 irredundant size 3 clause[119] -48@9=-1 -35 18@9=1
c LOG 9 checking irredundant size 3 clause[121] 45@9=1 -48@9=-1 33@9=1
c LOG 9 propagating 27
c LOG 9 checking irredundant size 3 clause[20] 19 -27@9=-1 -11@9=1
c LOG 9 search starting at 2 irredundant size 3 clause[20] 19 -27@9=-1 -11@9=1
c LOG 9 checking irredundant size 4 clause[37] -27@9=-1 -9@9=1 -19 -1
c LOG 9 checking irredundant size 3 clause[99] -27@9=-1 -34 -16@9=-1
c LOG 9 search starting at 2 irredundant size 3 clause[99] -27@9=-1 -34 -16@9=-1
c LOG 9 search assign -34 @ 9 irredundant size 3 clause[99] -27@9=-1 -34@9=1 -16@9=-1
c LOG 9 propagating -12
c LOG 9 checking irredundant size 3 clause[5] 2 12@9=-1 13@9+=1
c LOG 9 search starting at 2 irredundant size 3 clause[5] 2 12@9=-1 13@9+=1
c LOG 9 checking irredundant size 3 clause[8] -20 12@9=-1 -15@5+=-1
c LOG 9 search starting at 2 irredundant size 3 clause[8] -20 12@9=-1 -15@5+=-1
c LOG 9 search assign -20 @ 9 irredundant size 3 clause[8] -20@9=1 12@9=-1 -15@5+=-1
c LOG 9 checking irredundant size 3 clause[39] 12@9=-1 38 28@8+=-1
c LOG 9 search starting at 2 irredundant size 3 clause[39] 12@9=-1 38 28@8+=-1
c LOG 9 search assign 38 @ 9 irredundant size 3 clause[39] 12@9=-1 38@9=1 28@8+=-1
c LOG 9 checking irredundant size 3 clause[50] 12@9=-1 -47 29@9=-1
c LOG 9 search starting at 2 irredundant size 3 clause[50] 12@9=-1 -47 29@9=-1
c LOG 9 search assign -47 @ 9 irredundant size 3 clause[50] 12@9=-1 -47@9=1 29@9=-1
c LOG 9 checking irredundant size 3 clause[79] -11@9=1 12@9=-1 40@6+=1
c LOG 9 propagating -32
c LOG 9 checking irredundant size 3 clause[13] 32@9=-1 -2 -16@9=-1
c LOG 9 search starting at 2 irredundant size 3 clause[13] 32@9=-1 -2 -16@9=-1
c LOG 9 search assign -2 @ 9 irredundant size 3 clause[13] 32@9=-1 -2@9=1 -16@9=-1
c LOG 9 checking irredundant size 3 clause[29] 9@9=-1 32@9=-1 8@9=1
c LOG 9 search starting at 2 irredundant size 3 clause[29] 9@9=-1 32@9=-1 8@9=1
c LOG 9 checking irredundant size 3 clause[133] 32@9=-1 11@9=-1 1
c LOG 9 search starting at 2 irredundant size 3 clause[133] 32@9=-1 11@9=-1 1
c LOG 9 unwatch 32 in irredundant size 3 clause[133] 32@9=-1 11@9=-1 1
c LOG 9 watch 1 blit 32 in irredundant size 3 clause[133] 11@9=-1 1 32@9=-1
c LOG 9 checking irredundant size 3 clause[203] 32@9=-1 34@9=-1 26@4+=-1
c LOG 9 search starting at 2 irredundant size 3 clause[203] 32@9=-1 34@9=-1 26@4+=-1
c LOG 9 ignoring lucky conflict irredundant size 3 clause[203] 32@9=-1 34@9=-1 26@4+=-1
c LOG 9 setting assumption lead to conflict irredundant size 3 clause[203] 32@9=-1 34@9=-1 26@4+=-1
c LOG 9 update 1 of biased averages.current.trail.fast EMA 0 with 35 (delta 35) yields 0.35 (scaled delta 0.35)
c LOG 9 update 1 of corrected averages.current.trail.fast EMA 0 with 35 (delta 35) yields 35 (exponent 0.99, divisor 0.01)
c LOG 9 update 1 of biased averages.current.trail.slow EMA 0 with 35 (delta 35) yields 35 (scaled delta 35)
c LOG 9 update 1 of corrected averages.current.trail.slow EMA 0 with 35 (delta 35) yields 35 (exponent 0, divisor 1)
c LOG 9 update 1 of biased averages.current.decisions EMA 0 with 0 (delta 0) yields 0 (scaled delta 0)
c LOG 9 update 1 of corrected averages.current.decisions EMA 0 with 0 (delta 0) yields 0 (exponent 0.5, divisor 0.5)
c LOG 9 2 literals on actual conflict level 9
c LOG 9 analyzing conflict irredundant size 3 clause[203] 32@9=-1 34@9=-1 26@4+=-1
c LOG 9 bumping irredundant size 3 clause[203] 32@9=-1 34@9=-1 26@4+=-1
c LOG 9 found new level 9 contributing to conflict
c LOG 9 analyzed literal 32 assigned at level 9
c LOG 9 analyzed literal 34 assigned at level 9
c LOG 9 found new level 4 contributing to conflict
c LOG 9 analyzed literal 26 assigned at level 4
c LOG 9 analyzing -34 reason irredundant size 3 clause[99] -27@9=-1 -34@9=1 -16@9=-1
c LOG 9 bumping irredundant size 3 clause[99] -27@9=-1 -34@9=1 -16@9=-1
c LOG 9 analyzed literal -27 assigned at level 9
c LOG 9 analyzed literal -16 assigned at level 9
c LOG 9 analyzing -32 reason irredundant size 3 clause[86] -7@9=-1 -32@9=1 17@3+=-1
c LOG 9 bumping irredundant size 3 clause[86] -7@9=-1 -32@9=1 17@3+=-1
c LOG 9 analyzed literal -7 assigned at level 9
c LOG 9 found new level 3 contributing to conflict
c LOG 9 analyzed literal 17 assigned at level 3
c LOG 9 analyzing 27 reason irredundant size 3 clause[14] 27@9=1 -14@9=-1 -33@9=-1
c LOG 9 bumping irredundant size 3 clause[14] 27@9=1 -14@9=-1 -33@9=-1
c LOG 9 analyzed literal -14 assigned at level 9
c LOG 9 analyzed literal -33 assigned at level 9
c LOG 9 analyzing 7 reason irredundant size 3 clause[77] -8@9=-1 7@9=1 28@8+=-1
c LOG 9 bumping irredundant size 3 clause[77] -8@9=-1 7@9=1 28@8+=-1
c LOG 9 analyzed literal -8 assigned at level 9
c LOG 9 found new level 8 contributing to conflict
c LOG 9 analyzed literal 28 assigned at level 8
c LOG 9 analyzing 14 reason irredundant size 3 clause[6] 14@9=1 -16@9=-1 -15@5+=-1
c LOG 9 bumping irredundant size 3 clause[6] 14@9=1 -16@9=-1 -15@5+=-1
c LOG 9 found new level 5 contributing to conflict
c LOG 9 analyzed literal -15 assigned at level 5
c LOG 9 analyzing 8 reason irredundant size 3 clause[149] 29@9=-1 8@9=1 -45@9=-1
c LOG 9 bumping irredundant size 3 clause[149] 29@9=-1 8@9=1 -45@9=-1
c LOG 9 analyzed literal 29 assigned at level 9
c LOG 9 analyzed literal -45 assigned at level 9
c LOG 9 analyzing 16 reason irredundant size 3 clause[150] -33@9=-1 16@9=1 -13@9+=-1
c LOG 9 bumping irredundant size 3 clause[150] -33@9=-1 16@9=1 -13@9+=-1
c LOG 9 analyzed literal -13 assigned at level 9
c LOG 9 analyzing -29 reason irredundant size 3 clause[184] -29@9=1 4@9=-1 -45@9=-1
c LOG 9 bumping irredundant size 3 clause[184] -29@9=1 4@9=-1 -45@9=-1
c LOG 9 analyzed literal 4 assigned at level 9
c LOG 9 analyzing 33 reason irredundant size 3 clause[43] 33@9=1 4@9=-1 -45@9=-1
c LOG 9 bumping irredundant size 3 clause[43] 33@9=1 4@9=-1 -45@9=-1
c LOG 9 analyzing 45 reason irredundant size 3 clause[157] 45@9=1 -13@9+=-1 6@1+=-1
c LOG 9 bumping irredundant size 3 clause[157] 45@9=1 -13@9+=-1 6@1+=-1
c LOG 9 found new level 1 contributing to conflict
c LOG 9 analyzed literal 6 assigned at level 1
c LOG 9 analyzing -4 reason irredundant size 3 clause[84] -4@9=1 -13@9+=-1 6@1+=-1
c LOG 9 bumping irredundant size 3 clause[84] -4@9=1 -13@9+=-1 6@1+=-1
c LOG 9 first UIP 13
c LOG 9 1st UIP size 6 and glue 5 clause 26 17 28 -15 6 -13
c LOG 9 update 1 of biased averages.current.glue.fast EMA 0 with 5 (delta 5) yields 0.151515 (scaled delta 0.151515)
c LOG 9 update 1 of corrected averages.current.glue.fast EMA 0 with 5 (delta 5) yields 5 (exponent 0.969697, divisor 0.030303)
c LOG 9 update 1 of biased averages.current.glue.slow EMA 0 with 5 (delta 5) yields 5e-05 (scaled delta 5e-05)
c LOG 9 update 1 of corrected averages.current.glue.slow EMA 0 with 5 (delta 5) yields 5 (exponent 0.99999, divisor 1e-05)
c LOG 9 shrink first UIP clause 26 17 28 -15 6 -13
c LOG 9 shrink first UIP clause (asserting lit: -13) -13 28 -15 26 17 6
c LOG 9 shrinking block
c LOG 9 Block at level 1 (first lit: 6)
c LOG 9 testing if lit 17 is on the same level (of lit: 3, global: 1)
c LOG 9 shrunken 0 literals on level 1 (including 0 minimized)
c LOG 9 shrinking block
c LOG 9 Block at level 3 (first lit: 17)
c LOG 9 testing if lit 26 is on the same level (of lit: 4, global: 3)
c LOG 9 shrunken 0 literals on level 3 (including 0 minimized)
c LOG 9 shrinking block
c LOG 9 Block at level 4 (first lit: 26)
c LOG 9 testing if lit -15 is on the same level (of lit: 5, global: 4)
c LOG 9 shrunken 0 literals on level 4 (including 0 minimized)
c LOG 9 shrinking block
c LOG 9 Block at level 5 (first lit: -15)
c LOG 9 testing if lit 28 is on the same level (of lit: 8, global: 5)
c LOG 9 shrunken 0 literals on level 5 (including 0 minimized)
c LOG 9 shrinking block
c LOG 9 Block at level 8 (first lit: 28)
c LOG 9 testing if lit -13 is on the same level (of lit: 9, global: 8)
c LOG 9 shrunken 0 literals on level 8 (including 0 minimized)
c LOG 9 post shrink pass (with uips, not removed) first UIP clause -13 28 -15 26 17 6
c LOG 9 (used for lratdirect) before shrink: clause
c LOG 9 keeping literal 28
c LOG 9 keeping literal -15
c LOG 9 keeping literal 26
c LOG 9 keeping literal 17
c LOG 9 keeping literal 6
c LOG 9 after shrinking first UIP clause -13 28 -15 26 17 6
c LOG 9 clause shrunken by 0 literals (including 0 minimized)
c LOG 9 clearing 5 minimized literals
c LOG 9 bumping reasons up to depth 1
c LOG 9 delay internal 0
c LOG 9 moved to front variable 45 and bumped to 1
c LOG 9 moved to front variable 34 and bumped to 2
c LOG 9 moved to front variable 33 and bumped to 3
c LOG 9 moved to front variable 32 and bumped to 4
c LOG 9 moved to front variable 29 and bumped to 5
c LOG 9 moved to front variable 28 and bumped to 6
c LOG 9 moved to front variable 27 and bumped to 7
c LOG 9 moved to front variable 26 and bumped to 8
c LOG 9 moved to front variable 17 and bumped to 9
c LOG 9 moved to front variable 16 and bumped to 10
c LOG 9 moved to front variable 15 and bumped to 11
c LOG 9 moved to front variable 14 and bumped to 12
c LOG 9 moved to front variable 13 and bumped to 13
c LOG 9 moved to front variable 8 and bumped to 14
c LOG 9 moved to front variable 7 and bumped to 15
c LOG 9 moved to front variable 6 and bumped to 16
c LOG 9 moved to front variable 4 and bumped to 17
c LOG 9 update 1 of biased averages.current.size EMA 0 with 6 (delta 6) yields 6e-05 (scaled delta 6e-05)
c LOG 9 update 1 of corrected averages.current.size EMA 0 with 6 (delta 6) yields 6 (exponent 0.99999, divisor 1e-05)
c LOG 9 PROOF adding derived clause -13 28 -15 26 17 6
c LOG 9 PROOF adding derived external clause (redundant: 1) -13 28 -15 26 17 6
c LOG 9 CHECKER addition of derived clause -13 28 -15 26 17 6
c LOG 9 new pointer 0x600001721260 glue 5 redundant size 6 clause[205] -13@9+=-1 28@8+=-1 -15@5+=-1 26@4+=-1 17@3+=-1 6@1+=-1
c LOG 9 marking added glue 5 redundant size 6 clause[205] -13@9+=-1 28@8+=-1 -15@5+=-1 26@4+=-1 17@3+=-1 6@1+=-1
c LOG 9 watch -13 blit 28 in glue 5 redundant size 6 clause[205] -13@9+=-1 28@8+=-1 -15@5+=-1 26@4+=-1 17@3+=-1 6@1+=-1
c LOG 9 watch 28 blit -13 in glue 5 redundant size 6 clause[205] -13@9+=-1 28@8+=-1 -15@5+=-1 26@4+=-1 17@3+=-1 6@1+=-1
c LOG 9 jump level 8
c LOG 9 update 1 of biased averages.current.jump EMA 0 with 8 (delta 8) yields 8e-05 (scaled delta 8e-05)
c LOG 9 update 1 of corrected averages.current.jump EMA 0 with 8 (delta 8) yields 8 (exponent 0.99999, divisor 1e-05)
c LOG 9 jump level identical to chronological backtrack level 8
c LOG 9 update 1 of biased averages.current.level EMA 0 with 8 (delta 8) yields 8e-05 (scaled delta 8e-05)
c LOG 9 update 1 of corrected averages.current.level EMA 0 with 8 (delta 8) yields 8 (exponent 0.99999, divisor 1e-05)
c LOG 9 backtracking to decision level 8 with decision -28 and trail 8
c LOG 9 unassign 13 @ 9
c LOG 9 queue unassigned now 13 bumped 13
c LOG 9 unassign -4 @ 9
c LOG 9 queue unassigned now 4 bumped 17
c LOG 9 unassign 45 @ 9
c LOG 9 unassign 33 @ 9
c LOG 9 unassign 18 @ 9
c LOG 9 unassign -29 @ 9
c LOG 9 unassign 3 @ 9
c LOG 9 unassign 16 @ 9
c LOG 9 unassign 8 @ 9
c LOG 9 unassign 14 @ 9
c LOG 9 unassign 7 @ 9
c LOG 9 unassign -25 @ 9
c LOG 9 unassign 36 @ 9
c LOG 9 unassign 30 @ 9
c LOG 9 unassign 48 @ 9
c LOG 9 unassign 27 @ 9
c LOG 9 unassign -12 @ 9
c LOG 9 unassign -32 @ 9
c LOG 9 unassign -9 @ 9
c LOG 9 unassign -11 @ 9
c LOG 9 unassign 22 @ 9
c LOG 9 unassign 43 @ 9
c LOG 9 unassign -34 @ 9
c LOG 9 unassign -20 @ 9
c LOG 9 unassign 38 @ 9
c LOG 9 unassign -47 @ 9
c LOG 9 unassign -2 @ 9
c LOG 9 unassigned 27 literals 100%
c LOG 9 reassigned 0 literals 0%
c LOG 8 search assign -13 @ 8 glue 5 redundant size 6 clause[205] -13@8=1 28@8+=-1 -15@5+=-1 26@4+=-1 17@3+=-1 6@1+=-1
c LOG 8 clearing 17 analyzed literals
c LOG 8 clearing 0 unit analyzed literals
c LOG 8 clearing 6 analyzed levels
c LOG 8 trying eager subsumption with glue 5 redundant size 6 clause[205] -13@8=1 28@8+=-1 -15@5+=-1 26@4+=-1 17@3+=-1 6@1+=-1
c LOG 8 backtracking to decision level 0 with decision 0 and trail 0
c LOG 8 unassign -6 @ 1
c LOG 8 unassign 10 @ 2
c LOG 8 unassign -17 @ 3
c LOG 8 unassign -26 @ 4
c LOG 8 unassign 15 @ 5
c LOG 8 unassign 40 @ 6
c LOG 8 unassign 51 @ 7
c LOG 8 unassign -28 @ 8
c LOG 8 unassign -13 @ 8
c LOG 8 unassigned 9 literals 100%
c LOG 8 reassigned 0 literals 0%
c LOG 0 starting propagate
c LOG 0 deciding assumption -6
c LOG 1 search decide -6
c LOG 1 search assign -6 @ 1 decision
c LOG 1 starting propagate
c LOG 1 propagating -6
c LOG 1 deciding assumption 10
c LOG 2 search decide 10
c LOG 2 search assign 10 @ 2 decision
c LOG 2 starting propagate
c LOG 2 propagating 10
c LOG 2 deciding assumption -17
c LOG 3 search decide -17
c LOG 3 search assign -17 @ 3 decision
c LOG 3 starting propagate
c LOG 3 propagating -17
c LOG 3 deciding assumption -26
c LOG 4 search decide -26
c LOG 4 search assign -26 @ 4 decision
c LOG 4 starting propagate
c LOG 4 propagating -26
c LOG 4 checking irredundant size 3 clause[91] -6@1+=1 26@4+=-1 15
c LOG 4 deciding assumption 15
c LOG 5 search decide 15
c LOG 5 search assign 15 @ 5 decision
c LOG 5 starting propagate
c LOG 5 propagating 15
c LOG 5 deciding assumption 40
c LOG 6 search decide 40
c LOG 6 search assign 40 @ 6 decision
c LOG 6 starting propagate
c LOG 6 propagating 40
c LOG 6 deciding assumption 51
c LOG 7 search decide 51
c LOG 7 search assign 51 @ 7 decision
c LOG 7 starting propagate
c LOG 7 propagating 51
c LOG 7 checking irredundant size 3 clause[112] -12 -51@7+=-1 40@6+=1
c LOG 7 deciding assumption -28
c LOG 8 search decide -28
c LOG 8 search assign -28 @ 8 decision
c LOG 8 starting propagate
c LOG 8 propagating -28
c LOG 8 checking glue 5 redundant size 6 clause[205] -13 28@8+=-1 -15@5+=-1 26@4+=-1 17@3+=-1 6@1+=-1
c LOG 8 search starting at 2 glue 5 redundant size 6 clause[205] -13 28@8+=-1 -15@5+=-1 26@4+=-1 17@3+=-1 6@1+=-1
c LOG 8 search assign -13 @ 8 glue 5 redundant size 6 clause[205] -13@8=1 28@8+=-1 -15@5+=-1 26@4+=-1 17@3+=-1 6@1+=-1
c LOG 8 propagating -13
c LOG 8 checking irredundant size 3 clause[87] -18 13@8=-1 25
c LOG 8 search starting at 2 irredundant size 3 clause[87] -18 13@8=-1 25
c LOG 8 unwatch 13 in irredundant size 3 clause[87] -18 13@8=-1 25
c LOG 8 watch 25 blit 13 in irredundant size 3 clause[87] -18 25 13@8=-1
c LOG 8 checking irredundant size 3 clause[116] 13@8=-1 25 -10@2+=-1
c LOG 8 search starting at 2 irredundant size 3 clause[116] 13@8=-1 25 -10@2+=-1
c LOG 8 search assign 25 @ 8 irredundant size 3 clause[116] 13@8=-1 25@8=1 -10@2+=-1
c LOG 8 propagating 25
c LOG 8 checking irredundant size 3 clause[10] -24 -25@8=-1 -12
c LOG 8 search starting at 2 irredundant size 3 clause[10] -24 -25@8=-1 -12
c LOG 8 unwatch -25 in irredundant size 3 clause[10] -24 -25@8=-1 -12
c LOG 8 watch -12 blit -25 in irredundant size 3 clause[10] -24 -12 -25@8=-1
c LOG 8 checking irredundant size 3 clause[59] -25@8=-1 -8 -10@2+=-1
c LOG 8 search starting at 2 irredundant size 3 clause[59] -25@8=-1 -8 -10@2+=-1
c LOG 8 search assign -8 @ 8 irredundant size 3 clause[59] -25@8=-1 -8@8=1 -10@2+=-1
c LOG 8 checking irredundant size 3 clause[61] -25@8=-1 22 31
c LOG 8 search starting at 2 irredundant size 3 clause[61] -25@8=-1 22 31
c LOG 8 unwatch -25 in irredundant size 3 clause[61] -25@8=-1 22 31
c LOG 8 watch 31 blit -25 in irredundant size 3 clause[61] 22 31 -25@8=-1
c LOG 8 checking irredundant size 3 clause[154] -30 -25@8=-1 -48
c LOG 8 search starting at 2 irredundant size 3 clause[154] -30 -25@8=-1 -48
c LOG 8 unwatch -25 in irredundant size 3 clause[154] -30 -25@8=-1 -48
c LOG 8 watch -48 blit -25 in irredundant size 3 clause[154] -30 -48 -25@8=-1
c LOG 8 checking irredundant size 4 clause[189] -25@8=-1 1 30 -14
c LOG 8 search starting at 2 irredundant size 4 clause[189] -25@8=-1 1 30 -14
c LOG 8 unwatch -25 in irredundant size 4 clause[189] -25@8=-1 1 30 -14
c LOG 8 watch 30 blit -25 in irredundant size 4 clause[189] 1 30 -25@8=-1 -14
c LOG 8 checking irredundant size 19 clause[32] -23 -25@8=-1 -33 24 -44 38 -2 -11 -9 34 20 43 -45 15@5+=1 -21 -36 5 30 -17@3+=1
c LOG 8 search starting at 2 irredundant size 19 clause[32] -23 -25@8=-1 -33 24 -44 38 -2 -11 -9 34 20 43 -45 15@5+=1 -21 -36 5 30 -17@3+=1
c LOG 8 unwatch -25 in irredundant size 19 clause[32] -23 -25@8=-1 -33 24 -44 38 -2 -11 -9 34 20 43 -45 15@5+=1 -21 -36 5 30 -17@3+=1
c LOG 8 watch -33 blit -25 in irredundant size 19 clause[32] -23 -33 -25@8=-1 24 -44 38 -2 -11 -9 34 20 43 -45 15@5+=1 -21 -36 5 30 -17@3+=1
c LOG 8 propagating -8
c LOG 8 checking irredundant size 3 clause[19] 8@8=-1 -37 -38
c LOG 8 search starting at 2 irredundant size 3 clause[19] 8@8=-1 -37 -38
c LOG 8 unwatch 8 in irredundant size 3 clause[19] 8@8=-1 -37 -38
c LOG 8 watch -38 blit 8 in irredundant size 3 clause[19] -37 -38 8@8=-1
c LOG 8 checking irredundant size 3 clause[49] 8@8=-1 38 37
c LOG 8 search starting at 2 irredundant size 3 clause[49] 8@8=-1 38 37
c LOG 8 unwatch 8 in irredundant size 3 clause[49] 8@8=-1 38 37
c LOG 8 watch 37 blit 8 in irredundant size 3 clause[49] 38 37 8@8=-1
c LOG 8 checking irredundant size 3 clause[66] 8@8=-1 -16 51@7+=1
c LOG 8 search starting at 2 irredundant size 3 clause[66] 8@8=-1 -16 51@7+=1
c LOG 8 checking irredundant size 3 clause[142] 8@8=-1 3 35
c LOG 8 search starting at 2 irredundant size 3 clause[142] 8@8=-1 3 35
c LOG 8 unwatch 8 in irredundant size 3 clause[142] 8@8=-1 3 35
c LOG 8 watch 35 blit 8 in irredundant size 3 clause[142] 3 35 8@8=-1
c LOG 8 checking irredundant size 3 clause[156] 8@8=-1 -16 4
c LOG 8 search starting at 2 irredundant size 3 clause[156] 8@8=-1 -16 4
c LOG 8 unwatch 8 in irredundant size 3 clause[156] 8@8=-1 -16 4
c LOG 8 watch 4 blit 8 in irredundant size 3 clause[156] -16 4 8@8=-1
c LOG 8 checking irredundant size 8 clause[165] 8@8=-1 3 31 27 -23 14 -47 -17@3+=1
c LOG 8 search starting at 2 irredundant size 8 clause[165] 8@8=-1 3 31 27 -23 14 -47 -17@3+=1
c LOG 8 unwatch 8 in irredundant size 8 clause[165] 8@8=-1 3 31 27 -23 14 -47 -17@3+=1
c LOG 8 watch 31 blit 8 in irredundant size 8 clause[165] 3 31 8@8=-1 27 -23 14 -47 -17@3+=1
c LOG 8 checking irredundant size 3 clause[149] 29 8@8=-1 -45
c LOG 8 search starting at 2 irredundant size 3 clause[149] 29 8@8=-1 -45
c LOG 8 unwatch 8 in irredundant size 3 clause[149] 29 8@8=-1 -45
c LOG 8 watch -45 blit 8 in irredundant size 3 clause[149] 29 -45 8@8=-1
c LOG 8 assumption 13 falsified
c l  0.44  0  8 0   0  0    0    1 1.2 6 5 2 6 69%  204  51 50%
c [lucky-1]  produced 0 units after 0 rounds
c LOG 8 STOP PROFILE[search]
c LOG 8 finalizing
c LOG 8 PROOF reporting status 20
c LOG 8 analyzing failing assumptions
c LOG 8 starting with assumption 13 falsified on minimum decision level 8
c LOG 8 failed assumption 13
c LOG 8 analyze reason glue 5 redundant size 6 clause[205] -13@8=1 28@8+=-1 -15@5+=-1 26@4+=-1 17@3+=-1 6@1+=-1
c LOG 8 failed assumption -28
c LOG 8 failed assumption 15
c LOG 8 failed assumption -26
c LOG 8 failed assumption -17
c LOG 8 failed assumption -6
c LOG 8 clearing 6 analyzed literals
c LOG 8 clearing 0 analyzed literals
c found 6 failed assumptions 13%
c LOG 8 PROOF adding assumption clause -13 28 -15 26 17 6
c LOG 8 CHECKER addition of derived clause -13 28 -15 26 17 6
c LOG 8 CHECKER checking deletion of clause -13 28 -15 26 17 6
c LOG 8 PROOF conclude unsat
c 0  0.44  0  8 0   0  0    0    1 1.2 6 5 2 6 69%  204  51 50%
c LOG 8 STOP PROFILE[solve]
c LOG 8 checking unsatisfiable
c LOG 8 reset limits
c LOG 8 keeping unbounded terminate limit
c LOG 8 keeping unbounded conflict limit
c LOG 8 reset decision limit to be unbounded
c LOG 8 reset preprocessing limit to no preprocessing
c LOG 8 reset local search limit to no local search
c LOG 8 keeping unbounded ticks limit
c LOG 8 API enters state UNSATISFIED
c LOG 8 API call 'solve ()' returns '20'
c ----------------------------------------------------------------------------
c LOG 8 API call 'failed (-4)' started
c LOG 8 API call 'failed (-4)' returns 'false'
c ----------------------------------------------------------------------------
c LOG 8 API call 'failed (-6)' started
c LOG 8 API call 'failed (-6)' returns 'true'
c ----------------------------------------------------------------------------
c LOG 8 API call 'failed (29)' started
c LOG 8 API call 'failed (29)' returns 'false'
c ----------------------------------------------------------------------------
c LOG 8 API call 'failed (43)' started
c LOG 8 API call 'failed (43)' returns 'false'
c ----------------------------------------------------------------------------
c LOG 8 API call 'failed (-16)' started
c LOG 8 API call 'failed (-16)' returns 'false'
c ----------------------------------------------------------------------------
c LOG 8 API call 'failed (35)' started
c LOG 8 API call 'failed (35)' returns 'false'
c ----------------------------------------------------------------------------
c LOG 8 API call 'failed (28)' started
c LOG 8 API call 'failed (28)' returns 'false'
c ----------------------------------------------------------------------------
c LOG 8 API call 'failed (-30)' started
c LOG 8 API call 'failed (-30)' returns 'false'
c ----------------------------------------------------------------------------
c LOG 8 API call 'failed (-3)' started
c LOG 8 API call 'failed (-3)' returns 'false'
c ----------------------------------------------------------------------------
c LOG 8 API call 'failed (-27)' started
c LOG 8 API call 'failed (-27)' returns 'false'
c ----------------------------------------------------------------------------
c LOG 8 API call 'failed (18)' started
c LOG 8 API call 'failed (18)' returns 'false'
c ----------------------------------------------------------------------------
c LOG 8 API call 'failed (10)' started
c LOG 8 API call 'failed (10)' returns 'false'
c ----------------------------------------------------------------------------
c LOG 8 API call 'failed (-14)' started
c LOG 8 API call 'failed (-14)' returns 'false'
c ----------------------------------------------------------------------------
c LOG 8 API call 'failed (-32)' started
c LOG 8 API call 'failed (-32)' returns 'false'
c ----------------------------------------------------------------------------
c LOG 8 API call 'frozen (-33)' started
c LOG 8 API call 'frozen (-33)' returns 'false'
c ----------------------------------------------------------------------------
c LOG 8 API call 'frozen (-4)' started
c LOG 8 API call 'frozen (-4)' returns 'false'
c ----------------------------------------------------------------------------
c LOG 8 API call 'frozen (6)' started
c LOG 8 API call 'frozen (6)' returns 'false'
c ----------------------------------------------------------------------------
c LOG 8 API call 'frozen (29)' started
c LOG 8 API call 'frozen (29)' returns 'false'
c ----------------------------------------------------------------------------
c LOG 8 API call 'frozen (48)' started
c LOG 8 API call 'frozen (48)' returns 'false'
c ----------------------------------------------------------------------------
c LOG 8 API call 'frozen (43)' started
c LOG 8 API call 'frozen (43)' returns 'false'
c ----------------------------------------------------------------------------
c LOG 8 API call 'frozen (17)' started
c LOG 8 API call 'frozen (17)' returns 'false'
c ----------------------------------------------------------------------------
c LOG 8 API call 'frozen (7)' started
c LOG 8 API call 'frozen (7)' returns 'false'
c ----------------------------------------------------------------------------
c LOG 8 API call 'frozen (-19)' started
c LOG 8 API call 'frozen (-19)' returns 'false'
c ----------------------------------------------------------------------------
c LOG 8 API call 'frozen (-16)' started
c LOG 8 API call 'frozen (-16)' returns 'false'
c ----------------------------------------------------------------------------
c LOG 8 API call 'frozen (39)' started
c LOG 8 API call 'frozen (39)' returns 'false'
c ----------------------------------------------------------------------------
c LOG 8 API call 'frozen (44)' started
c LOG 8 API call 'frozen (44)' returns 'false'
c ----------------------------------------------------------------------------
c LOG 8 API call 'frozen (-8)' started
c LOG 8 API call 'frozen (-8)' returns 'false'
c ----------------------------------------------------------------------------
c LOG 8 API call 'frozen (-5)' started
c LOG 8 API call 'frozen (-5)' returns 'false'
c ----------------------------------------------------------------------------
c LOG 8 API call 'frozen (-37)' started
c LOG 8 API call 'frozen (-37)' returns 'false'
c ----------------------------------------------------------------------------
c LOG 8 API call 'frozen (-28)' started
c LOG 8 API call 'frozen (-28)' returns 'false'
c ----------------------------------------------------------------------------
c LOG 8 API call 'frozen (-2)' started
c LOG 8 API call 'frozen (-2)' returns 'false'
c ----------------------------------------------------------------------------
c LOG 8 API call 'frozen (23)' started
c LOG 8 API call 'frozen (23)' returns 'false'
c ----------------------------------------------------------------------------
c LOG 8 API call 'frozen (22)' started
c LOG 8 API call 'frozen (22)' returns 'false'
c ----------------------------------------------------------------------------
c LOG 8 API call 'frozen (30)' started
c LOG 8 API call 'frozen (30)' returns 'false'
c ----------------------------------------------------------------------------
c LOG 8 API call 'frozen (-31)' started
c LOG 8 API call 'frozen (-31)' returns 'false'
c ----------------------------------------------------------------------------
c LOG 8 API call 'frozen (-24)' started
c LOG 8 API call 'frozen (-24)' returns 'false'
c ----------------------------------------------------------------------------
c LOG 8 API call 'frozen (3)' started
c LOG 8 API call 'frozen (3)' returns 'false'
c ----------------------------------------------------------------------------
c LOG 8 API call 'frozen (-27)' started
c LOG 8 API call 'frozen (-27)' returns 'false'
c ----------------------------------------------------------------------------
c LOG 8 API call 'frozen (18)' started
c LOG 8 API call 'frozen (18)' returns 'false'
c ----------------------------------------------------------------------------
c LOG 8 API call 'frozen (10)' started
c LOG 8 API call 'frozen (10)' returns 'false'
c ----------------------------------------------------------------------------
c LOG 8 API call 'frozen (-45)' started
c LOG 8 API call 'frozen (-45)' returns 'false'
c ----------------------------------------------------------------------------
c LOG 8 API call 'frozen (1)' started
c LOG 8 API call 'frozen (1)' returns 'false'
c ----------------------------------------------------------------------------
c LOG 8 API call 'frozen (26)' started
c LOG 8 API call 'frozen (26)' returns 'false'
c ----------------------------------------------------------------------------
c LOG 8 API call 'frozen (51)' started
c LOG 8 API call 'frozen (51)' returns 'false'
c ----------------------------------------------------------------------------
c LOG 8 API call 'frozen (25)' started
c LOG 8 API call 'frozen (25)' returns 'false'
c ----------------------------------------------------------------------------
c LOG 8 API call 'frozen (47)' started
c LOG 8 API call 'frozen (47)' returns 'false'
c ----------------------------------------------------------------------------
c LOG 8 API call 'frozen (32)' started
c LOG 8 API call 'frozen (32)' returns 'false'
c ----------------------------------------------------------------------------
c LOG 8 API call 'frozen (-9)' started
c LOG 8 API call 'frozen (-9)' returns 'false'
c ----------------------------------------------------------------------------
c LOG 8 API call 'add (-31)' started
c LOG 8 API leaves state UNSATISFIED
c LOG 8 variable 6 completely molten
c LOG 8 variable 10 completely molten
c LOG 8 variable 17 completely molten
c LOG 8 variable 26 completely molten
c LOG 8 variable 15 completely molten
c LOG 8 variable 40 completely molten
c LOG 8 variable 51 completely molten
c LOG 8 variable 28 completely molten
c LOG 8 variable 13 completely molten
c LOG 8 variable 22 completely molten
c LOG 8 variable 9 completely molten
c LOG 8 variable 45 completely molten
c LOG 8 variable 39 completely molten
c LOG 8 variable 1 completely molten
c LOG 8 variable 44 completely molten
c LOG 8 variable 47 completely molten
c LOG 8 variable 5 completely molten
c LOG 8 variable 33 completely molten
c LOG 8 variable 42 completely molten
c LOG 8 variable 19 completely molten
c LOG 8 variable 49 completely molten
c LOG 8 variable 23 completely molten
c LOG 8 variable 3 completely molten
c LOG 8 variable 25 completely molten
c LOG 8 variable 20 completely molten
c LOG 8 variable 12 completely molten
c LOG 8 variable 30 completely molten
c LOG 8 variable 37 completely molten
c LOG 8 variable 35 completely molten
c LOG 8 variable 43 completely molten
c LOG 8 variable 36 completely molten
c LOG 8 variable 32 completely molten
c LOG 8 variable 46 completely molten
c LOG 8 variable 2 completely molten
c LOG 8 variable 29 completely molten
c LOG 8 variable 18 completely molten
c LOG 8 variable 27 completely molten
c LOG 8 variable 38 completely molten
c LOG 8 variable 8 completely molten
c LOG 8 variable 34 completely molten
c LOG 8 variable 24 completely molten
c LOG 8 variable 41 completely molten
c LOG 8 variable 48 completely molten
c LOG 8 variable 50 completely molten
c LOG 8 variable 31 completely molten
c LOG 8 variable 11 completely molten
c LOG 8 variable 16 completely molten
c LOG 8 cleared 47 assumptions
c LOG 8 PROOF reset assumptions
c LOG 8 reset concluded
c LOG 8 cleared 0 constraint literals
c LOG 8 API enters state STEADY
c LOG 8 adding external -31 as internal -31
c LOG 8 API enters state ADDING
c LOG 8 API call 'add (-31)' succeeded
c ----------------------------------------------------------------------------
c LOG 8 API call 'add (-13)' started
c LOG 8 API enters state STEADY
c LOG 8 adding external -13 as internal -13
c LOG 8 API enters state ADDING
c LOG 8 API call 'add (-13)' succeeded
c ----------------------------------------------------------------------------
c LOG 8 API call 'add (44)' started
c LOG 8 API enters state STEADY
c LOG 8 adding external 44 as internal 44
c LOG 8 API enters state ADDING
c LOG 8 API call 'add (44)' succeeded
c ----------------------------------------------------------------------------
c LOG 8 API call 'add (0)' started
c LOG 8 API enters state STEADY
c LOG 8 PROOF adding original external clause -31 -13 44
c LOG 8 CHECKER addition of original clause -31 -13 44
c LOG 8 backtracking to decision level 0 with decision 0 and trail 0
c LOG 8 unassign -6 @ 1
c LOG 8 unassign 10 @ 2
c LOG 8 unassign -17 @ 3
c LOG 8 unassign -26 @ 4
c LOG 8 unassign 15 @ 5
c LOG 8 unassign 40 @ 6
c LOG 8 unassign 51 @ 7
c LOG 8 unassign -28 @ 8
c LOG 8 unassign -13 @ 8
c LOG 8 unassign 25 @ 8
c LOG 8 unassign -8 @ 8
c LOG 8 unassigned 11 literals 100%
c LOG 8 reassigned 0 literals 0%
c LOG 0 original clause -31 -13 44
c LOG 0 new pointer 0x600001725620 irredundant size 3 clause[208] -31 -13 44
c LOG 0 marking added irredundant size 3 clause[208] -31 -13 44
c LOG 0 watch -31 blit -13 in irredundant size 3 clause[207] -31 -13 44
c LOG 0 watch -13 blit -31 in irredundant size 3 clause[207] -31 -13 44
c LOG 0 API call 'add (0)' succeeded
c ----------------------------------------------------------------------------
c LOG 0 API call 'add (32)' started
c LOG 0 adding external 32 as internal 32
c LOG 0 API enters state ADDING
c LOG 0 API call 'add (32)' succeeded
c ----------------------------------------------------------------------------
c LOG 0 API call 'add (26)' started
c LOG 0 API enters state STEADY
c LOG 0 adding external 26 as internal 26
c LOG 0 API enters state ADDING
c LOG 0 API call 'add (26)' succeeded
c ----------------------------------------------------------------------------
c LOG 0 API call 'add (27)' started
c LOG 0 API enters state STEADY
c LOG 0 adding external 27 as internal 27
c LOG 0 API enters state ADDING
c LOG 0 API call 'add (27)' succeeded
c ----------------------------------------------------------------------------
c LOG 0 API call 'add (0)' started
c LOG 0 API enters state STEADY
c LOG 0 PROOF adding original external clause 32 26 27
c LOG 0 CHECKER addition of original clause 32 26 27
c LOG 0 original clause 32 26 27
c LOG 0 new pointer 0x600001725680 irredundant size 3 clause[209] 32 26 27
c LOG 0 marking added irredundant size 3 clause[209] 32 26 27
c LOG 0 watch 32 blit 26 in irredundant size 3 clause[208] 32 26 27
c LOG 0 watch 26 blit 32 in irredundant size 3 clause[208] 32 26 27
c LOG 0 API call 'add (0)' succeeded
c ----------------------------------------------------------------------------
c LOG 0 API call 'add (-3)' started
c LOG 0 adding external -3 as internal -3
c LOG 0 API enters state ADDING
c LOG 0 API call 'add (-3)' succeeded
c ----------------------------------------------------------------------------
c LOG 0 API call 'add (49)' started
c LOG 0 API enters state STEADY
c LOG 0 adding external 49 as internal 49
c LOG 0 API enters state ADDING
c LOG 0 API call 'add (49)' succeeded
c ----------------------------------------------------------------------------
c LOG 0 API call 'add (-50)' started
c LOG 0 API enters state STEADY
c LOG 0 adding external -50 as internal -50
c LOG 0 API enters state ADDING
c LOG 0 API call 'add (-50)' succeeded
c ----------------------------------------------------------------------------
c LOG 0 API call 'add (-28)' started
c LOG 0 API enters state STEADY
c LOG 0 adding external -28 as internal -28
c LOG 0 API enters state ADDING
c LOG 0 API call 'add (-28)' succeeded
c ----------------------------------------------------------------------------
c LOG 0 API call 'add (34)' started
c LOG 0 API enters state STEADY
c LOG 0 adding external 34 as internal 34
c LOG 0 API enters state ADDING
c LOG 0 API call 'add (34)' succeeded
c ----------------------------------------------------------------------------
c LOG 0 API call 'add (41)' started
c LOG 0 API enters state STEADY
c LOG 0 adding external 41 as internal 41
c LOG 0 API enters state ADDING
c LOG 0 API call 'add (41)' succeeded
c ----------------------------------------------------------------------------
c LOG 0 API call 'add (-26)' started
c LOG 0 API enters state STEADY
c LOG 0 adding external -26 as internal -26
c LOG 0 API enters state ADDING
c LOG 0 API call 'add (-26)' succeeded
c ----------------------------------------------------------------------------
c LOG 0 API call 'add (59)' started
c LOG 0 API enters state STEADY
c LOG 0 new mapping external 59 to internal 52
c LOG 0 declaring 52
c LOG 0 declaring new 52 (max_var: 52, unused: 0, active: 51)
c LOG 0 adding external 59 as internal 52
c LOG 0 API enters state ADDING
c LOG 0 API call 'add (59)' succeeded
c ----------------------------------------------------------------------------
c LOG 0 API call 'add (-13)' started
c LOG 0 API enters state STEADY
c LOG 0 adding external -13 as internal -13
c LOG 0 API enters state ADDING
c LOG 0 API call 'add (-13)' succeeded
c ----------------------------------------------------------------------------
c LOG 0 API call 'add (-46)' started
c LOG 0 API enters state STEADY
c LOG 0 adding external -46 as internal -46
c LOG 0 API enters state ADDING
c LOG 0 API call 'add (-46)' succeeded
c ----------------------------------------------------------------------------
c LOG 0 API call 'add (35)' started
c LOG 0 API enters state STEADY
c LOG 0 adding external 35 as internal 35
c LOG 0 API enters state ADDING
c LOG 0 API call 'add (35)' succeeded
c ----------------------------------------------------------------------------
c LOG 0 API call 'add (-52)' started
c LOG 0 API enters state STEADY
c LOG 0 new mapping external 52 to internal 53
c LOG 0 declaring 53
c LOG 0 declaring new 53 (max_var: 53, unused: 0, active: 51)
c LOG 0 adding external -52 as internal -53
c LOG 0 API enters state ADDING
c LOG 0 API call 'add (-52)' succeeded
c ----------------------------------------------------------------------------
c LOG 0 API call 'add (-14)' started
c LOG 0 API enters state STEADY
c LOG 0 adding external -14 as internal -14
c LOG 0 API enters state ADDING
c LOG 0 API call 'add (-14)' succeeded
c ----------------------------------------------------------------------------
c LOG 0 API call 'add (5)' started
c LOG 0 API enters state STEADY
c LOG 0 adding external 5 as internal 5
c LOG 0 API enters state ADDING
c LOG 0 API call 'add (5)' succeeded
c ----------------------------------------------------------------------------
c LOG 0 API call 'add (0)' started
c LOG 0 API enters state STEADY
c LOG 0 PROOF adding original external clause -3 49 -50 -28 34 41 -26 59 -13 -46 35 -52 -14 5
c LOG 0 CHECKER addition of original clause -3 49 -50 -28 34 41 -26 59 -13 -46 35 -52 -14 5
c LOG 0 original clause -3 49 -50 -28 34 41 -26 52 -13 -46 35 -53 -14 5
c LOG 0 new pointer 0x600003a0c0a0 irredundant size 14 clause[210] -3 49 -50 -28 34 41 -26 52 -13 -46 35 -53 -14 5
c LOG 0 marking added irredundant size 14 clause[210] -3 49 -50 -28 34 41 -26 52 -13 -46 35 -53 -14 5
c LOG 0 marking 49 as factor literal candidate
c LOG 0 marking 52 as factor literal candidate
c LOG 0 marking -46 as factor literal candidate
c LOG 0 marking -53 as factor literal candidate
c LOG 0 watch -3 blit 49 in irredundant size 14 clause[209] -3 49 -50 -28 34 41 -26 52 -13 -46 35 -53 -14 5
c LOG 0 watch 49 blit -3 in irredundant size 14 clause[209] -3 49 -50 -28 34 41 -26 52 -13 -46 35 -53 -14 5
c LOG 0 API call 'add (0)' succeeded
c ----------------------------------------------------------------------------
c LOG 0 API call 'add (-46)' started
c LOG 0 adding external -46 as internal -46
c LOG 0 API enters state ADDING
c LOG 0 API call 'add (-46)' succeeded
c ----------------------------------------------------------------------------
c LOG 0 API call 'add (-44)' started
c LOG 0 API enters state STEADY
c LOG 0 adding external -44 as internal -44
c LOG 0 API enters state ADDING
c LOG 0 API call 'add (-44)' succeeded
c ----------------------------------------------------------------------------
c LOG 0 API call 'add (52)' started
c LOG 0 API enters state STEADY
c LOG 0 adding external 52 as internal 53
c LOG 0 API enters state ADDING
c LOG 0 API call 'add (52)' succeeded
c ----------------------------------------------------------------------------
c LOG 0 API call 'add (0)' started
c LOG 0 API enters state STEADY
c LOG 0 PROOF adding original external clause -46 -44 52
c LOG 0 CHECKER addition of original clause -46 -44 52
c LOG 0 original clause -46 -44 53
c LOG 0 new pointer 0x600001719770 irredundant size 3 clause[211] -46 -44 53
c LOG 0 marking added irredundant size 3 clause[211] -46 -44 53
c LOG 0 marking 53 as factor literal candidate
c LOG 0 watch -46 blit -44 in irredundant size 3 clause[210] -46 -44 53
c LOG 0 watch -44 blit -46 in irredundant size 3 clause[210] -46 -44 53
c LOG 0 API call 'add (0)' succeeded
c ----------------------------------------------------------------------------
c LOG 0 API call 'add (-46)' started
c LOG 0 adding external -46 as internal -46
c LOG 0 API enters state ADDING
c LOG 0 API call 'add (-46)' succeeded
c ----------------------------------------------------------------------------
c LOG 0 API call 'add (21)' started
c LOG 0 API enters state STEADY
c LOG 0 adding external 21 as internal 21
c LOG 0 API enters state ADDING
c LOG 0 API call 'add (21)' succeeded
c ----------------------------------------------------------------------------
c LOG 0 API call 'add (-23)' started
c LOG 0 API enters state STEADY
c LOG 0 adding external -23 as internal -23
c LOG 0 API enters state ADDING
c LOG 0 API call 'add (-23)' succeeded
c ----------------------------------------------------------------------------
c LOG 0 API call 'add (0)' started
c LOG 0 API enters state STEADY
c LOG 0 PROOF adding original external clause -46 21 -23
c LOG 0 CHECKER addition of original clause -46 21 -23
c LOG 0 original clause -46 21 -23
c LOG 0 new pointer 0x6000017256e0 irredundant size 3 clause[212] -46 21 -23
c LOG 0 marking added irredundant size 3 clause[212] -46 21 -23
c LOG 0 watch -46 blit 21 in irredundant size 3 clause[211] -46 21 -23
c LOG 0 watch 21 blit -46 in irredundant size 3 clause[211] -46 21 -23
c LOG 0 API call 'add (0)' succeeded
c ----------------------------------------------------------------------------
c LOG 0 API call 'add (42)' started
c LOG 0 adding external 42 as internal 42
c LOG 0 API enters state ADDING
c LOG 0 API call 'add (42)' succeeded
c ----------------------------------------------------------------------------
c LOG 0 API call 'add (37)' started
c LOG 0 API enters state STEADY
c LOG 0 adding external 37 as internal 37
c LOG 0 API enters state ADDING
c LOG 0 API call 'add (37)' succeeded
c ----------------------------------------------------------------------------
c LOG 0 API call 'add (5)' started
c LOG 0 API enters state STEADY
c LOG 0 adding external 5 as internal 5
c LOG 0 API enters state ADDING
c LOG 0 API call 'add (5)' succeeded
c ----------------------------------------------------------------------------
c LOG 0 API call 'add (0)' started
c LOG 0 API enters state STEADY
c LOG 0 PROOF adding original external clause 42 37 5
c LOG 0 CHECKER addition of original clause 42 37 5
c LOG 0 original clause 42 37 5
c LOG 0 new pointer 0x600001725740 irredundant size 3 clause[213] 42 37 5
c LOG 0 marking added irredundant size 3 clause[213] 42 37 5
c LOG 0 watch 42 blit 37 in irredundant size 3 clause[212] 42 37 5
c LOG 0 watch 37 blit 42 in irredundant size 3 clause[212] 42 37 5
c LOG 0 API call 'add (0)' succeeded
c ----------------------------------------------------------------------------
c LOG 0 API call 'add (-44)' started
c LOG 0 adding external -44 as internal -44
c LOG 0 API enters state ADDING
c LOG 0 API call 'add (-44)' succeeded
c ----------------------------------------------------------------------------
c LOG 0 API call 'add (-36)' started
c LOG 0 API enters state STEADY
c LOG 0 adding external -36 as internal -36
c LOG 0 API enters state ADDING
c LOG 0 API call 'add (-36)' succeeded
c ----------------------------------------------------------------------------
c LOG 0 API call 'add (3)' started
c LOG 0 API enters state STEADY
c LOG 0 adding external 3 as internal 3
c LOG 0 API enters state ADDING
c LOG 0 API call 'add (3)' succeeded
c ----------------------------------------------------------------------------
c LOG 0 API call 'add (0)' started
c LOG 0 API enters state STEADY
c LOG 0 PROOF adding original external clause -44 -36 3
c LOG 0 CHECKER addition of original clause -44 -36 3
c LOG 0 original clause -44 -36 3
c LOG 0 new pointer 0x60000172cb70 irredundant size 3 clause[214] -44 -36 3
c LOG 0 marking added irredundant size 3 clause[214] -44 -36 3
c LOG 0 watch -44 blit -36 in irredundant size 3 clause[213] -44 -36 3
c LOG 0 watch -36 blit -44 in irredundant size 3 clause[213] -44 -36 3
c LOG 0 API call 'add (0)' succeeded
c ----------------------------------------------------------------------------
c LOG 0 API call 'add (55)' started
c LOG 0 new mapping external 55 to internal 54
c LOG 0 declaring 54
c LOG 0 declaring new 54 (max_var: 54, unused: 0, active: 51)
c LOG 0 adding external 55 as internal 54
c LOG 0 API enters state ADDING
c LOG 0 API call 'add (55)' succeeded
c ----------------------------------------------------------------------------
c LOG 0 API call 'add (34)' started
c LOG 0 API enters state STEADY
c LOG 0 adding external 34 as internal 34
c LOG 0 API enters state ADDING
c LOG 0 API call 'add (34)' succeeded
c ----------------------------------------------------------------------------
c LOG 0 API call 'add (35)' started
c LOG 0 API enters state STEADY
c LOG 0 adding external 35 as internal 35
c LOG 0 API enters state ADDING
c LOG 0 API call 'add (35)' succeeded
c ----------------------------------------------------------------------------
c LOG 0 API call 'add (0)' started
c LOG 0 API enters state STEADY
c LOG 0 PROOF adding original external clause 55 34 35
c LOG 0 CHECKER addition of original clause 55 34 35
c LOG 0 original clause 54 34 35
c LOG 0 new pointer 0x6000017197d0 irredundant size 3 clause[215] 54 34 35
c LOG 0 marking added irredundant size 3 clause[215] 54 34 35
c LOG 0 marking 54 as factor literal candidate
c LOG 0 watch 54 blit 34 in irredundant size 3 clause[214] 54 34 35
c LOG 0 watch 34 blit 54 in irredundant size 3 clause[214] 54 34 35
c LOG 0 API call 'add (0)' succeeded
c ----------------------------------------------------------------------------
c LOG 0 API call 'vars ()' started
c LOG 0 API call 'vars ()' returns '77'
c ----------------------------------------------------------------------------
c LOG 0 API call 'declare_var ()' started
c LOG 0 78 external variables from 77
c LOG 0 initialized 1 external variables
c LOG 0 new mapping external 78 to internal 55
c LOG 0 declaring 55
c LOG 0 declaring new 55 (max_var: 55, unused: 0, active: 51)
c LOG 0 API call 'declare_var ()' succeeded
c ----------------------------------------------------------------------------
c LOG 0 API call 'add (47)' started
c LOG 0 adding external 47 as internal 47
c LOG 0 API enters state ADDING
c LOG 0 API call 'add (47)' succeeded
c ----------------------------------------------------------------------------
c LOG 0 API call 'add (-14)' started
c LOG 0 API enters state STEADY
c LOG 0 adding external -14 as internal -14
c LOG 0 API enters state ADDING
c LOG 0 API call 'add (-14)' succeeded
c ----------------------------------------------------------------------------
c LOG 0 API call 'add (-21)' started
c LOG 0 API enters state STEADY
c LOG 0 adding external -21 as internal -21
c LOG 0 API enters state ADDING
c LOG 0 API call 'add (-21)' succeeded
c ----------------------------------------------------------------------------
c LOG 0 API call 'add (0)' started
c LOG 0 API enters state STEADY
c LOG 0 PROOF adding original external clause 47 -14 -21
c LOG 0 CHECKER addition of original clause 47 -14 -21
c LOG 0 original clause 47 -14 -21
c LOG 0 new pointer 0x6000017257a0 irredundant size 3 clause[216] 47 -14 -21
c LOG 0 marking added irredundant size 3 clause[216] 47 -14 -21
c LOG 0 watch 47 blit -14 in irredundant size 3 clause[215] 47 -14 -21
c LOG 0 watch -14 blit 47 in irredundant size 3 clause[215] 47 -14 -21
c LOG 0 API call 'add (0)' succeeded
c ----------------------------------------------------------------------------
c LOG 0 API call 'add (-30)' started
c LOG 0 adding external -30 as internal -30
c LOG 0 API enters state ADDING
c LOG 0 API call 'add (-30)' succeeded
c ----------------------------------------------------------------------------
c LOG 0 API call 'add (-10)' started
c LOG 0 API enters state STEADY
c LOG 0 adding external -10 as internal -10
c LOG 0 API enters state ADDING
c LOG 0 API call 'add (-10)' succeeded
c ----------------------------------------------------------------------------
c LOG 0 API call 'add (-18)' started
c LOG 0 API enters state STEADY
c LOG 0 adding external -18 as internal -18
c LOG 0 API enters state ADDING
c LOG 0 API call 'add (-18)' succeeded
c ----------------------------------------------------------------------------
c LOG 0 API call 'add (0)' started
c LOG 0 API enters state STEADY
c LOG 0 PROOF adding original external clause -30 -10 -18
c LOG 0 CHECKER addition of original clause -30 -10 -18
c LOG 0 original clause -30 -10 -18
c LOG 0 new pointer 0x600001719830 irredundant size 3 clause[217] -30 -10 -18
c LOG 0 marking added irredundant size 3 clause[217] -30 -10 -18
c LOG 0 watch -30 blit -10 in irredundant size 3 clause[216] -30 -10 -18
c LOG 0 watch -10 blit -30 in irredundant size 3 clause[216] -30 -10 -18
c LOG 0 API call 'add (0)' succeeded
c ----------------------------------------------------------------------------
c LOG 0 API call 'add (-26)' started
c LOG 0 adding external -26 as internal -26
c LOG 0 API enters state ADDING
c LOG 0 API call 'add (-26)' succeeded
c ----------------------------------------------------------------------------
c LOG 0 API call 'add (27)' started
c LOG 0 API enters state STEADY
c LOG 0 adding external 27 as internal 27
c LOG 0 API enters state ADDING
c LOG 0 API call 'add (27)' succeeded
c ----------------------------------------------------------------------------
c LOG 0 API call 'add (-15)' started
c LOG 0 API enters state STEADY
c LOG 0 adding external -15 as internal -15
c LOG 0 API enters state ADDING
c LOG 0 API call 'add (-15)' succeeded
c ----------------------------------------------------------------------------
c LOG 0 API call 'add (0)' started
c LOG 0 API enters state STEADY
c LOG 0 PROOF adding original external clause -26 27 -15
c LOG 0 CHECKER addition of original clause -26 27 -15
c LOG 0 original clause -26 27 -15
c LOG 0 new pointer 0x600001719890 irredundant size 3 clause[218] -26 27 -15
c LOG 0 marking added irredundant size 3 clause[218] -26 27 -15
c LOG 0 watch -26 blit 27 in irredundant size 3 clause[217] -26 27 -15
c LOG 0 watch 27 blit -26 in irredundant size 3 clause[217] -26 27 -15
c LOG 0 API call 'add (0)' succeeded
c ----------------------------------------------------------------------------
c LOG 0 API call 'add (-44)' started
c LOG 0 adding external -44 as internal -44
c LOG 0 API enters state ADDING
c LOG 0 API call 'add (-44)' succeeded
c ----------------------------------------------------------------------------
c LOG 0 API call 'add (23)' started
c LOG 0 API enters state STEADY
c LOG 0 adding external 23 as internal 23
c LOG 0 API enters state ADDING
c LOG 0 API call 'add (23)' succeeded
c ----------------------------------------------------------------------------
c LOG 0 API call 'add (-21)' started
c LOG 0 API enters state STEADY
c LOG 0 adding external -21 as internal -21
c LOG 0 API enters state ADDING
c LOG 0 API call 'add (-21)' succeeded
c ----------------------------------------------------------------------------
c LOG 0 API call 'add (0)' started
c LOG 0 API enters state STEADY
c LOG 0 PROOF adding original external clause -44 23 -21
c LOG 0 CHECKER addition of original clause -44 23 -21
c LOG 0 original clause -44 23 -21
c LOG 0 new pointer 0x6000017198f0 irredundant size 3 clause[219] -44 23 -21
c LOG 0 marking added irredundant size 3 clause[219] -44 23 -21
c LOG 0 watch -44 blit 23 in irredundant size 3 clause[218] -44 23 -21
c LOG 0 watch 23 blit -44 in irredundant size 3 clause[218] -44 23 -21
c LOG 0 API call 'add (0)' succeeded
c ----------------------------------------------------------------------------
c LOG 0 API call 'add (24)' started
c LOG 0 adding external 24 as internal 24
c LOG 0 API enters state ADDING
c LOG 0 API call 'add (24)' succeeded
c ----------------------------------------------------------------------------
c LOG 0 API call 'add (-23)' started
c LOG 0 API enters state STEADY
c LOG 0 adding external -23 as internal -23
c LOG 0 API enters state ADDING
c LOG 0 API call 'add (-23)' succeeded
c ----------------------------------------------------------------------------
c LOG 0 API call 'add (-27)' started
c LOG 0 API enters state STEADY
c LOG 0 adding external -27 as internal -27
c LOG 0 API enters state ADDING
c LOG 0 API call 'add (-27)' succeeded
c ----------------------------------------------------------------------------
c LOG 0 API call 'add (0)' started
c LOG 0 API enters state STEADY
c LOG 0 PROOF adding original external clause 24 -23 -27
c LOG 0 CHECKER addition of original clause 24 -23 -27
c LOG 0 original clause 24 -23 -27
c LOG 0 new pointer 0x600001725800 irredundant size 3 clause[220] 24 -23 -27
c LOG 0 marking added irredundant size 3 clause[220] 24 -23 -27
c LOG 0 watch 24 blit -23 in irredundant size 3 clause[219] 24 -23 -27
c LOG 0 watch -23 blit 24 in irredundant size 3 clause[219] 24 -23 -27
c LOG 0 API call 'add (0)' succeeded
c ----------------------------------------------------------------------------
c LOG 0 API call 'add (-56)' started
c LOG 0 new mapping external 56 to internal 56
c LOG 0 declaring 56
c LOG 0 declaring new 56 (max_var: 56, unused: 0, active: 51)
c LOG 0 adding external -56 as internal -56
c LOG 0 API enters state ADDING
c LOG 0 API call 'add (-56)' succeeded
c ----------------------------------------------------------------------------
c LOG 0 API call 'add (-5)' started
c LOG 0 API enters state STEADY
c LOG 0 adding external -5 as internal -5
c LOG 0 API enters state ADDING
c LOG 0 API call 'add (-5)' succeeded
c ----------------------------------------------------------------------------
c LOG 0 API call 'add (22)' started
c LOG 0 API enters state STEADY
c LOG 0 adding external 22 as internal 22
c LOG 0 API enters state ADDING
c LOG 0 API call 'add (22)' succeeded
c ----------------------------------------------------------------------------
c LOG 0 API call 'add (0)' started
c LOG 0 API enters state STEADY
c LOG 0 PROOF adding original external clause -56 -5 22
c LOG 0 CHECKER addition of original clause -56 -5 22
c LOG 0 original clause -56 -5 22
c LOG 0 new pointer 0x600001725860 irredundant size 3 clause[221] -56 -5 22
c LOG 0 marking added irredundant size 3 clause[221] -56 -5 22
c LOG 0 marking -56 as factor literal candidate
c LOG 0 watch -56 blit -5 in irredundant size 3 clause[220] -56 -5 22
c LOG 0 watch -5 blit -56 in irredundant size 3 clause[220] -56 -5 22
c LOG 0 API call 'add (0)' succeeded
c ----------------------------------------------------------------------------
c LOG 0 API call 'add (-49)' started
c LOG 0 adding external -49 as internal -49
c LOG 0 API enters state ADDING
c LOG 0 API call 'add (-49)' succeeded
c ----------------------------------------------------------------------------
c LOG 0 API call 'add (24)' started
c LOG 0 API enters state STEADY
c LOG 0 adding external 24 as internal 24
c LOG 0 API enters state ADDING
c LOG 0 API call 'add (24)' succeeded
c ----------------------------------------------------------------------------
c LOG 0 API call 'add (-15)' started
c LOG 0 API enters state STEADY
c LOG 0 adding external -15 as internal -15
c LOG 0 API enters state ADDING
c LOG 0 API call 'add (-15)' succeeded
c ----------------------------------------------------------------------------
c LOG 0 API call 'add (0)' started
c LOG 0 API enters state STEADY
c LOG 0 PROOF adding original external clause -49 24 -15
c LOG 0 CHECKER addition of original clause -49 24 -15
c LOG 0 original clause -49 24 -15
c LOG 0 new pointer 0x600001719950 irredundant size 3 clause[222] -49 24 -15
c LOG 0 marking added irredundant size 3 clause[222] -49 24 -15
c LOG 0 marking -49 as factor literal candidate
c LOG 0 watch -49 blit 24 in irredundant size 3 clause[221] -49 24 -15
c LOG 0 watch 24 blit -49 in irredundant size 3 clause[221] -49 24 -15
c LOG 0 API call 'add (0)' succeeded
c ----------------------------------------------------------------------------
c LOG 0 API call 'add (-10)' started
c LOG 0 adding external -10 as internal -10
c LOG 0 API enters state ADDING
c LOG 0 API call 'add (-10)' succeeded
c ----------------------------------------------------------------------------
c LOG 0 API call 'add (53)' started
c LOG 0 API enters state STEADY
c LOG 0 new mapping external 53 to internal 57
c LOG 0 declaring 57
c LOG 0 declaring new 57 (max_var: 57, unused: 0, active: 51)
c LOG 0 adding external 53 as internal 57
c LOG 0 API enters state ADDING
c LOG 0 API call 'add (53)' succeeded
c ----------------------------------------------------------------------------
c LOG 0 API call 'add (-41)' started
c LOG 0 API enters state STEADY
c LOG 0 adding external -41 as internal -41
c LOG 0 API enters state ADDING
c LOG 0 API call 'add (-41)' succeeded
c ----------------------------------------------------------------------------
c LOG 0 API call 'add (0)' started
c LOG 0 API enters state STEADY
c LOG 0 PROOF adding original external clause -10 53 -41
c LOG 0 CHECKER addition of original clause -10 53 -41
c LOG 0 original clause -10 57 -41
c LOG 0 new pointer 0x6000017199b0 irredundant size 3 clause[223] -10 57 -41
c LOG 0 marking added irredundant size 3 clause[223] -10 57 -41
c LOG 0 marking 57 as factor literal candidate
c LOG 0 watch -10 blit 57 in irredundant size 3 clause[222] -10 57 -41
c LOG 0 watch 57 blit -10 in irredundant size 3 clause[222] -10 57 -41
c LOG 0 API call 'add (0)' succeeded
c ----------------------------------------------------------------------------
c LOG 0 API call 'add (46)' started
c LOG 0 adding external 46 as internal 46
c LOG 0 API enters state ADDING
c LOG 0 API call 'add (46)' succeeded
c ----------------------------------------------------------------------------
c LOG 0 API call 'add (44)' started
c LOG 0 API enters state STEADY
c LOG 0 adding external 44 as internal 44
c LOG 0 API enters state ADDING
c LOG 0 API call 'add (44)' succeeded
c ----------------------------------------------------------------------------
c LOG 0 API call 'add (-36)' started
c LOG 0 API enters state STEADY
c LOG 0 adding external -36 as internal -36
c LOG 0 API enters state ADDING
c LOG 0 API call 'add (-36)' succeeded
c ----------------------------------------------------------------------------
c LOG 0 API call 'add (0)' started
c LOG 0 API enters state STEADY
c LOG 0 PROOF adding original external clause 46 44 -36
c LOG 0 CHECKER addition of original clause 46 44 -36
c LOG 0 original clause 46 44 -36
c LOG 0 new pointer 0x60000172cbd0 irredundant size 3 clause[224] 46 44 -36
c LOG 0 marking added irredundant size 3 clause[224] 46 44 -36
c LOG 0 marking 46 as factor literal candidate
c LOG 0 watch 46 blit 44 in irredundant size 3 clause[223] 46 44 -36
c LOG 0 watch 44 blit 46 in irredundant size 3 clause[223] 46 44 -36
c LOG 0 API call 'add (0)' succeeded
c ----------------------------------------------------------------------------
c LOG 0 API call 'add (18)' started
c LOG 0 adding external 18 as internal 18
c LOG 0 API enters state ADDING
c LOG 0 API call 'add (18)' succeeded
c ----------------------------------------------------------------------------
c LOG 0 API call 'add (21)' started
c LOG 0 API enters state STEADY
c LOG 0 adding external 21 as internal 21
c LOG 0 API enters state ADDING
c LOG 0 API call 'add (21)' succeeded
c ----------------------------------------------------------------------------
c LOG 0 API call 'add (-36)' started
c LOG 0 API enters state STEADY
c LOG 0 adding external -36 as internal -36
c LOG 0 API enters state ADDING
c LOG 0 API call 'add (-36)' succeeded
c ----------------------------------------------------------------------------
c LOG 0 API call 'add (0)' started
c LOG 0 API enters state STEADY
c LOG 0 PROOF adding original external clause 18 21 -36
c LOG 0 CHECKER addition of original clause 18 21 -36
c LOG 0 original clause 18 21 -36
c LOG 0 new pointer 0x6000017258c0 irredundant size 3 clause[225] 18 21 -36
c LOG 0 marking added irredundant size 3 clause[225] 18 21 -36
c LOG 0 watch 18 blit 21 in irredundant size 3 clause[224] 18 21 -36
c LOG 0 watch 21 blit 18 in irredundant size 3 clause[224] 18 21 -36
c LOG 0 API call 'add (0)' succeeded
c ----------------------------------------------------------------------------
c LOG 0 API call 'add (-47)' started
c LOG 0 adding external -47 as internal -47
c LOG 0 API enters state ADDING
c LOG 0 API call 'add (-47)' succeeded
c ----------------------------------------------------------------------------
c LOG 0 API call 'add (-30)' started
c LOG 0 API enters state STEADY
c LOG 0 adding external -30 as internal -30
c LOG 0 API enters state ADDING
c LOG 0 API call 'add (-30)' succeeded
c ----------------------------------------------------------------------------
c LOG 0 API call 'add (27)' started
c LOG 0 API enters state STEADY
c LOG 0 adding external 27 as internal 27
c LOG 0 API enters state ADDING
c LOG 0 API call 'add (27)' succeeded
c ----------------------------------------------------------------------------
c LOG 0 API call 'add (0)' started
c LOG 0 API enters state STEADY
c LOG 0 PROOF adding original external clause -47 -30 27
c LOG 0 CHECKER addition of original clause -47 -30 27
c LOG 0 original clause -47 -30 27
c LOG 0 new pointer 0x60000172cc30 irredundant size 3 clause[226] -47 -30 27
c LOG 0 marking added irredundant size 3 clause[226] -47 -30 27
c LOG 0 watch -47 blit -30 in irredundant size 3 clause[225] -47 -30 27
c LOG 0 watch -30 blit -47 in irredundant size 3 clause[225] -47 -30 27
c LOG 0 API call 'add (0)' succeeded
c ----------------------------------------------------------------------------
c LOG 0 API call 'add (-26)' started
c LOG 0 adding external -26 as internal -26
c LOG 0 API enters state ADDING
c LOG 0 API call 'add (-26)' succeeded
c ----------------------------------------------------------------------------
c LOG 0 API call 'add (2)' started
c LOG 0 API enters state STEADY
c LOG 0 adding external 2 as internal 2
c LOG 0 API enters state ADDING
c LOG 0 API call 'add (2)' succeeded
c ----------------------------------------------------------------------------
c LOG 0 API call 'add (24)' started
c LOG 0 API enters state STEADY
c LOG 0 adding external 24 as internal 24
c LOG 0 API enters state ADDING
c LOG 0 API call 'add (24)' succeeded
c ----------------------------------------------------------------------------
c LOG 0 API call 'add (0)' started
c LOG 0 API enters state STEADY
c LOG 0 PROOF adding original external clause -26 2 24
c LOG 0 CHECKER addition of original clause -26 2 24
c LOG 0 original clause -26 2 24
c LOG 0 new pointer 0x60000172cc90 irredundant size 3 clause[227] -26 2 24
c LOG 0 marking added irredundant size 3 clause[227] -26 2 24
c LOG 0 watch -26 blit 2 in irredundant size 3 clause[226] -26 2 24
c LOG 0 watch 2 blit -26 in irredundant size 3 clause[226] -26 2 24
c LOG 0 API call 'add (0)' succeeded
c ----------------------------------------------------------------------------
c LOG 0 API call 'add (-51)' started
c LOG 0 adding external -51 as internal -51
c LOG 0 API enters state ADDING
c LOG 0 API call 'add (-51)' succeeded
c ----------------------------------------------------------------------------
c LOG 0 API call 'add (-60)' started
c LOG 0 API enters state STEADY
c LOG 0 new mapping external 60 to internal 58
c LOG 0 declaring 58
c LOG 0 declaring new 58 (max_var: 58, unused: 0, active: 51)
c LOG 0 adding external -60 as internal -58
c LOG 0 API enters state ADDING
c LOG 0 API call 'add (-60)' succeeded
c ----------------------------------------------------------------------------
c LOG 0 API call 'add (-26)' started
c LOG 0 API enters state STEADY
c LOG 0 adding external -26 as internal -26
c LOG 0 API enters state ADDING
c LOG 0 API call 'add (-26)' succeeded
c ----------------------------------------------------------------------------
c LOG 0 API call 'add (44)' started
c LOG 0 API enters state STEADY
c LOG 0 adding external 44 as internal 44
c LOG 0 API enters state ADDING
c LOG 0 API call 'add (44)' succeeded
c ----------------------------------------------------------------------------
c LOG 0 API call 'add (49)' started
c LOG 0 API enters state STEADY
c LOG 0 adding external 49 as internal 49
c LOG 0 API enters state ADDING
c LOG 0 API call 'add (49)' succeeded
c ----------------------------------------------------------------------------
c LOG 0 API call 'add (23)' started
c LOG 0 API enters state STEADY
c LOG 0 adding external 23 as internal 23
c LOG 0 API enters state ADDING
c LOG 0 API call 'add (23)' succeeded
c ----------------------------------------------------------------------------
c LOG 0 API call 'add (-15)' started
c LOG 0 API enters state STEADY
c LOG 0 adding external -15 as internal -15
c LOG 0 API enters state ADDING
c LOG 0 API call 'add (-15)' succeeded
c ----------------------------------------------------------------------------
c LOG 0 API call 'add (-10)' started
c LOG 0 API enters state STEADY
c LOG 0 adding external -10 as internal -10
c LOG 0 API enters state ADDING
c LOG 0 API call 'add (-10)' succeeded
c ----------------------------------------------------------------------------
c LOG 0 API call 'add (0)' started
c LOG 0 API enters state STEADY
c LOG 0 PROOF adding original external clause -51 -60 -26 44 49 23 -15 -10
c LOG 0 CHECKER addition of original clause -51 -60 -26 44 49 23 -15 -10
c LOG 0 original clause -51 -58 -26 44 49 23 -15 -10
c LOG 0 new pointer 0x600000c041c0 irredundant size 8 clause[228] -51 -58 -26 44 49 23 -15 -10
c LOG 0 marking added irredundant size 8 clause[228] -51 -58 -26 44 49 23 -15 -10
c LOG 0 marking -58 as factor literal candidate
c LOG 0 watch -51 blit -58 in irredundant size 8 clause[227] -51 -58 -26 44 49 23 -15 -10
c LOG 0 watch -58 blit -51 in irredundant size 8 clause[227] -51 -58 -26 44 49 23 -15 -10
c LOG 0 API call 'add (0)' succeeded
c ----------------------------------------------------------------------------
c LOG 0 API call 'add (-25)' started
c LOG 0 adding external -25 as internal -25
c LOG 0 API enters state ADDING
c LOG 0 API call 'add (-25)' succeeded
c ----------------------------------------------------------------------------
c LOG 0 API call 'add (32)' started
c LOG 0 API enters state STEADY
c LOG 0 adding external 32 as internal 32
c LOG 0 API enters state ADDING
c LOG 0 API call 'add (32)' succeeded
c ----------------------------------------------------------------------------
c LOG 0 API call 'add (56)' started
c LOG 0 API enters state STEADY
c LOG 0 adding external 56 as internal 56
c LOG 0 API enters state ADDING
c LOG 0 API call 'add (56)' succeeded
c ----------------------------------------------------------------------------
c LOG 0 API call 'add (0)' started
c LOG 0 API enters state STEADY
c LOG 0 PROOF adding original external clause -25 32 56
c LOG 0 CHECKER addition of original clause -25 32 56
c LOG 0 original clause -25 32 56
c LOG 0 new pointer 0x6000017212f0 irredundant size 3 clause[229] -25 32 56
c LOG 0 marking added irredundant size 3 clause[229] -25 32 56
c LOG 0 marking 56 as factor literal candidate
c LOG 0 watch -25 blit 32 in irredundant size 3 clause[228] -25 32 56
c LOG 0 watch 32 blit -25 in irredundant size 3 clause[228] -25 32 56
c LOG 0 API call 'add (0)' succeeded
c ----------------------------------------------------------------------------
c LOG 0 API call 'add (-44)' started
c LOG 0 adding external -44 as internal -44
c LOG 0 API enters state ADDING
c LOG 0 API call 'add (-44)' succeeded
c ----------------------------------------------------------------------------
c LOG 0 API call 'add (-52)' started
c LOG 0 API enters state STEADY
c LOG 0 adding external -52 as internal -53
c LOG 0 API enters state ADDING
c LOG 0 API call 'add (-52)' succeeded
c ----------------------------------------------------------------------------
c LOG 0 API call 'add (60)' started
c LOG 0 API enters state STEADY
c LOG 0 adding external 60 as internal 58
c LOG 0 API enters state ADDING
c LOG 0 API call 'add (60)' succeeded
c ----------------------------------------------------------------------------
c LOG 0 API call 'add (0)' started
c LOG 0 API enters state STEADY
c LOG 0 PROOF adding original external clause -44 -52 60
c LOG 0 CHECKER addition of original clause -44 -52 60
c LOG 0 original clause -44 -53 58
c LOG 0 new pointer 0x600001734090 irredundant size 3 clause[230] -44 -53 58
c LOG 0 marking added irredundant size 3 clause[230] -44 -53 58
c LOG 0 marking 58 as factor literal candidate
c LOG 0 watch -44 blit -53 in irredundant size 3 clause[229] -44 -53 58
c LOG 0 watch -53 blit -44 in irredundant size 3 clause[229] -44 -53 58
c LOG 0 API call 'add (0)' succeeded
c ----------------------------------------------------------------------------
c LOG 0 API call 'add (31)' started
c LOG 0 adding external 31 as internal 31
c LOG 0 API enters state ADDING
c LOG 0 API call 'add (31)' succeeded
c ----------------------------------------------------------------------------
c LOG 0 API call 'add (22)' started
c LOG 0 API enters state STEADY
c LOG 0 adding external 22 as internal 22
c LOG 0 API enters state ADDING
c LOG 0 API call 'add (22)' succeeded
c ----------------------------------------------------------------------------
c LOG 0 API call 'add (-37)' started
c LOG 0 API enters state STEADY
c LOG 0 adding external -37 as internal -37
c LOG 0 API enters state ADDING
c LOG 0 API call 'add (-37)' succeeded
c ----------------------------------------------------------------------------
c LOG 0 API call 'add (0)' started
c LOG 0 API enters state STEADY
c LOG 0 PROOF adding original external clause 31 22 -37
c LOG 0 CHECKER addition of original clause 31 22 -37
c LOG 0 original clause 31 22 -37
c LOG 0 new pointer 0x6000017340f0 irredundant size 3 clause[231] 31 22 -37
c LOG 0 marking added irredundant size 3 clause[231] 31 22 -37
c LOG 0 watch 31 blit 22 in irredundant size 3 clause[230] 31 22 -37
c LOG 0 watch 22 blit 31 in irredundant size 3 clause[230] 31 22 -37
c LOG 0 API call 'add (0)' succeeded
c ----------------------------------------------------------------------------
c LOG 0 API call 'add (52)' started
c LOG 0 adding external 52 as internal 53
c LOG 0 API enters state ADDING
c LOG 0 API call 'add (52)' succeeded
c ----------------------------------------------------------------------------
c LOG 0 API call 'add (-41)' started
c LOG 0 API enters state STEADY
c LOG 0 adding external -41 as internal -41
c LOG 0 API enters state ADDING
c LOG 0 API call 'add (-41)' succeeded
c ----------------------------------------------------------------------------
c LOG 0 API call 'add (51)' started
c LOG 0 API enters state STEADY
c LOG 0 adding external 51 as internal 51
c LOG 0 API enters state ADDING
c LOG 0 API call 'add (51)' succeeded
c ----------------------------------------------------------------------------
c LOG 0 API call 'add (0)' started
c LOG 0 API enters state STEADY
c LOG 0 PROOF adding original external clause 52 -41 51
c LOG 0 CHECKER addition of original clause 52 -41 51
c LOG 0 original clause 53 -41 51
c LOG 0 new pointer 0x60000172ccf0 irredundant size 3 clause[232] 53 -41 51
c LOG 0 marking added irredundant size 3 clause[232] 53 -41 51
c LOG 0 watch 53 blit -41 in irredundant size 3 clause[231] 53 -41 51
c LOG 0 watch -41 blit 53 in irredundant size 3 clause[231] 53 -41 51
c LOG 0 API call 'add (0)' succeeded
c ----------------------------------------------------------------------------
c LOG 0 API call 'add (46)' started
c LOG 0 adding external 46 as internal 46
c LOG 0 API enters state ADDING
c LOG 0 API call 'add (46)' succeeded
c ----------------------------------------------------------------------------
c LOG 0 API call 'add (-45)' started
c LOG 0 API enters state STEADY
c LOG 0 adding external -45 as internal -45
c LOG 0 API enters state ADDING
c LOG 0 API call 'add (-45)' succeeded
c ----------------------------------------------------------------------------
c LOG 0 API call 'add (-52)' started
c LOG 0 API enters state STEADY
c LOG 0 adding external -52 as internal -53
c LOG 0 API enters state ADDING
c LOG 0 API call 'add (-52)' succeeded
c ----------------------------------------------------------------------------
c LOG 0 API call 'add (0)' started
c LOG 0 API enters state STEADY
c LOG 0 PROOF adding original external clause 46 -45 -52
c LOG 0 CHECKER addition of original clause 46 -45 -52
c LOG 0 original clause 46 -45 -53
c LOG 0 new pointer 0x600001725920 irredundant size 3 clause[233] 46 -45 -53
c LOG 0 marking added irredundant size 3 clause[233] 46 -45 -53
c LOG 0 watch 46 blit -45 in irredundant size 3 clause[232] 46 -45 -53
c LOG 0 watch -45 blit 46 in irredundant size 3 clause[232] 46 -45 -53
c LOG 0 API call 'add (0)' succeeded
c ----------------------------------------------------------------------------
c LOG 0 API call 'add (8)' started
c LOG 0 adding external 8 as internal 8
c LOG 0 API enters state ADDING
c LOG 0 API call 'add (8)' succeeded
c ----------------------------------------------------------------------------
c LOG 0 API call 'add (-56)' started
c LOG 0 API enters state STEADY
c LOG 0 adding external -56 as internal -56
c LOG 0 API enters state ADDING
c LOG 0 API call 'add (-56)' succeeded
c ----------------------------------------------------------------------------
c LOG 0 API call 'add (49)' started
c LOG 0 API enters state STEADY
c LOG 0 adding external 49 as internal 49
c LOG 0 API enters state ADDING
c LOG 0 API call 'add (49)' succeeded
c ----------------------------------------------------------------------------
c LOG 0 API call 'add (0)' started
c LOG 0 API enters state STEADY
c LOG 0 PROOF adding original external clause 8 -56 49
c LOG 0 CHECKER addition of original clause 8 -56 49
c LOG 0 original clause 8 -56 49
c LOG 0 new pointer 0x600001725980 irredundant size 3 clause[234] 8 -56 49
c LOG 0 marking added irredundant size 3 clause[234] 8 -56 49
c LOG 0 watch 8 blit -56 in irredundant size 3 clause[233] 8 -56 49
c LOG 0 watch -56 blit 8 in irredundant size 3 clause[233] 8 -56 49
c LOG 0 API call 'add (0)' succeeded
c ----------------------------------------------------------------------------
c LOG 0 API call 'add (60)' started
c LOG 0 adding external 60 as internal 58
c LOG 0 API enters state ADDING
c LOG 0 API call 'add (60)' succeeded
c ----------------------------------------------------------------------------
c LOG 0 API call 'add (58)' started
c LOG 0 API enters state STEADY
c LOG 0 new mapping external 58 to internal 59
c LOG 0 declaring 59
c LOG 0 declaring new 59 (max_var: 59, unused: 0, active: 51)
c LOG 0 adding external 58 as internal 59
c LOG 0 API enters state ADDING
c LOG 0 API call 'add (58)' succeeded
c ----------------------------------------------------------------------------
c LOG 0 API call 'add (57)' started
c LOG 0 API enters state STEADY
c LOG 0 new mapping external 57 to internal 60
c LOG 0 declaring 60
c LOG 0 declaring new 60 (max_var: 60, unused: 0, active: 51)
c LOG 0 adding external 57 as internal 60
c LOG 0 API enters state ADDING
c LOG 0 API call 'add (57)' succeeded
c ----------------------------------------------------------------------------
c LOG 0 API call 'add (0)' started
c LOG 0 API enters state STEADY
c LOG 0 PROOF adding original external clause 60 58 57
c LOG 0 CHECKER addition of original clause 60 58 57
c LOG 0 original clause 58 59 60
c LOG 0 new pointer 0x600001719a10 irredundant size 3 clause[235] 58 59 60
c LOG 0 marking added irredundant size 3 clause[235] 58 59 60
c LOG 0 marking 59 as factor literal candidate
c LOG 0 marking 60 as factor literal candidate
c LOG 0 watch 58 blit 59 in irredundant size 3 clause[234] 58 59 60
c LOG 0 watch 59 blit 58 in irredundant size 3 clause[234] 58 59 60
c LOG 0 API call 'add (0)' succeeded
c ----------------------------------------------------------------------------
c LOG 0 API call 'add (3)' started
c LOG 0 adding external 3 as internal 3
c LOG 0 API enters state ADDING
c LOG 0 API call 'add (3)' succeeded
c ----------------------------------------------------------------------------
c LOG 0 API call 'add (47)' started
c LOG 0 API enters state STEADY
c LOG 0 adding external 47 as internal 47
c LOG 0 API enters state ADDING
c LOG 0 API call 'add (47)' succeeded
c ----------------------------------------------------------------------------
c LOG 0 API call 'add (37)' started
c LOG 0 API enters state STEADY
c LOG 0 adding external 37 as internal 37
c LOG 0 API enters state ADDING
c LOG 0 API call 'add (37)' succeeded
c ----------------------------------------------------------------------------
c LOG 0 API call 'add (0)' started
c LOG 0 API enters state STEADY
c LOG 0 PROOF adding original external clause 3 47 37
c LOG 0 CHECKER addition of original clause 3 47 37
c LOG 0 original clause 3 47 37
c LOG 0 new pointer 0x600001719a70 irredundant size 3 clause[236] 3 47 37
c LOG 0 marking added irredundant size 3 clause[236] 3 47 37
c LOG 0 watch 3 blit 47 in irredundant size 3 clause[235] 3 47 37
c LOG 0 watch 47 blit 3 in irredundant size 3 clause[235] 3 47 37
c LOG 0 API call 'add (0)' succeeded
c ----------------------------------------------------------------------------
c LOG 0 API call 'add (-53)' started
c LOG 0 adding external -53 as internal -57
c LOG 0 API enters state ADDING
c LOG 0 API call 'add (-53)' succeeded
c ----------------------------------------------------------------------------
c LOG 0 API call 'add (25)' started
c LOG 0 API enters state STEADY
c LOG 0 adding external 25 as internal 25
c LOG 0 API enters state ADDING
c LOG 0 API call 'add (25)' succeeded
c ----------------------------------------------------------------------------
c LOG 0 API call 'add (3)' started
c LOG 0 API enters state STEADY
c LOG 0 adding external 3 as internal 3
c LOG 0 API enters state ADDING
c LOG 0 API call 'add (3)' succeeded
c ----------------------------------------------------------------------------
c LOG 0 API call 'add (0)' started
c LOG 0 API enters state STEADY
c LOG 0 PROOF adding original external clause -53 25 3
c LOG 0 CHECKER addition of original clause -53 25 3
c LOG 0 original clause -57 25 3
c LOG 0 new pointer 0x6000017259e0 irredundant size 3 clause[237] -57 25 3
c LOG 0 marking added irredundant size 3 clause[237] -57 25 3
c LOG 0 marking -57 as factor literal candidate
c LOG 0 watch -57 blit 25 in irredundant size 3 clause[236] -57 25 3
c LOG 0 watch 25 blit -57 in irredundant size 3 clause[236] -57 25 3
c LOG 0 API call 'add (0)' succeeded
c ----------------------------------------------------------------------------
c LOG 0 API call 'add (42)' started
c LOG 0 adding external 42 as internal 42
c LOG 0 API enters state ADDING
c LOG 0 API call 'add (42)' succeeded
c ----------------------------------------------------------------------------
c LOG 0 API call 'add (-47)' started
c LOG 0 API enters state STEADY
c LOG 0 adding external -47 as internal -47
c LOG 0 API enters state ADDING
c LOG 0 API call 'add (-47)' succeeded
c ----------------------------------------------------------------------------
c LOG 0 API call 'add (-56)' started
c LOG 0 API enters state STEADY
c LOG 0 adding external -56 as internal -56
c LOG 0 API enters state ADDING
c LOG 0 API call 'add (-56)' succeeded
c ----------------------------------------------------------------------------
c LOG 0 API call 'add (0)' started
c LOG 0 API enters state STEADY
c LOG 0 PROOF adding original external clause 42 -47 -56
c LOG 0 CHECKER addition of original clause 42 -47 -56
c LOG 0 original clause 42 -47 -56
c LOG 0 new pointer 0x600001719ad0 irredundant size 3 clause[238] 42 -47 -56
c LOG 0 marking added irredundant size 3 clause[238] 42 -47 -56
c LOG 0 watch 42 blit -47 in irredundant size 3 clause[237] 42 -47 -56
c LOG 0 watch -47 blit 42 in irredundant size 3 clause[237] 42 -47 -56
c LOG 0 API call 'add (0)' succeeded
c ----------------------------------------------------------------------------
c LOG 0 API call 'add (-51)' started
c LOG 0 adding external -51 as internal -51
c LOG 0 API enters state ADDING
c LOG 0 API call 'add (-51)' succeeded
c ----------------------------------------------------------------------------
c LOG 0 API call 'add (-31)' started
c LOG 0 API enters state STEADY
c LOG 0 adding external -31 as internal -31
c LOG 0 API enters state ADDING
c LOG 0 API call 'add (-31)' succeeded
c ----------------------------------------------------------------------------
c LOG 0 API call 'add (-3)' started
c LOG 0 API enters state STEADY
c LOG 0 adding external -3 as internal -3
c LOG 0 API enters state ADDING
c LOG 0 API call 'add (-3)' succeeded
c ----------------------------------------------------------------------------
c LOG 0 API call 'add (0)' started
c LOG 0 API enters state STEADY
c LOG 0 PROOF adding original external clause -51 -31 -3
c LOG 0 CHECKER addition of original clause -51 -31 -3
c LOG 0 original clause -51 -31 -3
c LOG 0 new pointer 0x600001725a40 irredundant size 3 clause[239] -51 -31 -3
c LOG 0 marking added irredundant size 3 clause[239] -51 -31 -3
c LOG 0 watch -51 blit -31 in irredundant size 3 clause[238] -51 -31 -3
c LOG 0 watch -31 blit -51 in irredundant size 3 clause[238] -51 -31 -3
c LOG 0 API call 'add (0)' succeeded
c ----------------------------------------------------------------------------
c LOG 0 API call 'add (52)' started
c LOG 0 adding external 52 as internal 53
c LOG 0 API enters state ADDING
c LOG 0 API call 'add (52)' succeeded
c ----------------------------------------------------------------------------
c LOG 0 API call 'add (-13)' started
c LOG 0 API enters state STEADY
c LOG 0 adding external -13 as internal -13
c LOG 0 API enters state ADDING
c LOG 0 API call 'add (-13)' succeeded
c ----------------------------------------------------------------------------
c LOG 0 API call 'add (-45)' started
c LOG 0 API enters state STEADY
c LOG 0 adding external -45 as internal -45
c LOG 0 API enters state ADDING
c LOG 0 API call 'add (-45)' succeeded
c ----------------------------------------------------------------------------
c LOG 0 API call 'add (0)' started
c LOG 0 API enters state STEADY
c LOG 0 PROOF adding original external clause 52 -13 -45
c LOG 0 CHECKER addition of original clause 52 -13 -45
c LOG 0 original clause 53 -13 -45
c LOG 0 new pointer 0x600001728150 irredundant size 3 clause[240] 53 -13 -45
c LOG 0 marking added irredundant size 3 clause[240] 53 -13 -45
c LOG 0 watch 53 blit -13 in irredundant size 3 clause[239] 53 -13 -45
c LOG 0 watch -13 blit 53 in irredundant size 3 clause[239] 53 -13 -45
c LOG 0 API call 'add (0)' succeeded
c ----------------------------------------------------------------------------
c LOG 0 API call 'add (-58)' started
c LOG 0 adding external -58 as internal -59
c LOG 0 API enters state ADDING
c LOG 0 API call 'add (-58)' succeeded
c ----------------------------------------------------------------------------
c LOG 0 API call 'add (49)' started
c LOG 0 API enters state STEADY
c LOG 0 adding external 49 as internal 49
c LOG 0 API enters state ADDING
c LOG 0 API call 'add (49)' succeeded
c ----------------------------------------------------------------------------
c LOG 0 API call 'add (-13)' started
c LOG 0 API enters state STEADY
c LOG 0 adding external -13 as internal -13
c LOG 0 API enters state ADDING
c LOG 0 API call 'add (-13)' succeeded
c ----------------------------------------------------------------------------
c LOG 0 API call 'add (0)' started
c LOG 0 API enters state STEADY
c LOG 0 PROOF adding original external clause -58 49 -13
c LOG 0 CHECKER addition of original clause -58 49 -13
c LOG 0 original clause -59 49 -13
c LOG 0 new pointer 0x6000017281b0 irredundant size 3 clause[241] -59 49 -13
c LOG 0 marking added irredundant size 3 clause[241] -59 49 -13
c LOG 0 marking -59 as factor literal candidate
c LOG 0 watch -59 blit 49 in irredundant size 3 clause[240] -59 49 -13
c LOG 0 watch 49 blit -59 in irredundant size 3 clause[240] -59 49 -13
c LOG 0 API call 'add (0)' succeeded
c ----------------------------------------------------------------------------
c LOG 0 API call 'add (14)' started
c LOG 0 adding external 14 as internal 14
c LOG 0 API enters state ADDING
c LOG 0 API call 'add (14)' succeeded
c ----------------------------------------------------------------------------
c LOG 0 API call 'add (-34)' started
c LOG 0 API enters state STEADY
c LOG 0 adding external -34 as internal -34
c LOG 0 API enters state ADDING
c LOG 0 API call 'add (-34)' succeeded
c ----------------------------------------------------------------------------
c LOG 0 API call 'add (-60)' started
c LOG 0 API enters state STEADY
c LOG 0 adding external -60 as internal -58
c LOG 0 API enters state ADDING
c LOG 0 API call 'add (-60)' succeeded
c ----------------------------------------------------------------------------
c LOG 0 API call 'add (-13)' started
c LOG 0 API enters state STEADY
c LOG 0 adding external -13 as internal -13
c LOG 0 API enters state ADDING
c LOG 0 API call 'add (-13)' succeeded
c ----------------------------------------------------------------------------
c LOG 0 API call 'add (15)' started
c LOG 0 API enters state STEADY
c LOG 0 adding external 15 as internal 15
c LOG 0 API enters state ADDING
c LOG 0 API call 'add (15)' succeeded
c ----------------------------------------------------------------------------
c LOG 0 API call 'add (-55)' started
c LOG 0 API enters state STEADY
c LOG 0 adding external -55 as internal -54
c LOG 0 API enters state ADDING
c LOG 0 API call 'add (-55)' succeeded
c ----------------------------------------------------------------------------
c LOG 0 API call 'add (53)' started
c LOG 0 API enters state STEADY
c LOG 0 adding external 53 as internal 57
c LOG 0 API enters state ADDING
c LOG 0 API call 'add (53)' succeeded
c ----------------------------------------------------------------------------
c LOG 0 API call 'add (22)' started
c LOG 0 API enters state STEADY
c LOG 0 adding external 22 as internal 22
c LOG 0 API enters state ADDING
c LOG 0 API call 'add (22)' succeeded
c ----------------------------------------------------------------------------
c LOG 0 API call 'add (-18)' started
c LOG 0 API enters state STEADY
c LOG 0 adding external -18 as internal -18
c LOG 0 API enters state ADDING
c LOG 0 API call 'add (-18)' succeeded
c ----------------------------------------------------------------------------
c LOG 0 API call 'add (50)' started
c LOG 0 API enters state STEADY
c LOG 0 adding external 50 as internal 50
c LOG 0 API enters state ADDING
c LOG 0 API call 'add (50)' succeeded
c ----------------------------------------------------------------------------
c LOG 0 API call 'add (-44)' started
c LOG 0 API enters state STEADY
c LOG 0 adding external -44 as internal -44
c LOG 0 API enters state ADDING
c LOG 0 API call 'add (-44)' succeeded
c ----------------------------------------------------------------------------
c LOG 0 API call 'add (-1)' started
c LOG 0 API enters state STEADY
c LOG 0 adding external -1 as internal -1
c LOG 0 API enters state ADDING
c LOG 0 API call 'add (-1)' succeeded
c ----------------------------------------------------------------------------
c LOG 0 API call 'add (9)' started
c LOG 0 API enters state STEADY
c LOG 0 adding external 9 as internal 9
c LOG 0 API enters state ADDING
c LOG 0 API call 'add (9)' succeeded
c ----------------------------------------------------------------------------
c LOG 0 API call 'add (-41)' started
c LOG 0 API enters state STEADY
c LOG 0 adding external -41 as internal -41
c LOG 0 API enters state ADDING
c LOG 0 API call 'add (-41)' succeeded
c ----------------------------------------------------------------------------
c LOG 0 API call 'add (-45)' started
c LOG 0 API enters state STEADY
c LOG 0 adding external -45 as internal -45
c LOG 0 API enters state ADDING
c LOG 0 API call 'add (-45)' succeeded
c ----------------------------------------------------------------------------
c LOG 0 API call 'add (27)' started
c LOG 0 API enters state STEADY
c LOG 0 adding external 27 as internal 27
c LOG 0 API enters state ADDING
c LOG 0 API call 'add (27)' succeeded
c ----------------------------------------------------------------------------
c LOG 0 API call 'add (-58)' started
c LOG 0 API enters state STEADY
c LOG 0 adding external -58 as internal -59
c LOG 0 API enters state ADDING
c LOG 0 API call 'add (-58)' succeeded
c ----------------------------------------------------------------------------
c LOG 0 API call 'add (38)' started
c LOG 0 API enters state STEADY
c LOG 0 adding external 38 as internal 38
c LOG 0 API enters state ADDING
c LOG 0 API call 'add (38)' succeeded
c ----------------------------------------------------------------------------
c LOG 0 API call 'add (0)' started
c LOG 0 API enters state STEADY
c LOG 0 PROOF adding original external clause 14 -34 -60 -13 15 -55 53 22 -18 50 -44 -1 9 -41 -45 27 -58 38
c LOG 0 CHECKER addition of original clause 14 -34 -60 -13 15 -55 53 22 -18 50 -44 -1 9 -41 -45 27 -58 38
c LOG 0 original clause 14 -34 -58 -13 15 -54 57 22 -18 50 -44 -1 9 -41 -45 27 -59 38
c LOG 0 new pointer 0x600003d00060 irredundant size 18 clause[242] 14 -34 -58 -13 15 -54 57 22 -18 50 -44 -1 9 -41 -45 27 -59 38
c LOG 0 marking added irredundant size 18 clause[242] 14 -34 -58 -13 15 -54 57 22 -18 50 -44 -1 9 -41 -45 27 -59 38
c LOG 0 marking -54 as factor literal candidate
c LOG 0 watch 14 blit -34 in irredundant size 18 clause[241] 14 -34 -58 -13 15 -54 57 22 -18 50 -44 -1 9 -41 -45 27 -59 38
c LOG 0 watch -34 blit 14 in irredundant size 18 clause[241] 14 -34 -58 -13 15 -54 57 22 -18 50 -44 -1 9 -41 -45 27 -59 38
c LOG 0 API call 'add (0)' succeeded
c ----------------------------------------------------------------------------
c LOG 0 API call 'add (-28)' started
c LOG 0 adding external -28 as internal -28
c LOG 0 API enters state ADDING
c LOG 0 API call 'add (-28)' succeeded
c ----------------------------------------------------------------------------
c LOG 0 API call 'add (-8)' started
c LOG 0 API enters state STEADY
c LOG 0 adding external -8 as internal -8
c LOG 0 API enters state ADDING
c LOG 0 API call 'add (-8)' succeeded
c ----------------------------------------------------------------------------
c LOG 0 API call 'add (1)' started
c LOG 0 API enters state STEADY
c LOG 0 adding external 1 as internal 1
c LOG 0 API enters state ADDING
c LOG 0 API call 'add (1)' succeeded
c ----------------------------------------------------------------------------
c LOG 0 API call 'add (0)' started
c LOG 0 API enters state STEADY
c LOG 0 PROOF adding original external clause -28 -8 1
c LOG 0 CHECKER addition of original clause -28 -8 1
c LOG 0 original clause -28 -8 1
c LOG 0 new pointer 0x600001721350 irredundant size 3 clause[243] -28 -8 1
c LOG 0 marking added irredundant size 3 clause[243] -28 -8 1
c LOG 0 watch -28 blit -8 in irredundant size 3 clause[242] -28 -8 1
c LOG 0 watch -8 blit -28 in irredundant size 3 clause[242] -28 -8 1
c LOG 0 API call 'add (0)' succeeded
c ----------------------------------------------------------------------------
c LOG 0 API call 'add (38)' started
c LOG 0 adding external 38 as internal 38
c LOG 0 API enters state ADDING
c LOG 0 API call 'add (38)' succeeded
c ----------------------------------------------------------------------------
c LOG 0 API call 'add (23)' started
c LOG 0 API enters state STEADY
c LOG 0 adding external 23 as internal 23
c LOG 0 API enters state ADDING
c LOG 0 API call 'add (23)' succeeded
c ----------------------------------------------------------------------------
c LOG 0 API call 'add (-35)' started
c LOG 0 API enters state STEADY
c LOG 0 adding external -35 as internal -35
c LOG 0 API enters state ADDING
c LOG 0 API call 'add (-35)' succeeded
c ----------------------------------------------------------------------------
c LOG 0 API call 'add (0)' started
c LOG 0 API enters state STEADY
c LOG 0 PROOF adding original external clause 38 23 -35
c LOG 0 CHECKER addition of original clause 38 23 -35
c LOG 0 original clause 38 23 -35
c LOG 0 new pointer 0x60000172cd50 irredundant size 3 clause[244] 38 23 -35
c LOG 0 marking added irredundant size 3 clause[244] 38 23 -35
c LOG 0 watch 38 blit 23 in irredundant size 3 clause[243] 38 23 -35
c LOG 0 watch 23 blit 38 in irredundant size 3 clause[243] 38 23 -35
c LOG 0 API call 'add (0)' succeeded
c ----------------------------------------------------------------------------
c LOG 0 API call 'add (-51)' started
c LOG 0 adding external -51 as internal -51
c LOG 0 API enters state ADDING
c LOG 0 API call 'add (-51)' succeeded
c ----------------------------------------------------------------------------
c LOG 0 API call 'add (49)' started
c LOG 0 API enters state STEADY
c LOG 0 adding external 49 as internal 49
c LOG 0 API enters state ADDING
c LOG 0 API call 'add (49)' succeeded
c ----------------------------------------------------------------------------
c LOG 0 API call 'add (46)' started
c LOG 0 API enters state STEADY
c LOG 0 adding external 46 as internal 46
c LOG 0 API enters state ADDING
c LOG 0 API call 'add (46)' succeeded
c ----------------------------------------------------------------------------
c LOG 0 API call 'add (0)' started
c LOG 0 API enters state STEADY
c LOG 0 PROOF adding original external clause -51 49 46
c LOG 0 CHECKER addition of original clause -51 49 46
c LOG 0 original clause -51 49 46
c LOG 0 new pointer 0x60000172cdb0 irredundant size 3 clause[245] -51 49 46
c LOG 0 marking added irredundant size 3 clause[245] -51 49 46
c LOG 0 watch -51 blit 49 in irredundant size 3 clause[244] -51 49 46
c LOG 0 watch 49 blit -51 in irredundant size 3 clause[244] -51 49 46
c LOG 0 API call 'add (0)' succeeded
c ----------------------------------------------------------------------------
c LOG 0 API call 'add (-38)' started
c LOG 0 adding external -38 as internal -38
c LOG 0 API enters state ADDING
c LOG 0 API call 'add (-38)' succeeded
c ----------------------------------------------------------------------------
c LOG 0 API call 'add (56)' started
c LOG 0 API enters state STEADY
c LOG 0 adding external 56 as internal 56
c LOG 0 API enters state ADDING
c LOG 0 API call 'add (56)' succeeded
c ----------------------------------------------------------------------------
c LOG 0 API call 'add (-60)' started
c LOG 0 API enters state STEADY
c LOG 0 adding external -60 as internal -58
c LOG 0 API enters state ADDING
c LOG 0 API call 'add (-60)' succeeded
c ----------------------------------------------------------------------------
c LOG 0 API call 'add (0)' started
c LOG 0 API enters state STEADY
c LOG 0 PROOF adding original external clause -38 56 -60
c LOG 0 CHECKER addition of original clause -38 56 -60
c LOG 0 original clause -38 56 -58
c LOG 0 new pointer 0x60000172ce10 irredundant size 3 clause[246] -38 56 -58
c LOG 0 marking added irredundant size 3 clause[246] -38 56 -58
c LOG 0 watch -38 blit 56 in irredundant size 3 clause[245] -38 56 -58
c LOG 0 watch 56 blit -38 in irredundant size 3 clause[245] -38 56 -58
c LOG 0 API call 'add (0)' succeeded
c ----------------------------------------------------------------------------
c LOG 0 API call 'add (-21)' started
c LOG 0 adding external -21 as internal -21
c LOG 0 API enters state ADDING
c LOG 0 API call 'add (-21)' succeeded
c ----------------------------------------------------------------------------
c LOG 0 API call 'add (27)' started
c LOG 0 API enters state STEADY
c LOG 0 adding external 27 as internal 27
c LOG 0 API enters state ADDING
c LOG 0 API call 'add (27)' succeeded
c ----------------------------------------------------------------------------
c LOG 0 API call 'add (-24)' started
c LOG 0 API enters state STEADY
c LOG 0 adding external -24 as internal -24
c LOG 0 API enters state ADDING
c LOG 0 API call 'add (-24)' succeeded
c ----------------------------------------------------------------------------
c LOG 0 API call 'add (0)' started
c LOG 0 API enters state STEADY
c LOG 0 PROOF adding original external clause -21 27 -24
c LOG 0 CHECKER addition of original clause -21 27 -24
c LOG 0 original clause -21 27 -24
c LOG 0 new pointer 0x6000017213b0 irredundant size 3 clause[247] -21 27 -24
c LOG 0 marking added irredundant size 3 clause[247] -21 27 -24
c LOG 0 watch -21 blit 27 in irredundant size 3 clause[246] -21 27 -24
c LOG 0 watch 27 blit -21 in irredundant size 3 clause[246] -21 27 -24
c LOG 0 API call 'add (0)' succeeded
c ----------------------------------------------------------------------------
c LOG 0 API call 'add (-18)' started
c LOG 0 adding external -18 as internal -18
c LOG 0 API enters state ADDING
c LOG 0 API call 'add (-18)' succeeded
c ----------------------------------------------------------------------------
c LOG 0 API call 'add (-21)' started
c LOG 0 API enters state STEADY
c LOG 0 adding external -21 as internal -21
c LOG 0 API enters state ADDING
c LOG 0 API call 'add (-21)' succeeded
c ----------------------------------------------------------------------------
c LOG 0 API call 'add (-47)' started
c LOG 0 API enters state STEADY
c LOG 0 adding external -47 as internal -47
c LOG 0 API enters state ADDING
c LOG 0 API call 'add (-47)' succeeded
c ----------------------------------------------------------------------------
c LOG 0 API call 'add (0)' started
c LOG 0 API enters state STEADY
c LOG 0 PROOF adding original external clause -18 -21 -47
c LOG 0 CHECKER addition of original clause -18 -21 -47
c LOG 0 original clause -18 -21 -47
c LOG 0 new pointer 0x600001719b30 irredundant size 3 clause[248] -18 -21 -47
c LOG 0 marking added irredundant size 3 clause[248] -18 -21 -47
c LOG 0 watch -18 blit -21 in irredundant size 3 clause[247] -18 -21 -47
c LOG 0 watch -21 blit -18 in irredundant size 3 clause[247] -18 -21 -47
c LOG 0 API call 'add (0)' succeeded
c ----------------------------------------------------------------------------
c LOG 0 API call 'add (-10)' started
c LOG 0 adding external -10 as internal -10
c LOG 0 API enters state ADDING
c LOG 0 API call 'add (-10)' succeeded
c ----------------------------------------------------------------------------
c LOG 0 API call 'add (-38)' started
c LOG 0 API enters state STEADY
c LOG 0 adding external -38 as internal -38
c LOG 0 API enters state ADDING
c LOG 0 API call 'add (-38)' succeeded
c ----------------------------------------------------------------------------
c LOG 0 API call 'add (-8)' started
c LOG 0 API enters state STEADY
c LOG 0 adding external -8 as internal -8
c LOG 0 API enters state ADDING
c LOG 0 API call 'add (-8)' succeeded
c ----------------------------------------------------------------------------
c LOG 0 API call 'add (0)' started
c LOG 0 API enters state STEADY
c LOG 0 PROOF adding original external clause -10 -38 -8
c LOG 0 CHECKER addition of original clause -10 -38 -8
c LOG 0 original clause -10 -38 -8
c LOG 0 new pointer 0x600001725aa0 irredundant size 3 clause[249] -10 -38 -8
c LOG 0 marking added irredundant size 3 clause[249] -10 -38 -8
c LOG 0 watch -10 blit -38 in irredundant size 3 clause[248] -10 -38 -8
c LOG 0 watch -38 blit -10 in irredundant size 3 clause[248] -10 -38 -8
c LOG 0 API call 'add (0)' succeeded
c ----------------------------------------------------------------------------
c LOG 0 API call 'add (5)' started
c LOG 0 adding external 5 as internal 5
c LOG 0 API enters state ADDING
c LOG 0 API call 'add (5)' succeeded
c ----------------------------------------------------------------------------
c LOG 0 API call 'add (-26)' started
c LOG 0 API enters state STEADY
c LOG 0 adding external -26 as internal -26
c LOG 0 API enters state ADDING
c LOG 0 API call 'add (-26)' succeeded
c ----------------------------------------------------------------------------
c LOG 0 API call 'add (-59)' started
c LOG 0 API enters state STEADY
c LOG 0 adding external -59 as internal -52
c LOG 0 API enters state ADDING
c LOG 0 API call 'add (-59)' succeeded
c ----------------------------------------------------------------------------
c LOG 0 API call 'add (0)' started
c LOG 0 API enters state STEADY
c LOG 0 PROOF adding original external clause 5 -26 -59
c LOG 0 CHECKER addition of original clause 5 -26 -59
c LOG 0 original clause 5 -26 -52
c LOG 0 new pointer 0x600001725b00 irredundant size 3 clause[250] 5 -26 -52
c LOG 0 marking added irredundant size 3 clause[250] 5 -26 -52
c LOG 0 marking -52 as factor literal candidate
c LOG 0 watch 5 blit -26 in irredundant size 3 clause[249] 5 -26 -52
c LOG 0 watch -26 blit 5 in irredundant size 3 clause[249] 5 -26 -52
c LOG 0 API call 'add (0)' succeeded
c ----------------------------------------------------------------------------
c LOG 0 API call 'add (-3)' started
c LOG 0 adding external -3 as internal -3
c LOG 0 API enters state ADDING
c LOG 0 API call 'add (-3)' succeeded
c ----------------------------------------------------------------------------
c LOG 0 API call 'add (31)' started
c LOG 0 API enters state STEADY
c LOG 0 adding external 31 as internal 31
c LOG 0 API enters state ADDING
c LOG 0 API call 'add (31)' succeeded
c ----------------------------------------------------------------------------
c LOG 0 API call 'add (26)' started
c LOG 0 API enters state STEADY
c LOG 0 adding external 26 as internal 26
c LOG 0 API enters state ADDING
c LOG 0 API call 'add (26)' succeeded
c ----------------------------------------------------------------------------
c LOG 0 API call 'add (0)' started
c LOG 0 API enters state STEADY
c LOG 0 PROOF adding original external clause -3 31 26
c LOG 0 CHECKER addition of original clause -3 31 26
c LOG 0 original clause -3 31 26
c LOG 0 new pointer 0x600001725b60 irredundant size 3 clause[251] -3 31 26
c LOG 0 marking added irredundant size 3 clause[251] -3 31 26
c LOG 0 watch -3 blit 31 in irredundant size 3 clause[250] -3 31 26
c LOG 0 watch 31 blit -3 in irredundant size 3 clause[250] -3 31 26
c LOG 0 API call 'add (0)' succeeded
c ----------------------------------------------------------------------------
c LOG 0 API call 'add (60)' started
c LOG 0 adding external 60 as internal 58
c LOG 0 API enters state ADDING
c LOG 0 API call 'add (60)' succeeded
c ----------------------------------------------------------------------------
c LOG 0 API call 'add (28)' started
c LOG 0 API enters state STEADY
c LOG 0 adding external 28 as internal 28
c LOG 0 API enters state ADDING
c LOG 0 API call 'add (28)' succeeded
c ----------------------------------------------------------------------------
c LOG 0 API call 'add (2)' started
c LOG 0 API enters state STEADY
c LOG 0 adding external 2 as internal 2
c LOG 0 API enters state ADDING
c LOG 0 API call 'add (2)' succeeded
c ----------------------------------------------------------------------------
c LOG 0 API call 'add (0)' started
c LOG 0 API enters state STEADY
c LOG 0 PROOF adding original external clause 60 28 2
c LOG 0 CHECKER addition of original clause 60 28 2
c LOG 0 original clause 58 28 2
c LOG 0 new pointer 0x60000172ce70 irredundant size 3 clause[252] 58 28 2
c LOG 0 marking added irredundant size 3 clause[252] 58 28 2
c LOG 0 watch 58 blit 28 in irredundant size 3 clause[251] 58 28 2
c LOG 0 watch 28 blit 58 in irredundant size 3 clause[251] 58 28 2
c LOG 0 API call 'add (0)' succeeded
c ----------------------------------------------------------------------------
c LOG 0 API call 'add (57)' started
c LOG 0 adding external 57 as internal 60
c LOG 0 API enters state ADDING
c LOG 0 API call 'add (57)' succeeded
c ----------------------------------------------------------------------------
c LOG 0 API call 'add (-35)' started
c LOG 0 API enters state STEADY
c LOG 0 adding external -35 as internal -35
c LOG 0 API enters state ADDING
c LOG 0 API call 'add (-35)' succeeded
c ----------------------------------------------------------------------------
c LOG 0 API call 'add (36)' started
c LOG 0 API enters state STEADY
c LOG 0 adding external 36 as internal 36
c LOG 0 API enters state ADDING
c LOG 0 API call 'add (36)' succeeded
c ----------------------------------------------------------------------------
c LOG 0 API call 'add (0)' started
c LOG 0 API enters state STEADY
c LOG 0 PROOF adding original external clause 57 -35 36
c LOG 0 CHECKER addition of original clause 57 -35 36
c LOG 0 original clause 60 -35 36
c LOG 0 new pointer 0x600001721410 irredundant size 3 clause[253] 60 -35 36
c LOG 0 marking added irredundant size 3 clause[253] 60 -35 36
c LOG 0 watch 60 blit -35 in irredundant size 3 clause[252] 60 -35 36
c LOG 0 watch -35 blit 60 in irredundant size 3 clause[252] 60 -35 36
c LOG 0 API call 'add (0)' succeeded
c ----------------------------------------------------------------------------
c LOG 0 API call 'add (31)' started
c LOG 0 adding external 31 as internal 31
c LOG 0 API enters state ADDING
c LOG 0 API call 'add (31)' succeeded
c ----------------------------------------------------------------------------
c LOG 0 API call 'add (34)' started
c LOG 0 API enters state STEADY
c LOG 0 adding external 34 as internal 34
c LOG 0 API enters state ADDING
c LOG 0 API call 'add (34)' succeeded
c ----------------------------------------------------------------------------
c LOG 0 API call 'add (-59)' started
c LOG 0 API enters state STEADY
c LOG 0 adding external -59 as internal -52
c LOG 0 API enters state ADDING
c LOG 0 API call 'add (-59)' succeeded
c ----------------------------------------------------------------------------
c LOG 0 API call 'add (0)' started
c LOG 0 API enters state STEADY
c LOG 0 PROOF adding original external clause 31 34 -59
c LOG 0 CHECKER addition of original clause 31 34 -59
c LOG 0 original clause 31 34 -52
c LOG 0 new pointer 0x60000172ced0 irredundant size 3 clause[254] 31 34 -52
c LOG 0 marking added irredundant size 3 clause[254] 31 34 -52
c LOG 0 watch 31 blit 34 in irredundant size 3 clause[253] 31 34 -52
c LOG 0 watch 34 blit 31 in irredundant size 3 clause[253] 31 34 -52
c LOG 0 API call 'add (0)' succeeded
c ----------------------------------------------------------------------------
c LOG 0 API call 'add (51)' started
c LOG 0 adding external 51 as internal 51
c LOG 0 API enters state ADDING
c LOG 0 API call 'add (51)' succeeded
c ----------------------------------------------------------------------------
c LOG 0 API call 'add (-2)' started
c LOG 0 API enters state STEADY
c LOG 0 adding external -2 as internal -2
c LOG 0 API enters state ADDING
c LOG 0 API call 'add (-2)' succeeded
c ----------------------------------------------------------------------------
c LOG 0 API call 'add (10)' started
c LOG 0 API enters state STEADY
c LOG 0 adding external 10 as internal 10
c LOG 0 API enters state ADDING
c LOG 0 API call 'add (10)' succeeded
c ----------------------------------------------------------------------------
c LOG 0 API call 'add (0)' started
c LOG 0 API enters state STEADY
c LOG 0 PROOF adding original external clause 51 -2 10
c LOG 0 CHECKER addition of original clause 51 -2 10
c LOG 0 original clause 51 -2 10
c LOG 0 new pointer 0x600001719b90 irredundant size 3 clause[255] 51 -2 10
c LOG 0 marking added irredundant size 3 clause[255] 51 -2 10
c LOG 0 watch 51 blit -2 in irredundant size 3 clause[254] 51 -2 10
c LOG 0 watch -2 blit 51 in irredundant size 3 clause[254] 51 -2 10
c LOG 0 API call 'add (0)' succeeded
c ----------------------------------------------------------------------------
c LOG 0 API call 'add (36)' started
c LOG 0 adding external 36 as internal 36
c LOG 0 API enters state ADDING
c LOG 0 API call 'add (36)' succeeded
c ----------------------------------------------------------------------------
c LOG 0 API call 'add (-28)' started
c LOG 0 API enters state STEADY
c LOG 0 adding external -28 as internal -28
c LOG 0 API enters state ADDING
c LOG 0 API call 'add (-28)' succeeded
c ----------------------------------------------------------------------------
c LOG 0 API call 'add (-24)' started
c LOG 0 API enters state STEADY
c LOG 0 adding external -24 as internal -24
c LOG 0 API enters state ADDING
c LOG 0 API call 'add (-24)' succeeded
c ----------------------------------------------------------------------------
c LOG 0 API call 'add (10)' started
c LOG 0 API enters state STEADY
c LOG 0 adding external 10 as internal 10
c LOG 0 API enters state ADDING
c LOG 0 API call 'add (10)' succeeded
c ----------------------------------------------------------------------------
c LOG 0 API call 'add (59)' started
c LOG 0 API enters state STEADY
c LOG 0 adding external 59 as internal 52
c LOG 0 API enters state ADDING
c LOG 0 API call 'add (59)' succeeded
c ----------------------------------------------------------------------------
c LOG 0 API call 'add (-37)' started
c LOG 0 API enters state STEADY
c LOG 0 adding external -37 as internal -37
c LOG 0 API enters state ADDING
c LOG 0 API call 'add (-37)' succeeded
c ----------------------------------------------------------------------------
c LOG 0 API call 'add (-9)' started
c LOG 0 API enters state STEADY
c LOG 0 adding external -9 as internal -9
c LOG 0 API enters state ADDING
c LOG 0 API call 'add (-9)' succeeded
c ----------------------------------------------------------------------------
c LOG 0 API call 'add (-32)' started
c LOG 0 API enters state STEADY
c LOG 0 adding external -32 as internal -32
c LOG 0 API enters state ADDING
c LOG 0 API call 'add (-32)' succeeded
c ----------------------------------------------------------------------------
c LOG 0 API call 'add (-60)' started
c LOG 0 API enters state STEADY
c LOG 0 adding external -60 as internal -58
c LOG 0 API enters state ADDING
c LOG 0 API call 'add (-60)' succeeded
c ----------------------------------------------------------------------------
c LOG 0 API call 'add (-5)' started
c LOG 0 API enters state STEADY
c LOG 0 adding external -5 as internal -5
c LOG 0 API enters state ADDING
c LOG 0 API call 'add (-5)' succeeded
c ----------------------------------------------------------------------------
c LOG 0 API call 'add (-44)' started
c LOG 0 API enters state STEADY
c LOG 0 adding external -44 as internal -44
c LOG 0 API enters state ADDING
c LOG 0 API call 'add (-44)' succeeded
c ----------------------------------------------------------------------------
c LOG 0 API call 'add (22)' started
c LOG 0 API enters state STEADY
c LOG 0 adding external 22 as internal 22
c LOG 0 API enters state ADDING
c LOG 0 API call 'add (22)' succeeded
c ----------------------------------------------------------------------------
c LOG 0 API call 'add (15)' started
c LOG 0 API enters state STEADY
c LOG 0 adding external 15 as internal 15
c LOG 0 API enters state ADDING
c LOG 0 API call 'add (15)' succeeded
c ----------------------------------------------------------------------------
c LOG 0 API call 'add (-57)' started
c LOG 0 API enters state STEADY
c LOG 0 adding external -57 as internal -60
c LOG 0 API enters state ADDING
c LOG 0 API call 'add (-57)' succeeded
c ----------------------------------------------------------------------------
c LOG 0 API call 'add (-40)' started
c LOG 0 API enters state STEADY
c LOG 0 adding external -40 as internal -40
c LOG 0 API enters state ADDING
c LOG 0 API call 'add (-40)' succeeded
c ----------------------------------------------------------------------------
c LOG 0 API call 'add (47)' started
c LOG 0 API enters state STEADY
c LOG 0 adding external 47 as internal 47
c LOG 0 API enters state ADDING
c LOG 0 API call 'add (47)' succeeded
c ----------------------------------------------------------------------------
c LOG 0 API call 'add (18)' started
c LOG 0 API enters state STEADY
c LOG 0 adding external 18 as internal 18
c LOG 0 API enters state ADDING
c LOG 0 API call 'add (18)' succeeded
c ----------------------------------------------------------------------------
c LOG 0 API call 'add (-52)' started
c LOG 0 API enters state STEADY
c LOG 0 adding external -52 as internal -53
c LOG 0 API enters state ADDING
c LOG 0 API call 'add (-52)' succeeded
c ----------------------------------------------------------------------------
c LOG 0 API call 'add (41)' started
c LOG 0 API enters state STEADY
c LOG 0 adding external 41 as internal 41
c LOG 0 API enters state ADDING
c LOG 0 API call 'add (41)' succeeded
c ----------------------------------------------------------------------------
c LOG 0 API call 'add (0)' started
c LOG 0 API enters state STEADY
c LOG 0 PROOF adding original external clause 36 -28 -24 10 59 -37 -9 -32 -60 -5 -44 22 15 -57 -40 47 18 -52 41
c LOG 0 CHECKER addition of original clause 36 -28 -24 10 59 -37 -9 -32 -60 -5 -44 22 15 -57 -40 47 18 -52 41
c LOG 0 original clause 36 -28 -24 10 52 -37 -9 -32 -58 -5 -44 22 15 -60 -40 47 18 -53 41
c LOG 0 new pointer 0x6000032000e0 irredundant size 19 clause[256] 36 -28 -24 10 52 -37 -9 -32 -58 -5 -44 22 15 -60 -40 47 18 -53 41
c LOG 0 marking added irredundant size 19 clause[256] 36 -28 -24 10 52 -37 -9 -32 -58 -5 -44 22 15 -60 -40 47 18 -53 41
c LOG 0 marking -60 as factor literal candidate
c LOG 0 watch 36 blit -28 in irredundant size 19 clause[255] 36 -28 -24 10 52 -37 -9 -32 -58 -5 -44 22 15 -60 -40 47 18 -53 41
c LOG 0 watch -28 blit 36 in irredundant size 19 clause[255] 36 -28 -24 10 52 -37 -9 -32 -58 -5 -44 22 15 -60 -40 47 18 -53 41
c LOG 0 API call 'add (0)' succeeded
c ----------------------------------------------------------------------------
c LOG 0 API call 'add (51)' started
c LOG 0 adding external 51 as internal 51
c LOG 0 API enters state ADDING
c LOG 0 API call 'add (51)' succeeded
c ----------------------------------------------------------------------------
c LOG 0 API call 'add (-18)' started
c LOG 0 API enters state STEADY
c LOG 0 adding external -18 as internal -18
c LOG 0 API enters state ADDING
c LOG 0 API call 'add (-18)' succeeded
c ----------------------------------------------------------------------------
c LOG 0 API call 'add (-53)' started
c LOG 0 API enters state STEADY
c LOG 0 adding external -53 as internal -57
c LOG 0 API enters state ADDING
c LOG 0 API call 'add (-53)' succeeded
c ----------------------------------------------------------------------------
c LOG 0 API call 'add (0)' started
c LOG 0 API enters state STEADY
c LOG 0 PROOF adding original external clause 51 -18 -53
c LOG 0 CHECKER addition of original clause 51 -18 -53
c LOG 0 original clause 51 -18 -57
c LOG 0 new pointer 0x600001719bf0 irredundant size 3 clause[257] 51 -18 -57
c LOG 0 marking added irredundant size 3 clause[257] 51 -18 -57
c LOG 0 watch 51 blit -18 in irredundant size 3 clause[256] 51 -18 -57
c LOG 0 watch -18 blit 51 in irredundant size 3 clause[256] 51 -18 -57
c LOG 0 API call 'add (0)' succeeded
c ----------------------------------------------------------------------------
c LOG 0 API call 'add (57)' started
c LOG 0 adding external 57 as internal 60
c LOG 0 API enters state ADDING
c LOG 0 API call 'add (57)' succeeded
c ----------------------------------------------------------------------------
c LOG 0 API call 'add (45)' started
c LOG 0 API enters state STEADY
c LOG 0 adding external 45 as internal 45
c LOG 0 API enters state ADDING
c LOG 0 API call 'add (45)' succeeded
c ----------------------------------------------------------------------------
c LOG 0 API call 'add (-23)' started
c LOG 0 API enters state STEADY
c LOG 0 adding external -23 as internal -23
c LOG 0 API enters state ADDING
c LOG 0 API call 'add (-23)' succeeded
c ----------------------------------------------------------------------------
c LOG 0 API call 'add (0)' started
c LOG 0 API enters state STEADY
c LOG 0 PROOF adding original external clause 57 45 -23
c LOG 0 CHECKER addition of original clause 57 45 -23
c LOG 0 original clause 60 45 -23
c LOG 0 new pointer 0x600001721470 irredundant size 3 clause[258] 60 45 -23
c LOG 0 marking added irredundant size 3 clause[258] 60 45 -23
c LOG 0 watch 60 blit 45 in irredundant size 3 clause[257] 60 45 -23
c LOG 0 watch 45 blit 60 in irredundant size 3 clause[257] 60 45 -23
c LOG 0 API call 'add (0)' succeeded
c ----------------------------------------------------------------------------
c LOG 0 API call 'add (-57)' started
c LOG 0 adding external -57 as internal -60
c LOG 0 API enters state ADDING
c LOG 0 API call 'add (-57)' succeeded
c ----------------------------------------------------------------------------
c LOG 0 API call 'add (18)' started
c LOG 0 API enters state STEADY
c LOG 0 adding external 18 as internal 18
c LOG 0 API enters state ADDING
c LOG 0 API call 'add (18)' succeeded
c ----------------------------------------------------------------------------
c LOG 0 API call 'add (40)' started
c LOG 0 API enters state STEADY
c LOG 0 adding external 40 as internal 40
c LOG 0 API enters state ADDING
c LOG 0 API call 'add (40)' succeeded
c ----------------------------------------------------------------------------
c LOG 0 API call 'add (0)' started
c LOG 0 API enters state STEADY
c LOG 0 PROOF adding original external clause -57 18 40
c LOG 0 CHECKER addition of original clause -57 18 40
c LOG 0 CHECKER enlarging clauses of checker from 256 to 512
c LOG 0 original clause -60 18 40
c LOG 0 new pointer 0x6000017214d0 irredundant size 3 clause[259] -60 18 40
c LOG 0 marking added irredundant size 3 clause[259] -60 18 40
c LOG 0 watch -60 blit 18 in irredundant size 3 clause[258] -60 18 40
c LOG 0 watch 18 blit -60 in irredundant size 3 clause[258] -60 18 40
c LOG 0 API call 'add (0)' succeeded
c ----------------------------------------------------------------------------
c LOG 0 API call 'add (58)' started
c LOG 0 adding external 58 as internal 59
c LOG 0 API enters state ADDING
c LOG 0 API call 'add (58)' succeeded
c ----------------------------------------------------------------------------
c LOG 0 API call 'add (5)' started
c LOG 0 API enters state STEADY
c LOG 0 adding external 5 as internal 5
c LOG 0 API enters state ADDING
c LOG 0 API call 'add (5)' succeeded
c ----------------------------------------------------------------------------
c LOG 0 API call 'add (50)' started
c LOG 0 API enters state STEADY
c LOG 0 adding external 50 as internal 50
c LOG 0 API enters state ADDING
c LOG 0 API call 'add (50)' succeeded
c ----------------------------------------------------------------------------
c LOG 0 API call 'add (0)' started
c LOG 0 API enters state STEADY
c LOG 0 PROOF adding original external clause 58 5 50
c LOG 0 CHECKER addition of original clause 58 5 50
c LOG 0 original clause 59 5 50
c LOG 0 new pointer 0x600001721530 irredundant size 3 clause[260] 59 5 50
c LOG 0 marking added irredundant size 3 clause[260] 59 5 50
c LOG 0 watch 59 blit 5 in irredundant size 3 clause[259] 59 5 50
c LOG 0 watch 5 blit 59 in irredundant size 3 clause[259] 59 5 50
c LOG 0 API call 'add (0)' succeeded
c ----------------------------------------------------------------------------
c LOG 0 API call 'add (2)' started
c LOG 0 adding external 2 as internal 2
c LOG 0 API enters state ADDING
c LOG 0 API call 'add (2)' succeeded
c ----------------------------------------------------------------------------
c LOG 0 API call 'add (-18)' started
c LOG 0 API enters state STEADY
c LOG 0 adding external -18 as internal -18
c LOG 0 API enters state ADDING
c LOG 0 API call 'add (-18)' succeeded
c ----------------------------------------------------------------------------
c LOG 0 API call 'add (40)' started
c LOG 0 API enters state STEADY
c LOG 0 adding external 40 as internal 40
c LOG 0 API enters state ADDING
c LOG 0 API call 'add (40)' succeeded
c ----------------------------------------------------------------------------
c LOG 0 API call 'add (0)' started
c LOG 0 API enters state STEADY
c LOG 0 PROOF adding original external clause 2 -18 40
c LOG 0 CHECKER addition of original clause 2 -18 40
c LOG 0 original clause 2 -18 40
c LOG 0 new pointer 0x600001719c50 irredundant size 3 clause[261] 2 -18 40
c LOG 0 marking added irredundant size 3 clause[261] 2 -18 40
c LOG 0 watch 2 blit -18 in irredundant size 3 clause[260] 2 -18 40
c LOG 0 watch -18 blit 2 in irredundant size 3 clause[260] 2 -18 40
c LOG 0 API call 'add (0)' succeeded
c ----------------------------------------------------------------------------
c LOG 0 API call 'vars ()' started
c LOG 0 API call 'vars ()' returns '78'
c ----------------------------------------------------------------------------
c LOG 0 API call 'declare_var ()' started
c LOG 0 79 external variables from 78
c LOG 0 initialized 1 external variables
c LOG 0 new mapping external 79 to internal 61
c LOG 0 declaring 61
c LOG 0 declaring new 61 (max_var: 61, unused: 0, active: 51)
c LOG 0 API call 'declare_var ()' succeeded
c ----------------------------------------------------------------------------
c LOG 0 API call 'add (-47)' started
c LOG 0 adding external -47 as internal -47
c LOG 0 API enters state ADDING
c LOG 0 API call 'add (-47)' succeeded
c ----------------------------------------------------------------------------
c LOG 0 API call 'add (-60)' started
c LOG 0 API enters state STEADY
c LOG 0 adding external -60 as internal -58
c LOG 0 API enters state ADDING
c LOG 0 API call 'add (-60)' succeeded
c ----------------------------------------------------------------------------
c LOG 0 API call 'add (13)' started
c LOG 0 API enters state STEADY
c LOG 0 adding external 13 as internal 13
c LOG 0 API enters state ADDING
c LOG 0 API call 'add (13)' succeeded
c ----------------------------------------------------------------------------
c LOG 0 API call 'add (0)' started
c LOG 0 API enters state STEADY
c LOG 0 PROOF adding original external clause -47 -60 13
c LOG 0 CHECKER addition of original clause -47 -60 13
c LOG 0 original clause -47 -58 13
c LOG 0 new pointer 0x600001719cb0 irredundant size 3 clause[262] -47 -58 13
c LOG 0 marking added irredundant size 3 clause[262] -47 -58 13
c LOG 0 watch -47 blit -58 in irredundant size 3 clause[261] -47 -58 13
c LOG 0 watch -58 blit -47 in irredundant size 3 clause[261] -47 -58 13
c LOG 0 API call 'add (0)' succeeded
c ----------------------------------------------------------------------------
c LOG 0 API call 'add (-23)' started
c LOG 0 adding external -23 as internal -23
c LOG 0 API enters state ADDING
c LOG 0 API call 'add (-23)' succeeded
c ----------------------------------------------------------------------------
c LOG 0 API call 'add (-26)' started
c LOG 0 API enters state STEADY
c LOG 0 adding external -26 as internal -26
c LOG 0 API enters state ADDING
c LOG 0 API call 'add (-26)' succeeded
c ----------------------------------------------------------------------------
c LOG 0 API call 'add (-44)' started
c LOG 0 API enters state STEADY
c LOG 0 adding external -44 as internal -44
c LOG 0 API enters state ADDING
c LOG 0 API call 'add (-44)' succeeded
c ----------------------------------------------------------------------------
c LOG 0 API call 'add (0)' started
c LOG 0 API enters state STEADY
c LOG 0 PROOF adding original external clause -23 -26 -44
c LOG 0 CHECKER addition of original clause -23 -26 -44
c LOG 0 original clause -23 -26 -44
c LOG 0 new pointer 0x600001725bc0 irredundant size 3 clause[263] -23 -26 -44
c LOG 0 marking added irredundant size 3 clause[263] -23 -26 -44
c LOG 0 watch -23 blit -26 in irredundant size 3 clause[262] -23 -26 -44
c LOG 0 watch -26 blit -23 in irredundant size 3 clause[262] -23 -26 -44
c LOG 0 API call 'add (0)' succeeded
c ----------------------------------------------------------------------------
c LOG 0 API call 'vars ()' started
c LOG 0 API call 'vars ()' returns '79'
c ----------------------------------------------------------------------------
c LOG 0 API call 'add (-9)' started
c LOG 0 adding external -9 as internal -9
c LOG 0 API enters state ADDING
c LOG 0 API call 'add (-9)' succeeded
c ----------------------------------------------------------------------------
c LOG 0 API call 'add (-51)' started
c LOG 0 API enters state STEADY
c LOG 0 adding external -51 as internal -51
c LOG 0 API enters state ADDING
c LOG 0 API call 'add (-51)' succeeded
c ----------------------------------------------------------------------------
c LOG 0 API call 'add (35)' started
c LOG 0 API enters state STEADY
c LOG 0 adding external 35 as internal 35
c LOG 0 API enters state ADDING
c LOG 0 API call 'add (35)' succeeded
c ----------------------------------------------------------------------------
c LOG 0 API call 'add (23)' started
c LOG 0 API enters state STEADY
c LOG 0 adding external 23 as internal 23
c LOG 0 API enters state ADDING
c LOG 0 API call 'add (23)' succeeded
c ----------------------------------------------------------------------------
c LOG 0 API call 'add (-30)' started
c LOG 0 API enters state STEADY
c LOG 0 adding external -30 as internal -30
c LOG 0 API enters state ADDING
c LOG 0 API call 'add (-30)' succeeded
c ----------------------------------------------------------------------------
c LOG 0 API call 'add (44)' started
c LOG 0 API enters state STEADY
c LOG 0 adding external 44 as internal 44
c LOG 0 API enters state ADDING
c LOG 0 API call 'add (44)' succeeded
c ----------------------------------------------------------------------------
c LOG 0 API call 'add (-54)' started
c LOG 0 API enters state STEADY
c LOG 0 new mapping external 54 to internal 62
c LOG 0 declaring 62
c LOG 0 declaring new 62 (max_var: 62, unused: 0, active: 51)
c LOG 0 adding external -54 as internal -62
c LOG 0 API enters state ADDING
c LOG 0 API call 'add (-54)' succeeded
c ----------------------------------------------------------------------------
c LOG 0 API call 'add (-58)' started
c LOG 0 API enters state STEADY
c LOG 0 adding external -58 as internal -59
c LOG 0 API enters state ADDING
c LOG 0 API call 'add (-58)' succeeded
c ----------------------------------------------------------------------------
c LOG 0 API call 'add (56)' started
c LOG 0 API enters state STEADY
c LOG 0 adding external 56 as internal 56
c LOG 0 API enters state ADDING
c LOG 0 API call 'add (56)' succeeded
c ----------------------------------------------------------------------------
c LOG 0 API call 'add (-26)' started
c LOG 0 API enters state STEADY
c LOG 0 adding external -26 as internal -26
c LOG 0 API enters state ADDING
c LOG 0 API call 'add (-26)' succeeded
c ----------------------------------------------------------------------------
c LOG 0 API call 'add (-59)' started
c LOG 0 API enters state STEADY
c LOG 0 adding external -59 as internal -52
c LOG 0 API enters state ADDING
c LOG 0 API call 'add (-59)' succeeded
c ----------------------------------------------------------------------------
c LOG 0 API call 'add (27)' started
c LOG 0 API enters state STEADY
c LOG 0 adding external 27 as internal 27
c LOG 0 API enters state ADDING
c LOG 0 API call 'add (27)' succeeded
c ----------------------------------------------------------------------------
c LOG 0 API call 'add (-1)' started
c LOG 0 API enters state STEADY
c LOG 0 adding external -1 as internal -1
c LOG 0 API enters state ADDING
c LOG 0 API call 'add (-1)' succeeded
c ----------------------------------------------------------------------------
c LOG 0 API call 'add (10)' started
c LOG 0 API enters state STEADY
c LOG 0 adding external 10 as internal 10
c LOG 0 API enters state ADDING
c LOG 0 API call 'add (10)' succeeded
c ----------------------------------------------------------------------------
c LOG 0 API call 'add (0)' started
c LOG 0 API enters state STEADY
c LOG 0 PROOF adding original external clause -9 -51 35 23 -30 44 -54 -58 56 -26 -59 27 -1 10
c LOG 0 CHECKER addition of original clause -9 -51 35 23 -30 44 -54 -58 56 -26 -59 27 -1 10
c LOG 0 original clause -9 -51 35 23 -30 44 -62 -59 56 -26 -52 27 -1 10
c LOG 0 new pointer 0x600003a000f0 irredundant size 14 clause[264] -9 -51 35 23 -30 44 -62 -59 56 -26 -52 27 -1 10
c LOG 0 marking added irredundant size 14 clause[264] -9 -51 35 23 -30 44 -62 -59 56 -26 -52 27 -1 10
c LOG 0 marking -62 as factor literal candidate
c LOG 0 watch -9 blit -51 in irredundant size 14 clause[263] -9 -51 35 23 -30 44 -62 -59 56 -26 -52 27 -1 10
c LOG 0 watch -51 blit -9 in irredundant size 14 clause[263] -9 -51 35 23 -30 44 -62 -59 56 -26 -52 27 -1 10
c LOG 0 API call 'add (0)' succeeded
c ----------------------------------------------------------------------------
c LOG 0 API call 'add (1)' started
c LOG 0 adding external 1 as internal 1
c LOG 0 API enters state ADDING
c LOG 0 API call 'add (1)' succeeded
c ----------------------------------------------------------------------------
c LOG 0 API call 'add (-34)' started
c LOG 0 API enters state STEADY
c LOG 0 adding external -34 as internal -34
c LOG 0 API enters state ADDING
c LOG 0 API call 'add (-34)' succeeded
c ----------------------------------------------------------------------------
c LOG 0 API call 'add (51)' started
c LOG 0 API enters state STEADY
c LOG 0 adding external 51 as internal 51
c LOG 0 API enters state ADDING
c LOG 0 API call 'add (51)' succeeded
c ----------------------------------------------------------------------------
c LOG 0 API call 'add (0)' started
c LOG 0 API enters state STEADY
c LOG 0 PROOF adding original external clause 1 -34 51
c LOG 0 CHECKER addition of original clause 1 -34 51
c LOG 0 original clause 1 -34 51
c LOG 0 new pointer 0x600001719ce0 irredundant size 3 clause[265] 1 -34 51
c LOG 0 marking added irredundant size 3 clause[265] 1 -34 51
c LOG 0 watch 1 blit -34 in irredundant size 3 clause[264] 1 -34 51
c LOG 0 watch -34 blit 1 in irredundant size 3 clause[264] 1 -34 51
c LOG 0 API call 'add (0)' succeeded
c ----------------------------------------------------------------------------
c LOG 0 API call 'add (-57)' started
c LOG 0 adding external -57 as internal -60
c LOG 0 API enters state ADDING
c LOG 0 API call 'add (-57)' succeeded
c ----------------------------------------------------------------------------
c LOG 0 API call 'add (-44)' started
c LOG 0 API enters state STEADY
c LOG 0 adding external -44 as internal -44
c LOG 0 API enters state ADDING
c LOG 0 API call 'add (-44)' succeeded
c ----------------------------------------------------------------------------
c LOG 0 API call 'add (-51)' started
c LOG 0 API enters state STEADY
c LOG 0 adding external -51 as internal -51
c LOG 0 API enters state ADDING
c LOG 0 API call 'add (-51)' succeeded
c ----------------------------------------------------------------------------
c LOG 0 API call 'add (0)' started
c LOG 0 API enters state STEADY
c LOG 0 PROOF adding original external clause -57 -44 -51
c LOG 0 CHECKER addition of original clause -57 -44 -51
c LOG 0 original clause -60 -44 -51
c LOG 0 new pointer 0x600001719d40 irredundant size 3 clause[266] -60 -44 -51
c LOG 0 marking added irredundant size 3 clause[266] -60 -44 -51
c LOG 0 watch -60 blit -44 in irredundant size 3 clause[265] -60 -44 -51
c LOG 0 watch -44 blit -60 in irredundant size 3 clause[265] -60 -44 -51
c LOG 0 API call 'add (0)' succeeded
c ----------------------------------------------------------------------------
c LOG 0 API call 'add (-8)' started
c LOG 0 adding external -8 as internal -8
c LOG 0 API enters state ADDING
c LOG 0 API call 'add (-8)' succeeded
c ----------------------------------------------------------------------------
c LOG 0 API call 'add (-54)' started
c LOG 0 API enters state STEADY
c LOG 0 adding external -54 as internal -62
c LOG 0 API enters state ADDING
c LOG 0 API call 'add (-54)' succeeded
c ----------------------------------------------------------------------------
c LOG 0 API call 'add (-35)' started
c LOG 0 API enters state STEADY
c LOG 0 adding external -35 as internal -35
c LOG 0 API enters state ADDING
c LOG 0 API call 'add (-35)' succeeded
c ----------------------------------------------------------------------------
c LOG 0 API call 'add (0)' started
c LOG 0 API enters state STEADY
c LOG 0 PROOF adding original external clause -8 -54 -35
c LOG 0 CHECKER addition of original clause -8 -54 -35
c LOG 0 original clause -8 -62 -35
c LOG 0 new pointer 0x600001721590 irredundant size 3 clause[267] -8 -62 -35
c LOG 0 marking added irredundant size 3 clause[267] -8 -62 -35
c LOG 0 watch -8 blit -62 in irredundant size 3 clause[266] -8 -62 -35
c LOG 0 watch -62 blit -8 in irredundant size 3 clause[266] -8 -62 -35
c LOG 0 API call 'add (0)' succeeded
c ----------------------------------------------------------------------------
c LOG 0 API call 'add (13)' started
c LOG 0 adding external 13 as internal 13
c LOG 0 API enters state ADDING
c LOG 0 API call 'add (13)' succeeded
c ----------------------------------------------------------------------------
c LOG 0 API call 'add (18)' started
c LOG 0 API enters state STEADY
c LOG 0 adding external 18 as internal 18
c LOG 0 API enters state ADDING
c LOG 0 API call 'add (18)' succeeded
c ----------------------------------------------------------------------------
c LOG 0 API call 'add (-14)' started
c LOG 0 API enters state STEADY
c LOG 0 adding external -14 as internal -14
c LOG 0 API enters state ADDING
c LOG 0 API call 'add (-14)' succeeded
c ----------------------------------------------------------------------------
c LOG 0 API call 'add (0)' started
c LOG 0 API enters state STEADY
c LOG 0 PROOF adding original external clause 13 18 -14
c LOG 0 CHECKER addition of original clause 13 18 -14
c LOG 0 original clause 13 18 -14
c LOG 0 new pointer 0x6000017215f0 irredundant size 3 clause[268] 13 18 -14
c LOG 0 marking added irredundant size 3 clause[268] 13 18 -14
c LOG 0 watch 13 blit 18 in irredundant size 3 clause[267] 13 18 -14
c LOG 0 watch 18 blit 13 in irredundant size 3 clause[267] 13 18 -14
c LOG 0 API call 'add (0)' succeeded
c ----------------------------------------------------------------------------
c LOG 0 API call 'add (-37)' started
c LOG 0 adding external -37 as internal -37
c LOG 0 API enters state ADDING
c LOG 0 API call 'add (-37)' succeeded
c ----------------------------------------------------------------------------
c LOG 0 API call 'add (10)' started
c LOG 0 API enters state STEADY
c LOG 0 adding external 10 as internal 10
c LOG 0 API enters state ADDING
c LOG 0 API call 'add (10)' succeeded
c ----------------------------------------------------------------------------
c LOG 0 API call 'add (55)' started
c LOG 0 API enters state STEADY
c LOG 0 adding external 55 as internal 54
c LOG 0 API enters state ADDING
c LOG 0 API call 'add (55)' succeeded
c ----------------------------------------------------------------------------
c LOG 0 API call 'add (0)' started
c LOG 0 API enters state STEADY
c LOG 0 PROOF adding original external clause -37 10 55
c LOG 0 CHECKER addition of original clause -37 10 55
c LOG 0 original clause -37 10 54
c LOG 0 new pointer 0x600001719da0 irredundant size 3 clause[269] -37 10 54
c LOG 0 marking added irredundant size 3 clause[269] -37 10 54
c LOG 0 watch -37 blit 10 in irredundant size 3 clause[268] -37 10 54
c LOG 0 watch 10 blit -37 in irredundant size 3 clause[268] -37 10 54
c LOG 0 API call 'add (0)' succeeded
c ----------------------------------------------------------------------------
c LOG 0 API call 'add (13)' started
c LOG 0 adding external 13 as internal 13
c LOG 0 API enters state ADDING
c LOG 0 API call 'add (13)' succeeded
c ----------------------------------------------------------------------------
c LOG 0 API call 'add (2)' started
c LOG 0 API enters state STEADY
c LOG 0 adding external 2 as internal 2
c LOG 0 API enters state ADDING
c LOG 0 API call 'add (2)' succeeded
c ----------------------------------------------------------------------------
c LOG 0 API call 'add (59)' started
c LOG 0 API enters state STEADY
c LOG 0 adding external 59 as internal 52
c LOG 0 API enters state ADDING
c LOG 0 API call 'add (59)' succeeded
c ----------------------------------------------------------------------------
c LOG 0 API call 'add (0)' started
c LOG 0 API enters state STEADY
c LOG 0 PROOF adding original external clause 13 2 59
c LOG 0 CHECKER addition of original clause 13 2 59
c LOG 0 original clause 13 2 52
c LOG 0 new pointer 0x600001719e00 irredundant size 3 clause[270] 13 2 52
c LOG 0 marking added irredundant size 3 clause[270] 13 2 52
c LOG 0 watch 13 blit 2 in irredundant size 3 clause[269] 13 2 52
c LOG 0 watch 2 blit 13 in irredundant size 3 clause[269] 13 2 52
c LOG 0 API call 'add (0)' succeeded
c ----------------------------------------------------------------------------
c LOG 0 API call 'add (54)' started
c LOG 0 adding external 54 as internal 62
c LOG 0 API enters state ADDING
c LOG 0 API call 'add (54)' succeeded
c ----------------------------------------------------------------------------
c LOG 0 API call 'add (37)' started
c LOG 0 API enters state STEADY
c LOG 0 adding external 37 as internal 37
c LOG 0 API enters state ADDING
c LOG 0 API call 'add (37)' succeeded
c ----------------------------------------------------------------------------
c LOG 0 API call 'add (-45)' started
c LOG 0 API enters state STEADY
c LOG 0 adding external -45 as internal -45
c LOG 0 API enters state ADDING
c LOG 0 API call 'add (-45)' succeeded
c ----------------------------------------------------------------------------
c LOG 0 API call 'add (36)' started
c LOG 0 API enters state STEADY
c LOG 0 adding external 36 as internal 36
c LOG 0 API enters state ADDING
c LOG 0 API call 'add (36)' succeeded
c ----------------------------------------------------------------------------
c LOG 0 API call 'add (0)' started
c LOG 0 API enters state STEADY
c LOG 0 PROOF adding original external clause 54 37 -45 36
c LOG 0 CHECKER addition of original clause 54 37 -45 36
c LOG 0 original clause 62 37 -45 36
c LOG 0 new pointer 0x600001719e60 irredundant size 4 clause[271] 62 37 -45 36
c LOG 0 marking added irredundant size 4 clause[271] 62 37 -45 36
c LOG 0 marking 62 as factor literal candidate
c LOG 0 watch 62 blit 37 in irredundant size 4 clause[270] 62 37 -45 36
c LOG 0 watch 37 blit 62 in irredundant size 4 clause[270] 62 37 -45 36
c LOG 0 API call 'add (0)' succeeded
c ----------------------------------------------------------------------------
c LOG 0 API call 'add (-37)' started
c LOG 0 adding external -37 as internal -37
c LOG 0 API enters state ADDING
c LOG 0 API call 'add (-37)' succeeded
c ----------------------------------------------------------------------------
c LOG 0 API call 'add (-18)' started
c LOG 0 API enters state STEADY
c LOG 0 adding external -18 as internal -18
c LOG 0 API enters state ADDING
c LOG 0 API call 'add (-18)' succeeded
c ----------------------------------------------------------------------------
c LOG 0 API call 'add (30)' started
c LOG 0 API enters state STEADY
c LOG 0 adding external 30 as internal 30
c LOG 0 API enters state ADDING
c LOG 0 API call 'add (30)' succeeded
c ----------------------------------------------------------------------------
c LOG 0 API call 'add (0)' started
c LOG 0 API enters state STEADY
c LOG 0 PROOF adding original external clause -37 -18 30
c LOG 0 CHECKER addition of original clause -37 -18 30
c LOG 0 original clause -37 -18 30
c LOG 0 new pointer 0x600001719ec0 irredundant size 3 clause[272] -37 -18 30
c LOG 0 marking added irredundant size 3 clause[272] -37 -18 30
c LOG 0 watch -37 blit -18 in irredundant size 3 clause[271] -37 -18 30
c LOG 0 watch -18 blit -37 in irredundant size 3 clause[271] -37 -18 30
c LOG 0 API call 'add (0)' succeeded
c ----------------------------------------------------------------------------
c LOG 0 API call 'propagate_assumptions ()' started
c LOG 0 activating all new variables 52 53 54 55 56 57 58 59 60 61 62
c LOG 0 enlarge internal size from 128 to new size 128
c LOG 0 activate 52 previously declared
c LOG 0 enqueueing 52 at the beginning
c LOG 0 enqueueing 52 at the beginning, next: 51, last: 4
c LOG 0 queue unassigned now 4 bumped 17
c LOG 0 pushing 52 to the scores
c LOG 0 activate 53 previously declared
c LOG 0 enqueueing 53 at the beginning
c LOG 0 enqueueing 53 at the beginning, next: 52, last: 4
c LOG 0 queue unassigned now 4 bumped 17
c LOG 0 pushing 53 to the scores
c LOG 0 activate 54 previously declared
c LOG 0 enqueueing 54 at the beginning
c LOG 0 enqueueing 54 at the beginning, next: 53, last: 4
c LOG 0 queue unassigned now 4 bumped 17
c LOG 0 pushing 54 to the scores
c LOG 0 activate 55 previously declared
c LOG 0 enqueueing 55 at the beginning
c LOG 0 enqueueing 55 at the beginning, next: 54, last: 4
c LOG 0 queue unassigned now 4 bumped 17
c LOG 0 pushing 55 to the scores
c LOG 0 activate 56 previously declared
c LOG 0 enqueueing 56 at the beginning
c LOG 0 enqueueing 56 at the beginning, next: 55, last: 4
c LOG 0 queue unassigned now 4 bumped 17
c LOG 0 pushing 56 to the scores
c LOG 0 activate 57 previously declared
c LOG 0 enqueueing 57 at the beginning
c LOG 0 enqueueing 57 at the beginning, next: 56, last: 4
c LOG 0 queue unassigned now 4 bumped 17
c LOG 0 pushing 57 to the scores
c LOG 0 activate 58 previously declared
c LOG 0 enqueueing 58 at the beginning
c LOG 0 enqueueing 58 at the beginning, next: 57, last: 4
c LOG 0 queue unassigned now 4 bumped 17
c LOG 0 pushing 58 to the scores
c LOG 0 activate 59 previously declared
c LOG 0 enqueueing 59 at the beginning
c LOG 0 enqueueing 59 at the beginning, next: 58, last: 4
c LOG 0 queue unassigned now 4 bumped 17
c LOG 0 pushing 59 to the scores
c LOG 0 activate 60 previously declared
c LOG 0 enqueueing 60 at the beginning
c LOG 0 enqueueing 60 at the beginning, next: 59, last: 4
c LOG 0 queue unassigned now 4 bumped 17
c LOG 0 pushing 60 to the scores
c LOG 0 activate 61 previously declared
c LOG 0 enqueueing 61 at the beginning
c LOG 0 enqueueing 61 at the beginning, next: 60, last: 4
c LOG 0 queue unassigned now 4 bumped 17
c LOG 0 pushing 61 to the scores
c LOG 0 activate 62 previously declared
c LOG 0 enqueueing 62 at the beginning
c LOG 0 enqueueing 62 at the beginning, next: 61, last: 4
c LOG 0 queue unassigned now 4 bumped 17
c LOG 0 pushing 62 to the scores
c LOG 0 PROOF solve query
c LOG 0 reinitializing search limits incrementally
c LOG 0 keeping reduce limit 1 after 1 conflicts
c LOG 0 keeping flush limit 100000 interval 100000
c LOG 0 new rephase limit 1000 after 1000 conflicts
c LOG 0 new restart limit 2 increment 2
c LOG 0 keeping non-stable phase
c LOG 0 new ticks-based stabilize limit 1 after 1 conflicts
c LOG 0 new restart reluctant doubling sequence period 1
c LOG 0 no limit on conflicts
c LOG 0 no limit on decisions
c LOG 0 no limit on ticks
c LOG 0 no local search
c LOG 0 keeping randomize decision limit 2 after 2 conflicts
c LOG 0 starting propagate
c LOG 0 no tainted literals and nothing to restore
c time measured in process time since initialization
c 
c  seconds  reduction conflicts       size tier2     variables
c         MB    restarts   redundant    glue  trail      remaining
c          level     rate       size/glu tier1 irredundant
c 
c *  0.58  0  8 0   0  0    0    1 1.2 6 5 2 6 56%  269  62 54%
c LOG 0 starting propagate
c LOG 0 checking satisfied
CADICAL CHECKING FOR ASYNC TERMINATE.
c LOG 0 checking satisfied
c LOG 0 finalizing
c LOG 0 PROOF reporting status 0
c LOG 0 PROOF conclude unknown
c ?  0.58  0  8 0   0  0    0    1 1.2 6 5 2 6 56%  269  62 54%
c LOG 0 reset limits
c LOG 0 keeping unbounded terminate limit
c LOG 0 keeping unbounded conflict limit
c LOG 0 keeping unbounded decision limit
c LOG 0 reset preprocessing limit to no preprocessing
c LOG 0 reset local search limit to no local search
c LOG 0 keeping unbounded ticks limit
c LOG 0 API call 'propagate_assumptions ()' returns '0'
c LOG 0 API enters state INCONCLUSIVE
c ----------------------------------------------------------------------------
c LOG 0 API call 'implied ()' started
c LOG 0 API call 'implied ()' returns '0'
c ----------------------------------------------------------------------------
c LOG 0 API call 'add (-44)' started
c LOG 0 cleared 0 assumptions
c LOG 0 PROOF reset assumptions
c LOG 0 cleared 0 constraint literals
c LOG 0 API enters state STEADY
c LOG 0 adding external -44 as internal -44
c LOG 0 API enters state ADDING
c LOG 0 API call 'add (-44)' succeeded
c ----------------------------------------------------------------------------
c LOG 0 API call 'add (36)' started
c LOG 0 API enters state STEADY
c LOG 0 adding external 36 as internal 36
c LOG 0 API enters state ADDING
c LOG 0 API call 'add (36)' succeeded
c ----------------------------------------------------------------------------
c LOG 0 API call 'add (-13)' started
c LOG 0 API enters state STEADY
c LOG 0 adding external -13 as internal -13
c LOG 0 API enters state ADDING
c LOG 0 API call 'add (-13)' succeeded
c ----------------------------------------------------------------------------
c LOG 0 API call 'add (0)' started
c LOG 0 API enters state STEADY
c LOG 0 PROOF adding original external clause -44 36 -13
c LOG 0 CHECKER addition of original clause -44 36 -13
c LOG 0 original clause -44 36 -13
c LOG 0 new pointer 0x600001721650 irredundant size 3 clause[273] -44 36 -13
c LOG 0 marking added irredundant size 3 clause[273] -44 36 -13
c LOG 0 watch -44 blit 36 in irredundant size 3 clause[272] -44 36 -13
c LOG 0 watch 36 blit -44 in irredundant size 3 clause[272] -44 36 -13
c LOG 0 API call 'add (0)' succeeded
c ----------------------------------------------------------------------------
c LOG 0 API call 'add (18)' started
c LOG 0 adding external 18 as internal 18
c LOG 0 API enters state ADDING
c LOG 0 API call 'add (18)' succeeded
c ----------------------------------------------------------------------------
c LOG 0 API call 'add (58)' started
c LOG 0 API enters state STEADY
c LOG 0 adding external 58 as internal 59
c LOG 0 API enters state ADDING
c LOG 0 API call 'add (58)' succeeded
c ----------------------------------------------------------------------------
c LOG 0 API call 'add (-2)' started
c LOG 0 API enters state STEADY
c LOG 0 adding external -2 as internal -2
c LOG 0 API enters state ADDING
c LOG 0 API call 'add (-2)' succeeded
c ----------------------------------------------------------------------------
c LOG 0 API call 'add (0)' started
c LOG 0 API enters state STEADY
c LOG 0 PROOF adding original external clause 18 58 -2
c LOG 0 CHECKER addition of original clause 18 58 -2
c LOG 0 original clause 18 59 -2
c LOG 0 new pointer 0x6000017216b0 irredundant size 3 clause[274] 18 59 -2
c LOG 0 marking added irredundant size 3 clause[274] 18 59 -2
c LOG 0 watch 18 blit 59 in irredundant size 3 clause[273] 18 59 -2
c LOG 0 watch 59 blit 18 in irredundant size 3 clause[273] 18 59 -2
c LOG 0 API call 'add (0)' succeeded
c ----------------------------------------------------------------------------
c LOG 0 API call 'add (13)' started
c LOG 0 adding external 13 as internal 13
c LOG 0 API enters state ADDING
c LOG 0 API call 'add (13)' succeeded
c ----------------------------------------------------------------------------
c LOG 0 API call 'add (56)' started
c LOG 0 API enters state STEADY
c LOG 0 adding external 56 as internal 56
c LOG 0 API enters state ADDING
c LOG 0 API call 'add (56)' succeeded
c ----------------------------------------------------------------------------
c LOG 0 API call 'add (36)' started
c LOG 0 API enters state STEADY
c LOG 0 adding external 36 as internal 36
c LOG 0 API enters state ADDING
c LOG 0 API call 'add (36)' succeeded
c ----------------------------------------------------------------------------
c LOG 0 API call 'add (0)' started
c LOG 0 API enters state STEADY
c LOG 0 PROOF adding original external clause 13 56 36
c LOG 0 CHECKER addition of original clause 13 56 36
c LOG 0 original clause 13 56 36
c LOG 0 new pointer 0x600001721710 irredundant size 3 clause[275] 13 56 36
c LOG 0 marking added irredundant size 3 clause[275] 13 56 36
c LOG 0 watch 13 blit 56 in irredundant size 3 clause[274] 13 56 36
c LOG 0 watch 56 blit 13 in irredundant size 3 clause[274] 13 56 36
c LOG 0 API call 'add (0)' succeeded
c ----------------------------------------------------------------------------
c LOG 0 API call 'vars ()' started
c LOG 0 API call 'vars ()' returns '79'
c ----------------------------------------------------------------------------
c LOG 0 API call 'declare_var ()' started
c LOG 0 80 external variables from 79
c LOG 0 initialized 1 external variables
c LOG 0 new mapping external 80 to internal 63
c LOG 0 declaring 63
c LOG 0 declaring new 63 (max_var: 63, unused: 0, active: 62)
c LOG 0 API call 'declare_var ()' succeeded
c ----------------------------------------------------------------------------
c LOG 0 API call 'add (31)' started
c LOG 0 adding external 31 as internal 31
c LOG 0 API enters state ADDING
c LOG 0 API call 'add (31)' succeeded
c ----------------------------------------------------------------------------
c LOG 0 API call 'add (35)' started
c LOG 0 API enters state STEADY
c LOG 0 adding external 35 as internal 35
c LOG 0 API enters state ADDING
c LOG 0 API call 'add (35)' succeeded
c ----------------------------------------------------------------------------
c LOG 0 API call 'add (8)' started
c LOG 0 API enters state STEADY
c LOG 0 adding external 8 as internal 8
c LOG 0 API enters state ADDING
c LOG 0 API call 'add (8)' succeeded
c ----------------------------------------------------------------------------
c LOG 0 API call 'add (0)' started
c LOG 0 API enters state STEADY
c LOG 0 PROOF adding original external clause 31 35 8
c LOG 0 CHECKER addition of original clause 31 35 8
c LOG 0 original clause 31 35 8
c LOG 0 new pointer 0x60000172cf30 irredundant size 3 clause[276] 31 35 8
c LOG 0 marking added irredundant size 3 clause[276] 31 35 8
c LOG 0 watch 31 blit 35 in irredundant size 3 clause[275] 31 35 8
c LOG 0 watch 35 blit 31 in irredundant size 3 clause[275] 31 35 8
c LOG 0 API call 'add (0)' succeeded
c ----------------------------------------------------------------------------
c LOG 0 API call 'add (22)' started
c LOG 0 adding external 22 as internal 22
c LOG 0 API enters state ADDING
c LOG 0 API call 'add (22)' succeeded
c ----------------------------------------------------------------------------
c LOG 0 API call 'add (46)' started
c LOG 0 API enters state STEADY
c LOG 0 adding external 46 as internal 46
c LOG 0 API enters state ADDING
c LOG 0 API call 'add (46)' succeeded
c ----------------------------------------------------------------------------
c LOG 0 API call 'add (-23)' started
c LOG 0 API enters state STEADY
c LOG 0 adding external -23 as internal -23
c LOG 0 API enters state ADDING
c LOG 0 API call 'add (-23)' succeeded
c ----------------------------------------------------------------------------
c LOG 0 API call 'add (0)' started
c LOG 0 API enters state STEADY
c LOG 0 PROOF adding original external clause 22 46 -23
c LOG 0 CHECKER addition of original clause 22 46 -23
c LOG 0 original clause 22 46 -23
c LOG 0 new pointer 0x600001721770 irredundant size 3 clause[277] 22 46 -23
c LOG 0 marking added irredundant size 3 clause[277] 22 46 -23
c LOG 0 watch 22 blit 46 in irredundant size 3 clause[276] 22 46 -23
c LOG 0 watch 46 blit 22 in irredundant size 3 clause[276] 22 46 -23
c LOG 0 API call 'add (0)' succeeded
c ----------------------------------------------------------------------------
c LOG 0 API call 'add (35)' started
c LOG 0 adding external 35 as internal 35
c LOG 0 API enters state ADDING
c LOG 0 API call 'add (35)' succeeded
c ----------------------------------------------------------------------------
c LOG 0 API call 'add (3)' started
c LOG 0 API enters state STEADY
c LOG 0 adding external 3 as internal 3
c LOG 0 API enters state ADDING
c LOG 0 API call 'add (3)' succeeded
c ----------------------------------------------------------------------------
c LOG 0 API call 'add (-50)' started
c LOG 0 API enters state STEADY
c LOG 0 adding external -50 as internal -50
c LOG 0 API enters state ADDING
c LOG 0 API call 'add (-50)' succeeded
c ----------------------------------------------------------------------------
c LOG 0 API call 'add (0)' started
c LOG 0 API enters state STEADY
c LOG 0 PROOF adding original external clause 35 3 -50
c LOG 0 CHECKER addition of original clause 35 3 -50
c LOG 0 original clause 35 3 -50
c LOG 0 new pointer 0x600001725c20 irredundant size 3 clause[278] 35 3 -50
c LOG 0 marking added irredundant size 3 clause[278] 35 3 -50
c LOG 0 watch 35 blit 3 in irredundant size 3 clause[277] 35 3 -50
c LOG 0 watch 3 blit 35 in irredundant size 3 clause[277] 35 3 -50
c LOG 0 API call 'add (0)' succeeded
c ----------------------------------------------------------------------------
c LOG 0 API call 'add (37)' started
c LOG 0 adding external 37 as internal 37
c LOG 0 API enters state ADDING
c LOG 0 API call 'add (37)' succeeded
c ----------------------------------------------------------------------------
c LOG 0 API call 'add (-58)' started
c LOG 0 API enters state STEADY
c LOG 0 adding external -58 as internal -59
c LOG 0 API enters state ADDING
c LOG 0 API call 'add (-58)' succeeded
c ----------------------------------------------------------------------------
c LOG 0 API call 'add (31)' started
c LOG 0 API enters state STEADY
c LOG 0 adding external 31 as internal 31
c LOG 0 API enters state ADDING
c LOG 0 API call 'add (31)' succeeded
c ----------------------------------------------------------------------------
c LOG 0 API call 'add (5)' started
c LOG 0 API enters state STEADY
c LOG 0 adding external 5 as internal 5
c LOG 0 API enters state ADDING
c LOG 0 API call 'add (5)' succeeded
c ----------------------------------------------------------------------------
c LOG 0 API call 'add (-40)' started
c LOG 0 API enters state STEADY
c LOG 0 adding external -40 as internal -40
c LOG 0 API enters state ADDING
c LOG 0 API call 'add (-40)' succeeded
c ----------------------------------------------------------------------------
c LOG 0 API call 'add (2)' started
c LOG 0 API enters state STEADY
c LOG 0 adding external 2 as internal 2
c LOG 0 API enters state ADDING
c LOG 0 API call 'add (2)' succeeded
c ----------------------------------------------------------------------------
c LOG 0 API call 'add (18)' started
c LOG 0 API enters state STEADY
c LOG 0 adding external 18 as internal 18
c LOG 0 API enters state ADDING
c LOG 0 API call 'add (18)' succeeded
c ----------------------------------------------------------------------------
c LOG 0 API call 'add (-56)' started
c LOG 0 API enters state STEADY
c LOG 0 adding external -56 as internal -56
c LOG 0 API enters state ADDING
c LOG 0 API call 'add (-56)' succeeded
c ----------------------------------------------------------------------------
c LOG 0 API call 'add (-27)' started
c LOG 0 API enters state STEADY
c LOG 0 adding external -27 as internal -27
c LOG 0 API enters state ADDING
c LOG 0 API call 'add (-27)' succeeded
c ----------------------------------------------------------------------------
c LOG 0 API call 'add (51)' started
c LOG 0 API enters state STEADY
c LOG 0 adding external 51 as internal 51
c LOG 0 API enters state ADDING
c LOG 0 API call 'add (51)' succeeded
c ----------------------------------------------------------------------------
c LOG 0 API call 'add (13)' started
c LOG 0 API enters state STEADY
c LOG 0 adding external 13 as internal 13
c LOG 0 API enters state ADDING
c LOG 0 API call 'add (13)' succeeded
c ----------------------------------------------------------------------------
c LOG 0 API call 'add (21)' started
c LOG 0 API enters state STEADY
c LOG 0 adding external 21 as internal 21
c LOG 0 API enters state ADDING
c LOG 0 API call 'add (21)' succeeded
c ----------------------------------------------------------------------------
c LOG 0 API call 'add (-22)' started
c LOG 0 API enters state STEADY
c LOG 0 adding external -22 as internal -22
c LOG 0 API enters state ADDING
c LOG 0 API call 'add (-22)' succeeded
c ----------------------------------------------------------------------------
c LOG 0 API call 'add (32)' started
c LOG 0 API enters state STEADY
c LOG 0 adding external 32 as internal 32
c LOG 0 API enters state ADDING
c LOG 0 API call 'add (32)' succeeded
c ----------------------------------------------------------------------------
c LOG 0 API call 'add (-57)' started
c LOG 0 API enters state STEADY
c LOG 0 adding external -57 as internal -60
c LOG 0 API enters state ADDING
c LOG 0 API call 'add (-57)' succeeded
c ----------------------------------------------------------------------------
c LOG 0 API call 'add (0)' started
c LOG 0 API enters state STEADY
c LOG 0 PROOF adding original external clause 37 -58 31 5 -40 2 18 -56 -27 51 13 21 -22 32 -57
c LOG 0 CHECKER addition of original clause 37 -58 31 5 -40 2 18 -56 -27 51 13 21 -22 32 -57
c LOG 0 original clause 37 -59 31 5 -40 2 18 -56 -27 51 13 21 -22 32 -60
c LOG 0 new pointer 0x600003d00120 irredundant size 15 clause[279] 37 -59 31 5 -40 2 18 -56 -27 51 13 21 -22 32 -60
c LOG 0 marking added irredundant size 15 clause[279] 37 -59 31 5 -40 2 18 -56 -27 51 13 21 -22 32 -60
c LOG 0 watch 37 blit -59 in irredundant size 15 clause[278] 37 -59 31 5 -40 2 18 -56 -27 51 13 21 -22 32 -60
c LOG 0 watch -59 blit 37 in irredundant size 15 clause[278] 37 -59 31 5 -40 2 18 -56 -27 51 13 21 -22 32 -60
c LOG 0 API call 'add (0)' succeeded
c ----------------------------------------------------------------------------
c LOG 0 API call 'add (21)' started
c LOG 0 adding external 21 as internal 21
c LOG 0 API enters state ADDING
c LOG 0 API call 'add (21)' succeeded
c ----------------------------------------------------------------------------
c LOG 0 API call 'add (-42)' started
c LOG 0 API enters state STEADY
c LOG 0 adding external -42 as internal -42
c LOG 0 API enters state ADDING
c LOG 0 API call 'add (-42)' succeeded
c ----------------------------------------------------------------------------
c LOG 0 API call 'add (52)' started
c LOG 0 API enters state STEADY
c LOG 0 adding external 52 as internal 53
c LOG 0 API enters state ADDING
c LOG 0 API call 'add (52)' succeeded
c ----------------------------------------------------------------------------
c LOG 0 API call 'add (-56)' started
c LOG 0 API enters state STEADY
c LOG 0 adding external -56 as internal -56
c LOG 0 API enters state ADDING
c LOG 0 API call 'add (-56)' succeeded
c ----------------------------------------------------------------------------
c LOG 0 API call 'add (45)' started
c LOG 0 API enters state STEADY
c LOG 0 adding external 45 as internal 45
c LOG 0 API enters state ADDING
c LOG 0 API call 'add (45)' succeeded
c ----------------------------------------------------------------------------
c LOG 0 API call 'add (-50)' started
c LOG 0 API enters state STEADY
c LOG 0 adding external -50 as internal -50
c LOG 0 API enters state ADDING
c LOG 0 API call 'add (-50)' succeeded
c ----------------------------------------------------------------------------
c LOG 0 API call 'add (31)' started
c LOG 0 API enters state STEADY
c LOG 0 adding external 31 as internal 31
c LOG 0 API enters state ADDING
c LOG 0 API call 'add (31)' succeeded
c ----------------------------------------------------------------------------
c LOG 0 API call 'add (0)' started
c LOG 0 API enters state STEADY
c LOG 0 PROOF adding original external clause 21 -42 52 -56 45 -50 31
c LOG 0 CHECKER addition of original clause 21 -42 52 -56 45 -50 31
c LOG 0 original clause 21 -42 53 -56 45 -50 31
c LOG 0 new pointer 0x600000c00580 irredundant size 7 clause[280] 21 -42 53 -56 45 -50 31
c LOG 0 marking added irredundant size 7 clause[280] 21 -42 53 -56 45 -50 31
c LOG 0 watch 21 blit -42 in irredundant size 7 clause[279] 21 -42 53 -56 45 -50 31
c LOG 0 watch -42 blit 21 in irredundant size 7 clause[279] 21 -42 53 -56 45 -50 31
c LOG 0 API call 'add (0)' succeeded
c ----------------------------------------------------------------------------
c LOG 0 API call 'add (-27)' started
c LOG 0 adding external -27 as internal -27
c LOG 0 API enters state ADDING
c LOG 0 API call 'add (-27)' succeeded
c ----------------------------------------------------------------------------
c LOG 0 API call 'add (47)' started
c LOG 0 API enters state STEADY
c LOG 0 adding external 47 as internal 47
c LOG 0 API enters state ADDING
c LOG 0 API call 'add (47)' succeeded
c ----------------------------------------------------------------------------
c LOG 0 API call 'add (-21)' started
c LOG 0 API enters state STEADY
c LOG 0 adding external -21 as internal -21
c LOG 0 API enters state ADDING
c LOG 0 API call 'add (-21)' succeeded
c ----------------------------------------------------------------------------
c LOG 0 API call 'add (0)' started
c LOG 0 API enters state STEADY
c LOG 0 PROOF adding original external clause -27 47 -21
c LOG 0 CHECKER addition of original clause -27 47 -21
c LOG 0 original clause -27 47 -21
c LOG 0 new pointer 0x600001719f20 irredundant size 3 clause[281] -27 47 -21
c LOG 0 marking added irredundant size 3 clause[281] -27 47 -21
c LOG 0 watch -27 blit 47 in irredundant size 3 clause[280] -27 47 -21
c LOG 0 watch 47 blit -27 in irredundant size 3 clause[280] -27 47 -21
c LOG 0 API call 'add (0)' succeeded
c ----------------------------------------------------------------------------
c LOG 0 API call 'resize (6)' started
c LOG 0 do nothing
c LOG 0 API call 'resize (6)' succeeded
c ----------------------------------------------------------------------------
c LOG 0 API call 'add (38)' started
c LOG 0 adding external 38 as internal 38
c LOG 0 API enters state ADDING
c LOG 0 API call 'add (38)' succeeded
c ----------------------------------------------------------------------------
c LOG 0 API call 'add (46)' started
c LOG 0 API enters state STEADY
c LOG 0 adding external 46 as internal 46
c LOG 0 API enters state ADDING
c LOG 0 API call 'add (46)' succeeded
c ----------------------------------------------------------------------------
c LOG 0 API call 'add (-30)' started
c LOG 0 API enters state STEADY
c LOG 0 adding external -30 as internal -30
c LOG 0 API enters state ADDING
c LOG 0 API call 'add (-30)' succeeded
c ----------------------------------------------------------------------------
c LOG 0 API call 'add (0)' started
c LOG 0 API enters state STEADY
c LOG 0 PROOF adding original external clause 38 46 -30
c LOG 0 CHECKER addition of original clause 38 46 -30
c LOG 0 original clause 38 46 -30
c LOG 0 new pointer 0x600001719f80 irredundant size 3 clause[282] 38 46 -30
c LOG 0 marking added irredundant size 3 clause[282] 38 46 -30
c LOG 0 watch 38 blit 46 in irredundant size 3 clause[281] 38 46 -30
c LOG 0 watch 46 blit 38 in irredundant size 3 clause[281] 38 46 -30
c LOG 0 API call 'add (0)' succeeded
c ----------------------------------------------------------------------------
c LOG 0 API call 'add (26)' started
c LOG 0 adding external 26 as internal 26
c LOG 0 API enters state ADDING
c LOG 0 API call 'add (26)' succeeded
c ----------------------------------------------------------------------------
c LOG 0 API call 'add (-9)' started
c LOG 0 API enters state STEADY
c LOG 0 adding external -9 as internal -9
c LOG 0 API enters state ADDING
c LOG 0 API call 'add (-9)' succeeded
c ----------------------------------------------------------------------------
c LOG 0 API call 'add (-1)' started
c LOG 0 API enters state STEADY
c LOG 0 adding external -1 as internal -1
c LOG 0 API enters state ADDING
c LOG 0 API call 'add (-1)' succeeded
c ----------------------------------------------------------------------------
c LOG 0 API call 'add (0)' started
c LOG 0 API enters state STEADY
c LOG 0 PROOF adding original external clause 26 -9 -1
c LOG 0 CHECKER addition of original clause 26 -9 -1
c LOG 0 original clause 26 -9 -1
c LOG 0 new pointer 0x600001719fe0 irredundant size 3 clause[283] 26 -9 -1
c LOG 0 marking added irredundant size 3 clause[283] 26 -9 -1
c LOG 0 watch 26 blit -9 in irredundant size 3 clause[282] 26 -9 -1
c LOG 0 watch -9 blit 26 in irredundant size 3 clause[282] 26 -9 -1
c LOG 0 API call 'add (0)' succeeded
c ----------------------------------------------------------------------------
c LOG 0 API call 'vars ()' started
c LOG 0 API call 'vars ()' returns '80'
c ----------------------------------------------------------------------------
c LOG 0 API call 'declare_vars (32)' started
c LOG 0 API call 'declare_vars (32)' succeeded
c ----------------------------------------------------------------------------
c LOG 0 API call 'add (55)' started
c LOG 0 adding external 55 as internal 54
c LOG 0 API enters state ADDING
c LOG 0 API call 'add (55)' succeeded
c ----------------------------------------------------------------------------
c LOG 0 API call 'add (-34)' started
c LOG 0 API enters state STEADY
c LOG 0 adding external -34 as internal -34
c LOG 0 API enters state ADDING
c LOG 0 API call 'add (-34)' succeeded
c ----------------------------------------------------------------------------
c LOG 0 API call 'add (23)' started
c LOG 0 API enters state STEADY
c LOG 0 adding external 23 as internal 23
c LOG 0 API enters state ADDING
c LOG 0 API call 'add (23)' succeeded
c ----------------------------------------------------------------------------
c LOG 0 API call 'add (0)' started
c LOG 0 API enters state STEADY
c LOG 0 PROOF adding original external clause 55 -34 23
c LOG 0 CHECKER addition of original clause 55 -34 23
c LOG 0 original clause 54 -34 23
c LOG 0 new pointer 0x60000171a040 irredundant size 3 clause[284] 54 -34 23
c LOG 0 marking added irredundant size 3 clause[284] 54 -34 23
c LOG 0 watch 54 blit -34 in irredundant size 3 clause[283] 54 -34 23
c LOG 0 watch -34 blit 54 in irredundant size 3 clause[283] 54 -34 23
c LOG 0 API call 'add (0)' succeeded
c ----------------------------------------------------------------------------
c LOG 0 API call 'active ()' started
c LOG 0 API call 'active ()' returns '62'
c ----------------------------------------------------------------------------
c LOG 0 API call 'add (22)' started
c LOG 0 adding external 22 as internal 22
c LOG 0 API enters state ADDING
c LOG 0 API call 'add (22)' succeeded
c ----------------------------------------------------------------------------
c LOG 0 API call 'add (47)' started
c LOG 0 API enters state STEADY
c LOG 0 adding external 47 as internal 47
c LOG 0 API enters state ADDING
c LOG 0 API call 'add (47)' succeeded
c ----------------------------------------------------------------------------
c LOG 0 API call 'add (38)' started
c LOG 0 API enters state STEADY
c LOG 0 adding external 38 as internal 38
c LOG 0 API enters state ADDING
c LOG 0 API call 'add (38)' succeeded
c ----------------------------------------------------------------------------
c LOG 0 API call 'add (0)' started
c LOG 0 API enters state STEADY
c LOG 0 PROOF adding original external clause 22 47 38
c LOG 0 CHECKER addition of original clause 22 47 38
c LOG 0 original clause 22 47 38
c LOG 0 new pointer 0x600001730120 irredundant size 3 clause[285] 22 47 38
c LOG 0 marking added irredundant size 3 clause[285] 22 47 38
c LOG 0 watch 22 blit 47 in irredundant size 3 clause[284] 22 47 38
c LOG 0 watch 47 blit 22 in irredundant size 3 clause[284] 22 47 38
c LOG 0 API call 'add (0)' succeeded
c ----------------------------------------------------------------------------
c LOG 0 API call 'add (-14)' started
c LOG 0 adding external -14 as internal -14
c LOG 0 API enters state ADDING
c LOG 0 API call 'add (-14)' succeeded
c ----------------------------------------------------------------------------
c LOG 0 API call 'add (-34)' started
c LOG 0 API enters state STEADY
c LOG 0 adding external -34 as internal -34
c LOG 0 API enters state ADDING
c LOG 0 API call 'add (-34)' succeeded
c ----------------------------------------------------------------------------
c LOG 0 API call 'add (-18)' started
c LOG 0 API enters state STEADY
c LOG 0 adding external -18 as internal -18
c LOG 0 API enters state ADDING
c LOG 0 API call 'add (-18)' succeeded
c ----------------------------------------------------------------------------
c LOG 0 API call 'add (0)' started
c LOG 0 API enters state STEADY
c LOG 0 PROOF adding original external clause -14 -34 -18
c LOG 0 CHECKER addition of original clause -14 -34 -18
c LOG 0 original clause -14 -34 -18
c LOG 0 new pointer 0x6000017217d0 irredundant size 3 clause[286] -14 -34 -18
c LOG 0 marking added irredundant size 3 clause[286] -14 -34 -18
c LOG 0 watch -14 blit -34 in irredundant size 3 clause[285] -14 -34 -18
c LOG 0 watch -34 blit -14 in irredundant size 3 clause[285] -14 -34 -18
c LOG 0 API call 'add (0)' succeeded
c ----------------------------------------------------------------------------
c LOG 0 API call 'add (58)' started
c LOG 0 adding external 58 as internal 59
c LOG 0 API enters state ADDING
c LOG 0 API call 'add (58)' succeeded
c ----------------------------------------------------------------------------
c LOG 0 API call 'add (60)' started
c LOG 0 API enters state STEADY
c LOG 0 adding external 60 as internal 58
c LOG 0 API enters state ADDING
c LOG 0 API call 'add (60)' succeeded
c ----------------------------------------------------------------------------
c LOG 0 API call 'add (56)' started
c LOG 0 API enters state STEADY
c LOG 0 adding external 56 as internal 56
c LOG 0 API enters state ADDING
c LOG 0 API call 'add (56)' succeeded
c ----------------------------------------------------------------------------
c LOG 0 API call 'add (0)' started
c LOG 0 API enters state STEADY
c LOG 0 PROOF adding original external clause 58 60 56
c LOG 0 CHECKER addition of original clause 58 60 56
c LOG 0 original clause 59 58 56
c LOG 0 new pointer 0x600001725c80 irredundant size 3 clause[287] 59 58 56
c LOG 0 marking added irredundant size 3 clause[287] 59 58 56
c LOG 0 watch 59 blit 58 in irredundant size 3 clause[286] 59 58 56
c LOG 0 watch 58 blit 59 in irredundant size 3 clause[286] 59 58 56
c LOG 0 API call 'add (0)' succeeded
c ----------------------------------------------------------------------------
c LOG 0 API call 'add (21)' started
c LOG 0 adding external 21 as internal 21
c LOG 0 API enters state ADDING
c LOG 0 API call 'add (21)' succeeded
c ----------------------------------------------------------------------------
c LOG 0 API call 'add (18)' started
c LOG 0 API enters state STEADY
c LOG 0 adding external 18 as internal 18
c LOG 0 API enters state ADDING
c LOG 0 API call 'add (18)' succeeded
c ----------------------------------------------------------------------------
c LOG 0 API call 'add (-27)' started
c LOG 0 API enters state STEADY
c LOG 0 adding external -27 as internal -27
c LOG 0 API enters state ADDING
c LOG 0 API call 'add (-27)' succeeded
c ----------------------------------------------------------------------------
c LOG 0 API call 'add (0)' started
c LOG 0 API enters state STEADY
c LOG 0 PROOF adding original external clause 21 18 -27
c LOG 0 CHECKER addition of original clause 21 18 -27
c LOG 0 original clause 21 18 -27
c LOG 0 new pointer 0x600001721830 irredundant size 3 clause[288] 21 18 -27
c LOG 0 marking added irredundant size 3 clause[288] 21 18 -27
c LOG 0 watch 21 blit 18 in irredundant size 3 clause[287] 21 18 -27
c LOG 0 watch 18 blit 21 in irredundant size 3 clause[287] 21 18 -27
c LOG 0 API call 'add (0)' succeeded
c ----------------------------------------------------------------------------
c LOG 0 API call 'add (38)' started
c LOG 0 adding external 38 as internal 38
c LOG 0 API enters state ADDING
c LOG 0 API call 'add (38)' succeeded
c ----------------------------------------------------------------------------
c LOG 0 API call 'add (59)' started
c LOG 0 API enters state STEADY
c LOG 0 adding external 59 as internal 52
c LOG 0 API enters state ADDING
c LOG 0 API call 'add (59)' succeeded
c ----------------------------------------------------------------------------
c LOG 0 API call 'add (-30)' started
c LOG 0 API enters state STEADY
c LOG 0 adding external -30 as internal -30
c LOG 0 API enters state ADDING
c LOG 0 API call 'add (-30)' succeeded
c ----------------------------------------------------------------------------
c LOG 0 API call 'add (0)' started
c LOG 0 API enters state STEADY
c LOG 0 PROOF adding original external clause 38 59 -30
c LOG 0 CHECKER addition of original clause 38 59 -30
c LOG 0 original clause 38 52 -30
c LOG 0 new pointer 0x60000172cf90 irredundant size 3 clause[289] 38 52 -30
c LOG 0 marking added irredundant size 3 clause[289] 38 52 -30
c LOG 0 watch 38 blit 52 in irredundant size 3 clause[288] 38 52 -30
c LOG 0 watch 52 blit 38 in irredundant size 3 clause[288] 38 52 -30
c LOG 0 API call 'add (0)' succeeded
c ----------------------------------------------------------------------------
c LOG 0 API call 'add (55)' started
c LOG 0 adding external 55 as internal 54
c LOG 0 API enters state ADDING
c LOG 0 API call 'add (55)' succeeded
c ----------------------------------------------------------------------------
c LOG 0 API call 'add (10)' started
c LOG 0 API enters state STEADY
c LOG 0 adding external 10 as internal 10
c LOG 0 API enters state ADDING
c LOG 0 API call 'add (10)' succeeded
c ----------------------------------------------------------------------------
c LOG 0 API call 'add (-37)' started
c LOG 0 API enters state STEADY
c LOG 0 adding external -37 as internal -37
c LOG 0 API enters state ADDING
c LOG 0 API call 'add (-37)' succeeded
c ----------------------------------------------------------------------------
c LOG 0 API call 'add (-21)' started
c LOG 0 API enters state STEADY
c LOG 0 adding external -21 as internal -21
c LOG 0 API enters state ADDING
c LOG 0 API call 'add (-21)' succeeded
c ----------------------------------------------------------------------------
c LOG 0 API call 'add (0)' started
c LOG 0 API enters state STEADY
c LOG 0 PROOF adding original external clause 55 10 -37 -21
c LOG 0 CHECKER addition of original clause 55 10 -37 -21
c LOG 0 original clause 54 10 -37 -21
c LOG 0 new pointer 0x60000172cff0 irredundant size 4 clause[290] 54 10 -37 -21
c LOG 0 marking added irredundant size 4 clause[290] 54 10 -37 -21
c LOG 0 watch 54 blit 10 in irredundant size 4 clause[289] 54 10 -37 -21
c LOG 0 watch 10 blit 54 in irredundant size 4 clause[289] 54 10 -37 -21
c LOG 0 API call 'add (0)' succeeded
c ----------------------------------------------------------------------------
c LOG 0 API call 'resize (22)' started
c LOG 0 do nothing
c LOG 0 API call 'resize (22)' succeeded
c ----------------------------------------------------------------------------
c LOG 0 API call 'add (28)' started
c LOG 0 adding external 28 as internal 28
c LOG 0 API enters state ADDING
c LOG 0 API call 'add (28)' succeeded
c ----------------------------------------------------------------------------
c LOG 0 API call 'add (-58)' started
c LOG 0 API enters state STEADY
c LOG 0 adding external -58 as internal -59
c LOG 0 API enters state ADDING
c LOG 0 API call 'add (-58)' succeeded
c ----------------------------------------------------------------------------
c LOG 0 API call 'add (42)' started
c LOG 0 API enters state STEADY
c LOG 0 adding external 42 as internal 42
c LOG 0 API enters state ADDING
c LOG 0 API call 'add (42)' succeeded
c ----------------------------------------------------------------------------
c LOG 0 API call 'add (0)' started
c LOG 0 API enters state STEADY
c LOG 0 PROOF adding original external clause 28 -58 42
c LOG 0 CHECKER addition of original clause 28 -58 42
c LOG 0 original clause 28 -59 42
c LOG 0 new pointer 0x60000172d050 irredundant size 3 clause[291] 28 -59 42
c LOG 0 marking added irredundant size 3 clause[291] 28 -59 42
c LOG 0 watch 28 blit -59 in irredundant size 3 clause[290] 28 -59 42
c LOG 0 watch -59 blit 28 in irredundant size 3 clause[290] 28 -59 42
c LOG 0 API call 'add (0)' succeeded
c ----------------------------------------------------------------------------
c LOG 0 API call 'add (-14)' started
c LOG 0 adding external -14 as internal -14
c LOG 0 API enters state ADDING
c LOG 0 API call 'add (-14)' succeeded
c ----------------------------------------------------------------------------
c LOG 0 API call 'add (45)' started
c LOG 0 API enters state STEADY
c LOG 0 adding external 45 as internal 45
c LOG 0 API enters state ADDING
c LOG 0 API call 'add (45)' succeeded
c ----------------------------------------------------------------------------
c LOG 0 API call 'add (-13)' started
c LOG 0 API enters state STEADY
c LOG 0 adding external -13 as internal -13
c LOG 0 API enters state ADDING
c LOG 0 API call 'add (-13)' succeeded
c ----------------------------------------------------------------------------
c LOG 0 API call 'add (0)' started
c LOG 0 API enters state STEADY
c LOG 0 PROOF adding original external clause -14 45 -13
c LOG 0 CHECKER addition of original clause -14 45 -13
c LOG 0 original clause -14 45 -13
c LOG 0 new pointer 0x60000172d0b0 irredundant size 3 clause[292] -14 45 -13
c LOG 0 marking added irredundant size 3 clause[292] -14 45 -13
c LOG 0 watch -14 blit 45 in irredundant size 3 clause[291] -14 45 -13
c LOG 0 watch 45 blit -14 in irredundant size 3 clause[291] -14 45 -13
c LOG 0 API call 'add (0)' succeeded
c ----------------------------------------------------------------------------
c LOG 0 API call 'add (51)' started
c LOG 0 adding external 51 as internal 51
c LOG 0 API enters state ADDING
c LOG 0 API call 'add (51)' succeeded
c ----------------------------------------------------------------------------
c LOG 0 API call 'add (-13)' started
c LOG 0 API enters state STEADY
c LOG 0 adding external -13 as internal -13
c LOG 0 API enters state ADDING
c LOG 0 API call 'add (-13)' succeeded
c ----------------------------------------------------------------------------
c LOG 0 API call 'add (-41)' started
c LOG 0 API enters state STEADY
c LOG 0 adding external -41 as internal -41
c LOG 0 API enters state ADDING
c LOG 0 API call 'add (-41)' succeeded
c ----------------------------------------------------------------------------
c LOG 0 API call 'add (0)' started
c LOG 0 API enters state STEADY
c LOG 0 PROOF adding original external clause 51 -13 -41
c LOG 0 CHECKER addition of original clause 51 -13 -41
c LOG 0 original clause 51 -13 -41
c LOG 0 new pointer 0x60000172d110 irredundant size 3 clause[293] 51 -13 -41
c LOG 0 marking added irredundant size 3 clause[293] 51 -13 -41
c LOG 0 watch 51 blit -13 in irredundant size 3 clause[292] 51 -13 -41
c LOG 0 watch -13 blit 51 in irredundant size 3 clause[292] 51 -13 -41
c LOG 0 API call 'add (0)' succeeded
c ----------------------------------------------------------------------------
c LOG 0 API call 'add (55)' started
c LOG 0 adding external 55 as internal 54
c LOG 0 API enters state ADDING
c LOG 0 API call 'add (55)' succeeded
c ----------------------------------------------------------------------------
c LOG 0 API call 'add (28)' started
c LOG 0 API enters state STEADY
c LOG 0 adding external 28 as internal 28
c LOG 0 API enters state ADDING
c LOG 0 API call 'add (28)' succeeded
c ----------------------------------------------------------------------------
c LOG 0 API call 'add (34)' started
c LOG 0 API enters state STEADY
c LOG 0 adding external 34 as internal 34
c LOG 0 API enters state ADDING
c LOG 0 API call 'add (34)' succeeded
c ----------------------------------------------------------------------------
c LOG 0 API call 'add (0)' started
c LOG 0 API enters state STEADY
c LOG 0 PROOF adding original external clause 55 28 34
c LOG 0 CHECKER addition of original clause 55 28 34
c LOG 0 original clause 54 28 34
c LOG 0 new pointer 0x60000172d170 irredundant size 3 clause[294] 54 28 34
c LOG 0 marking added irredundant size 3 clause[294] 54 28 34
c LOG 0 watch 54 blit 28 in irredundant size 3 clause[293] 54 28 34
c LOG 0 watch 28 blit 54 in irredundant size 3 clause[293] 54 28 34
c LOG 0 API call 'add (0)' succeeded
c ----------------------------------------------------------------------------
c LOG 0 API call 'add (30)' started
c LOG 0 adding external 30 as internal 30
c LOG 0 API enters state ADDING
c LOG 0 API call 'add (30)' succeeded
c ----------------------------------------------------------------------------
c LOG 0 API call 'add (-10)' started
c LOG 0 API enters state STEADY
c LOG 0 adding external -10 as internal -10
c LOG 0 API enters state ADDING
c LOG 0 API call 'add (-10)' succeeded
c ----------------------------------------------------------------------------
c LOG 0 API call 'add (-5)' started
c LOG 0 API enters state STEADY
c LOG 0 adding external -5 as internal -5
c LOG 0 API enters state ADDING
c LOG 0 API call 'add (-5)' succeeded
c ----------------------------------------------------------------------------
c LOG 0 API call 'add (0)' started
c LOG 0 API enters state STEADY
c LOG 0 PROOF adding original external clause 30 -10 -5
c LOG 0 CHECKER addition of original clause 30 -10 -5
c LOG 0 original clause 30 -10 -5
c LOG 0 new pointer 0x60000172d1d0 irredundant size 3 clause[295] 30 -10 -5
c LOG 0 marking added irredundant size 3 clause[295] 30 -10 -5
c LOG 0 watch 30 blit -10 in irredundant size 3 clause[294] 30 -10 -5
c LOG 0 watch -10 blit 30 in irredundant size 3 clause[294] 30 -10 -5
c LOG 0 API call 'add (0)' succeeded
c ----------------------------------------------------------------------------
c LOG 0 API call 'add (8)' started
c LOG 0 adding external 8 as internal 8
c LOG 0 API enters state ADDING
c LOG 0 API call 'add (8)' succeeded
c ----------------------------------------------------------------------------
c LOG 0 API call 'add (-31)' started
c LOG 0 API enters state STEADY
c LOG 0 adding external -31 as internal -31
c LOG 0 API enters state ADDING
c LOG 0 API call 'add (-31)' succeeded
c ----------------------------------------------------------------------------
c LOG 0 API call 'add (22)' started
c LOG 0 API enters state STEADY
c LOG 0 adding external 22 as internal 22
c LOG 0 API enters state ADDING
c LOG 0 API call 'add (22)' succeeded
c ----------------------------------------------------------------------------
c LOG 0 API call 'add (0)' started
c LOG 0 API enters state STEADY
c LOG 0 PROOF adding original external clause 8 -31 22
c LOG 0 CHECKER addition of original clause 8 -31 22
c LOG 0 original clause 8 -31 22
c LOG 0 new pointer 0x60000172d230 irredundant size 3 clause[296] 8 -31 22
c LOG 0 marking added irredundant size 3 clause[296] 8 -31 22
c LOG 0 watch 8 blit -31 in irredundant size 3 clause[295] 8 -31 22
c LOG 0 watch -31 blit 8 in irredundant size 3 clause[295] 8 -31 22
c LOG 0 API call 'add (0)' succeeded
c ----------------------------------------------------------------------------
c LOG 0 API call 'add (-9)' started
c LOG 0 adding external -9 as internal -9
c LOG 0 API enters state ADDING
c LOG 0 API call 'add (-9)' succeeded
c ----------------------------------------------------------------------------
c LOG 0 API call 'add (-44)' started
c LOG 0 API enters state STEADY
c LOG 0 adding external -44 as internal -44
c LOG 0 API enters state ADDING
c LOG 0 API call 'add (-44)' succeeded
c ----------------------------------------------------------------------------
c LOG 0 API call 'add (3)' started
c LOG 0 API enters state STEADY
c LOG 0 adding external 3 as internal 3
c LOG 0 API enters state ADDING
c LOG 0 API call 'add (3)' succeeded
c ----------------------------------------------------------------------------
c LOG 0 API call 'add (0)' started
c LOG 0 API enters state STEADY
c LOG 0 PROOF adding original external clause -9 -44 3
c LOG 0 CHECKER addition of original clause -9 -44 3
c LOG 0 original clause -9 -44 3
c LOG 0 new pointer 0x60000172d290 irredundant size 3 clause[297] -9 -44 3
c LOG 0 marking added irredundant size 3 clause[297] -9 -44 3
c LOG 0 watch -9 blit -44 in irredundant size 3 clause[296] -9 -44 3
c LOG 0 watch -44 blit -9 in irredundant size 3 clause[296] -9 -44 3
c LOG 0 API call 'add (0)' succeeded
c ----------------------------------------------------------------------------
c LOG 0 API call 'add (-41)' started
c LOG 0 adding external -41 as internal -41
c LOG 0 API enters state ADDING
c LOG 0 API call 'add (-41)' succeeded
c ----------------------------------------------------------------------------
c LOG 0 API call 'add (-24)' started
c LOG 0 API enters state STEADY
c LOG 0 adding external -24 as internal -24
c LOG 0 API enters state ADDING
c LOG 0 API call 'add (-24)' succeeded
c ----------------------------------------------------------------------------
c LOG 0 API call 'add (-55)' started
c LOG 0 API enters state STEADY
c LOG 0 adding external -55 as internal -54
c LOG 0 API enters state ADDING
c LOG 0 API call 'add (-55)' succeeded
c ----------------------------------------------------------------------------
c LOG 0 API call 'add (0)' started
c LOG 0 API enters state STEADY
c LOG 0 PROOF adding original external clause -41 -24 -55
c LOG 0 CHECKER addition of original clause -41 -24 -55
c LOG 0 original clause -41 -24 -54
c LOG 0 new pointer 0x60000172d2f0 irredundant size 3 clause[298] -41 -24 -54
c LOG 0 marking added irredundant size 3 clause[298] -41 -24 -54
c LOG 0 watch -41 blit -24 in irredundant size 3 clause[297] -41 -24 -54
c LOG 0 watch -24 blit -41 in irredundant size 3 clause[297] -41 -24 -54
c LOG 0 API call 'add (0)' succeeded
c ----------------------------------------------------------------------------
c LOG 0 API call 'vars ()' started
c LOG 0 API call 'vars ()' returns '112'
c ----------------------------------------------------------------------------
c LOG 0 API call 'add (42)' started
c LOG 0 adding external 42 as internal 42
c LOG 0 API enters state ADDING
c LOG 0 API call 'add (42)' succeeded
c ----------------------------------------------------------------------------
c LOG 0 API call 'add (22)' started
c LOG 0 API enters state STEADY
c LOG 0 adding external 22 as internal 22
c LOG 0 API enters state ADDING
c LOG 0 API call 'add (22)' succeeded
c ----------------------------------------------------------------------------
c LOG 0 API call 'add (-1)' started
c LOG 0 API enters state STEADY
c LOG 0 adding external -1 as internal -1
c LOG 0 API enters state ADDING
c LOG 0 API call 'add (-1)' succeeded
c ----------------------------------------------------------------------------
c LOG 0 API call 'add (-14)' started
c LOG 0 API enters state STEADY
c LOG 0 adding external -14 as internal -14
c LOG 0 API enters state ADDING
c LOG 0 API call 'add (-14)' succeeded
c ----------------------------------------------------------------------------
c LOG 0 API call 'add (-44)' started
c LOG 0 API enters state STEADY
c LOG 0 adding external -44 as internal -44
c LOG 0 API enters state ADDING
c LOG 0 API call 'add (-44)' succeeded
c ----------------------------------------------------------------------------
c LOG 0 API call 'add (-57)' started
c LOG 0 API enters state STEADY
c LOG 0 adding external -57 as internal -60
c LOG 0 API enters state ADDING
c LOG 0 API call 'add (-57)' succeeded
c ----------------------------------------------------------------------------
c LOG 0 API call 'add (3)' started
c LOG 0 API enters state STEADY
c LOG 0 adding external 3 as internal 3
c LOG 0 API enters state ADDING
c LOG 0 API call 'add (3)' succeeded
c ----------------------------------------------------------------------------
c LOG 0 API call 'add (-8)' started
c LOG 0 API enters state STEADY
c LOG 0 adding external -8 as internal -8
c LOG 0 API enters state ADDING
c LOG 0 API call 'add (-8)' succeeded
c ----------------------------------------------------------------------------
c LOG 0 API call 'add (0)' started
c LOG 0 API enters state STEADY
c LOG 0 PROOF adding original external clause 42 22 -1 -14 -44 -57 3 -8
c LOG 0 CHECKER addition of original clause 42 22 -1 -14 -44 -57 3 -8
c LOG 0 original clause 42 22 -1 -14 -44 -60 3 -8
c LOG 0 new pointer 0x600000c08140 irredundant size 8 clause[299] 42 22 -1 -14 -44 -60 3 -8
c LOG 0 marking added irredundant size 8 clause[299] 42 22 -1 -14 -44 -60 3 -8
c LOG 0 watch 42 blit 22 in irredundant size 8 clause[298] 42 22 -1 -14 -44 -60 3 -8
c LOG 0 watch 22 blit 42 in irredundant size 8 clause[298] 42 22 -1 -14 -44 -60 3 -8
c LOG 0 API call 'add (0)' succeeded
c ----------------------------------------------------------------------------
c LOG 0 API call 'add (23)' started
c LOG 0 adding external 23 as internal 23
c LOG 0 API enters state ADDING
c LOG 0 API call 'add (23)' succeeded
c ----------------------------------------------------------------------------
c LOG 0 API call 'add (22)' started
c LOG 0 API enters state STEADY
c LOG 0 adding external 22 as internal 22
c LOG 0 API enters state ADDING
c LOG 0 API call 'add (22)' succeeded
c ----------------------------------------------------------------------------
c LOG 0 API call 'add (-14)' started
c LOG 0 API enters state STEADY
c LOG 0 adding external -14 as internal -14
c LOG 0 API enters state ADDING
c LOG 0 API call 'add (-14)' succeeded
c ----------------------------------------------------------------------------
c LOG 0 API call 'add (13)' started
c LOG 0 API enters state STEADY
c LOG 0 adding external 13 as internal 13
c LOG 0 API enters state ADDING
c LOG 0 API call 'add (13)' succeeded
c ----------------------------------------------------------------------------
c LOG 0 API call 'add (0)' started
c LOG 0 API enters state STEADY
c LOG 0 PROOF adding original external clause 23 22 -14 13
c LOG 0 CHECKER addition of original clause 23 22 -14 13
c LOG 0 original clause 23 22 -14 13
c LOG 0 new pointer 0x60000172d350 irredundant size 4 clause[300] 23 22 -14 13
c LOG 0 marking added irredundant size 4 clause[300] 23 22 -14 13
c LOG 0 watch 23 blit 22 in irredundant size 4 clause[299] 23 22 -14 13
c LOG 0 watch 22 blit 23 in irredundant size 4 clause[299] 23 22 -14 13
c LOG 0 API call 'add (0)' succeeded
c ----------------------------------------------------------------------------
c LOG 0 API call 'add (24)' started
c LOG 0 adding external 24 as internal 24
c LOG 0 API enters state ADDING
c LOG 0 API call 'add (24)' succeeded
c ----------------------------------------------------------------------------
c LOG 0 API call 'add (1)' started
c LOG 0 API enters state STEADY
c LOG 0 adding external 1 as internal 1
c LOG 0 API enters state ADDING
c LOG 0 API call 'add (1)' succeeded
c ----------------------------------------------------------------------------
c LOG 0 API call 'add (13)' started
c LOG 0 API enters state STEADY
c LOG 0 adding external 13 as internal 13
c LOG 0 API enters state ADDING
c LOG 0 API call 'add (13)' succeeded
c ----------------------------------------------------------------------------
c LOG 0 API call 'add (0)' started
c LOG 0 API enters state STEADY
c LOG 0 PROOF adding original external clause 24 1 13
c LOG 0 CHECKER addition of original clause 24 1 13
c LOG 0 original clause 24 1 13
c LOG 0 new pointer 0x60000171a0d0 irredundant size 3 clause[301] 24 1 13
c LOG 0 marking added irredundant size 3 clause[301] 24 1 13
c LOG 0 watch 24 blit 1 in irredundant size 3 clause[300] 24 1 13
c LOG 0 watch 1 blit 24 in irredundant size 3 clause[300] 24 1 13
c LOG 0 API call 'add (0)' succeeded
c ----------------------------------------------------------------------------
c LOG 0 API call 'add (21)' started
c LOG 0 adding external 21 as internal 21
c LOG 0 API enters state ADDING
c LOG 0 API call 'add (21)' succeeded
c ----------------------------------------------------------------------------
c LOG 0 API call 'add (10)' started
c LOG 0 API enters state STEADY
c LOG 0 adding external 10 as internal 10
c LOG 0 API enters state ADDING
c LOG 0 API call 'add (10)' succeeded
c ----------------------------------------------------------------------------
c LOG 0 API call 'add (-51)' started
c LOG 0 API enters state STEADY
c LOG 0 adding external -51 as internal -51
c LOG 0 API enters state ADDING
c LOG 0 API call 'add (-51)' succeeded
c ----------------------------------------------------------------------------
c LOG 0 API call 'add (-31)' started
c LOG 0 API enters state STEADY
c LOG 0 adding external -31 as internal -31
c LOG 0 API enters state ADDING
c LOG 0 API call 'add (-31)' succeeded
c ----------------------------------------------------------------------------
c LOG 0 API call 'add (0)' started
c LOG 0 API enters state STEADY
c LOG 0 PROOF adding original external clause 21 10 -51 -31
c LOG 0 CHECKER addition of original clause 21 10 -51 -31
c LOG 0 original clause 21 10 -51 -31
c LOG 0 new pointer 0x60000171a130 irredundant size 4 clause[302] 21 10 -51 -31
c LOG 0 marking added irredundant size 4 clause[302] 21 10 -51 -31
c LOG 0 watch 21 blit 10 in irredundant size 4 clause[301] 21 10 -51 -31
c LOG 0 watch 10 blit 21 in irredundant size 4 clause[301] 21 10 -51 -31
c LOG 0 API call 'add (0)' succeeded
c ----------------------------------------------------------------------------
c LOG 0 API call 'add (25)' started
c LOG 0 adding external 25 as internal 25
c LOG 0 API enters state ADDING
c LOG 0 API call 'add (25)' succeeded
c ----------------------------------------------------------------------------
c LOG 0 API call 'add (-55)' started
c LOG 0 API enters state STEADY
c LOG 0 adding external -55 as internal -54
c LOG 0 API enters state ADDING
c LOG 0 API call 'add (-55)' succeeded
c ----------------------------------------------------------------------------
c LOG 0 API call 'add (-57)' started
c LOG 0 API enters state STEADY
c LOG 0 adding external -57 as internal -60
c LOG 0 API enters state ADDING
c LOG 0 API call 'add (-57)' succeeded
c ----------------------------------------------------------------------------
c LOG 0 API call 'add (0)' started
c LOG 0 API enters state STEADY
c LOG 0 PROOF adding original external clause 25 -55 -57
c LOG 0 CHECKER addition of original clause 25 -55 -57
c LOG 0 original clause 25 -54 -60
c LOG 0 new pointer 0x60000171a190 irredundant size 3 clause[303] 25 -54 -60
c LOG 0 marking added irredundant size 3 clause[303] 25 -54 -60
c LOG 0 watch 25 blit -54 in irredundant size 3 clause[302] 25 -54 -60
c LOG 0 watch -54 blit 25 in irredundant size 3 clause[302] 25 -54 -60
c LOG 0 API call 'add (0)' succeeded
c ----------------------------------------------------------------------------
c LOG 0 API call 'add (-42)' started
c LOG 0 adding external -42 as internal -42
c LOG 0 API enters state ADDING
c LOG 0 API call 'add (-42)' succeeded
c ----------------------------------------------------------------------------
c LOG 0 API call 'add (2)' started
c LOG 0 API enters state STEADY
c LOG 0 adding external 2 as internal 2
c LOG 0 API enters state ADDING
c LOG 0 API call 'add (2)' succeeded
c ----------------------------------------------------------------------------
c LOG 0 API call 'add (34)' started
c LOG 0 API enters state STEADY
c LOG 0 adding external 34 as internal 34
c LOG 0 API enters state ADDING
c LOG 0 API call 'add (34)' succeeded
c ----------------------------------------------------------------------------
c LOG 0 API call 'add (0)' started
c LOG 0 API enters state STEADY
c LOG 0 PROOF adding original external clause -42 2 34
c LOG 0 CHECKER addition of original clause -42 2 34
c LOG 0 original clause -42 2 34
c LOG 0 new pointer 0x60000171a1f0 irredundant size 3 clause[304] -42 2 34
c LOG 0 marking added irredundant size 3 clause[304] -42 2 34
c LOG 0 watch -42 blit 2 in irredundant size 3 clause[303] -42 2 34
c LOG 0 watch 2 blit -42 in irredundant size 3 clause[303] -42 2 34
c LOG 0 API call 'add (0)' succeeded
c ----------------------------------------------------------------------------
c LOG 0 API call 'add (54)' started
c LOG 0 adding external 54 as internal 62
c LOG 0 API enters state ADDING
c LOG 0 API call 'add (54)' succeeded
c ----------------------------------------------------------------------------
c LOG 0 API call 'add (-51)' started
c LOG 0 API enters state STEADY
c LOG 0 adding external -51 as internal -51
c LOG 0 API enters state ADDING
c LOG 0 API call 'add (-51)' succeeded
c ----------------------------------------------------------------------------
c LOG 0 API call 'add (-25)' started
c LOG 0 API enters state STEADY
c LOG 0 adding external -25 as internal -25
c LOG 0 API enters state ADDING
c LOG 0 API call 'add (-25)' succeeded
c ----------------------------------------------------------------------------
c LOG 0 API call 'add (0)' started
c LOG 0 API enters state STEADY
c LOG 0 PROOF adding original external clause 54 -51 -25
c LOG 0 CHECKER addition of original clause 54 -51 -25
c LOG 0 original clause 62 -51 -25
c LOG 0 new pointer 0x60000171a250 irredundant size 3 clause[305] 62 -51 -25
c LOG 0 marking added irredundant size 3 clause[305] 62 -51 -25
c LOG 0 watch 62 blit -51 in irredundant size 3 clause[304] 62 -51 -25
c LOG 0 watch -51 blit 62 in irredundant size 3 clause[304] 62 -51 -25
c LOG 0 API call 'add (0)' succeeded
c ----------------------------------------------------------------------------
c LOG 0 API call 'vars ()' started
c LOG 0 API call 'vars ()' returns '112'
c ----------------------------------------------------------------------------
c LOG 0 API call 'declare_var ()' started
c LOG 0 113 external variables from 112
c LOG 0 initialized 1 external variables
c LOG 0 new mapping external 113 to internal 64
c LOG 0 declaring 64
c LOG 0 declaring new 64 (max_var: 64, unused: 0, active: 62)
c LOG 0 API call 'declare_var ()' succeeded
c ----------------------------------------------------------------------------
c LOG 0 API call 'add (1)' started
c LOG 0 adding external 1 as internal 1
c LOG 0 API enters state ADDING
c LOG 0 API call 'add (1)' succeeded
c ----------------------------------------------------------------------------
c LOG 0 API call 'add (34)' started
c LOG 0 API enters state STEADY
c LOG 0 adding external 34 as internal 34
c LOG 0 API enters state ADDING
c LOG 0 API call 'add (34)' succeeded
c ----------------------------------------------------------------------------
c LOG 0 API call 'add (-9)' started
c LOG 0 API enters state STEADY
c LOG 0 adding external -9 as internal -9
c LOG 0 API enters state ADDING
c LOG 0 API call 'add (-9)' succeeded
c ----------------------------------------------------------------------------
c LOG 0 API call 'add (0)' started
c LOG 0 API enters state STEADY
c LOG 0 PROOF adding original external clause 1 34 -9
c LOG 0 CHECKER addition of original clause 1 34 -9
c LOG 0 original clause 1 34 -9
c LOG 0 new pointer 0x600001725ce0 irredundant size 3 clause[306] 1 34 -9
c LOG 0 marking added irredundant size 3 clause[306] 1 34 -9
c LOG 0 watch 1 blit 34 in irredundant size 3 clause[305] 1 34 -9
c LOG 0 watch 34 blit 1 in irredundant size 3 clause[305] 1 34 -9
c LOG 0 API call 'add (0)' succeeded
c ----------------------------------------------------------------------------
c LOG 0 API call 'add (45)' started
c LOG 0 adding external 45 as internal 45
c LOG 0 API enters state ADDING
c LOG 0 API call 'add (45)' succeeded
c ----------------------------------------------------------------------------
c LOG 0 API call 'add (57)' started
c LOG 0 API enters state STEADY
c LOG 0 adding external 57 as internal 60
c LOG 0 API enters state ADDING
c LOG 0 API call 'add (57)' succeeded
c ----------------------------------------------------------------------------
c LOG 0 API call 'add (-2)' started
c LOG 0 API enters state STEADY
c LOG 0 adding external -2 as internal -2
c LOG 0 API enters state ADDING
c LOG 0 API call 'add (-2)' succeeded
c ----------------------------------------------------------------------------
c LOG 0 API call 'add (0)' started
c LOG 0 API enters state STEADY
c LOG 0 PROOF adding original external clause 45 57 -2
c LOG 0 CHECKER addition of original clause 45 57 -2
c LOG 0 original clause 45 60 -2
c LOG 0 new pointer 0x600001725d40 irredundant size 3 clause[307] 45 60 -2
c LOG 0 marking added irredundant size 3 clause[307] 45 60 -2
c LOG 0 watch 45 blit 60 in irredundant size 3 clause[306] 45 60 -2
c LOG 0 watch 60 blit 45 in irredundant size 3 clause[306] 45 60 -2
c LOG 0 API call 'add (0)' succeeded
c ----------------------------------------------------------------------------
c LOG 0 API call 'add (-1)' started
c LOG 0 adding external -1 as internal -1
c LOG 0 API enters state ADDING
c LOG 0 API call 'add (-1)' succeeded
c ----------------------------------------------------------------------------
c LOG 0 API call 'add (-24)' started
c LOG 0 API enters state STEADY
c LOG 0 adding external -24 as internal -24
c LOG 0 API enters state ADDING
c LOG 0 API call 'add (-24)' succeeded
c ----------------------------------------------------------------------------
c LOG 0 API call 'add (5)' started
c LOG 0 API enters state STEADY
c LOG 0 adding external 5 as internal 5
c LOG 0 API enters state ADDING
c LOG 0 API call 'add (5)' succeeded
c ----------------------------------------------------------------------------
c LOG 0 API call 'add (0)' started
c LOG 0 API enters state STEADY
c LOG 0 PROOF adding original external clause -1 -24 5
c LOG 0 CHECKER addition of original clause -1 -24 5
c LOG 0 original clause -1 -24 5
c LOG 0 new pointer 0x60000172d3b0 irredundant size 3 clause[308] -1 -24 5
c LOG 0 marking added irredundant size 3 clause[308] -1 -24 5
c LOG 0 watch -1 blit -24 in irredundant size 3 clause[307] -1 -24 5
c LOG 0 watch -24 blit -1 in irredundant size 3 clause[307] -1 -24 5
c LOG 0 API call 'add (0)' succeeded
c ----------------------------------------------------------------------------
c LOG 0 API call 'add (-38)' started
c LOG 0 adding external -38 as internal -38
c LOG 0 API enters state ADDING
c LOG 0 API call 'add (-38)' succeeded
c ----------------------------------------------------------------------------
c LOG 0 API call 'add (-34)' started
c LOG 0 API enters state STEADY
c LOG 0 adding external -34 as internal -34
c LOG 0 API enters state ADDING
c LOG 0 API call 'add (-34)' succeeded
c ----------------------------------------------------------------------------
c LOG 0 API call 'add (55)' started
c LOG 0 API enters state STEADY
c LOG 0 adding external 55 as internal 54
c LOG 0 API enters state ADDING
c LOG 0 API call 'add (55)' succeeded
c ----------------------------------------------------------------------------
c LOG 0 API call 'add (0)' started
c LOG 0 API enters state STEADY
c LOG 0 PROOF adding original external clause -38 -34 55
c LOG 0 CHECKER addition of original clause -38 -34 55
c LOG 0 original clause -38 -34 54
c LOG 0 new pointer 0x60000171a2b0 irredundant size 3 clause[309] -38 -34 54
c LOG 0 marking added irredundant size 3 clause[309] -38 -34 54
c LOG 0 watch -38 blit -34 in irredundant size 3 clause[308] -38 -34 54
c LOG 0 watch -34 blit -38 in irredundant size 3 clause[308] -38 -34 54
c LOG 0 API call 'add (0)' succeeded
c ----------------------------------------------------------------------------
c LOG 0 API call 'add (-22)' started
c LOG 0 adding external -22 as internal -22
c LOG 0 API enters state ADDING
c LOG 0 API call 'add (-22)' succeeded
c ----------------------------------------------------------------------------
c LOG 0 API call 'add (45)' started
c LOG 0 API enters state STEADY
c LOG 0 adding external 45 as internal 45
c LOG 0 API enters state ADDING
c LOG 0 API call 'add (45)' succeeded
c ----------------------------------------------------------------------------
c LOG 0 API call 'add (38)' started
c LOG 0 API enters state STEADY
c LOG 0 adding external 38 as internal 38
c LOG 0 API enters state ADDING
c LOG 0 API call 'add (38)' succeeded
c ----------------------------------------------------------------------------
c LOG 0 API call 'add (0)' started
c LOG 0 API enters state STEADY
c LOG 0 PROOF adding original external clause -22 45 38
c LOG 0 CHECKER addition of original clause -22 45 38
c LOG 0 original clause -22 45 38
c LOG 0 new pointer 0x60000172d410 irredundant size 3 clause[310] -22 45 38
c LOG 0 marking added irredundant size 3 clause[310] -22 45 38
c LOG 0 watch -22 blit 45 in irredundant size 3 clause[309] -22 45 38
c LOG 0 watch 45 blit -22 in irredundant size 3 clause[309] -22 45 38
c LOG 0 API call 'add (0)' succeeded
c ----------------------------------------------------------------------------
c LOG 0 API call 'add (46)' started
c LOG 0 adding external 46 as internal 46
c LOG 0 API enters state ADDING
c LOG 0 API call 'add (46)' succeeded
c ----------------------------------------------------------------------------
c LOG 0 API call 'add (-41)' started
c LOG 0 API enters state STEADY
c LOG 0 adding external -41 as internal -41
c LOG 0 API enters state ADDING
c LOG 0 API call 'add (-41)' succeeded
c ----------------------------------------------------------------------------
c LOG 0 API call 'add (10)' started
c LOG 0 API enters state STEADY
c LOG 0 adding external 10 as internal 10
c LOG 0 API enters state ADDING
c LOG 0 API call 'add (10)' succeeded
c ----------------------------------------------------------------------------
c LOG 0 API call 'add (0)' started
c LOG 0 API enters state STEADY
c LOG 0 PROOF adding original external clause 46 -41 10
c LOG 0 CHECKER addition of original clause 46 -41 10
c LOG 0 original clause 46 -41 10
c LOG 0 new pointer 0x60000172d470 irredundant size 3 clause[311] 46 -41 10
c LOG 0 marking added irredundant size 3 clause[311] 46 -41 10
c LOG 0 watch 46 blit -41 in irredundant size 3 clause[310] 46 -41 10
c LOG 0 watch -41 blit 46 in irredundant size 3 clause[310] 46 -41 10
c LOG 0 API call 'add (0)' succeeded
c ----------------------------------------------------------------------------
c LOG 0 API call 'add (-45)' started
c LOG 0 adding external -45 as internal -45
c LOG 0 API enters state ADDING
c LOG 0 API call 'add (-45)' succeeded
c ----------------------------------------------------------------------------
c LOG 0 API call 'add (27)' started
c LOG 0 API enters state STEADY
c LOG 0 adding external 27 as internal 27
c LOG 0 API enters state ADDING
c LOG 0 API call 'add (27)' succeeded
c ----------------------------------------------------------------------------
c LOG 0 API call 'add (38)' started
c LOG 0 API enters state STEADY
c LOG 0 adding external 38 as internal 38
c LOG 0 API enters state ADDING
c LOG 0 API call 'add (38)' succeeded
c ----------------------------------------------------------------------------
c LOG 0 API call 'add (-59)' started
c LOG 0 API enters state STEADY
c LOG 0 adding external -59 as internal -52
c LOG 0 API enters state ADDING
c LOG 0 API call 'add (-59)' succeeded
c ----------------------------------------------------------------------------
c LOG 0 API call 'add (0)' started
c LOG 0 API enters state STEADY
c LOG 0 PROOF adding original external clause -45 27 38 -59
c LOG 0 CHECKER addition of original clause -45 27 38 -59
c LOG 0 original clause -45 27 38 -52
c LOG 0 new pointer 0x60000172d4a0 irredundant size 4 clause[312] -45 27 38 -52
c LOG 0 marking added irredundant size 4 clause[312] -45 27 38 -52
c LOG 0 watch -45 blit 27 in irredundant size 4 clause[311] -45 27 38 -52
c LOG 0 watch 27 blit -45 in irredundant size 4 clause[311] -45 27 38 -52
c LOG 0 API call 'add (0)' succeeded
c ----------------------------------------------------------------------------
c LOG 0 API call 'add (51)' started
c LOG 0 adding external 51 as internal 51
c LOG 0 API enters state ADDING
c LOG 0 API call 'add (51)' succeeded
c ----------------------------------------------------------------------------
c LOG 0 API call 'add (44)' started
c LOG 0 API enters state STEADY
c LOG 0 adding external 44 as internal 44
c LOG 0 API enters state ADDING
c LOG 0 API call 'add (44)' succeeded
c ----------------------------------------------------------------------------
c LOG 0 API call 'add (-46)' started
c LOG 0 API enters state STEADY
c LOG 0 adding external -46 as internal -46
c LOG 0 API enters state ADDING
c LOG 0 API call 'add (-46)' succeeded
c ----------------------------------------------------------------------------
c LOG 0 API call 'add (-25)' started
c LOG 0 API enters state STEADY
c LOG 0 adding external -25 as internal -25
c LOG 0 API enters state ADDING
c LOG 0 API call 'add (-25)' succeeded
c ----------------------------------------------------------------------------
c LOG 0 API call 'add (-35)' started
c LOG 0 API enters state STEADY
c LOG 0 adding external -35 as internal -35
c LOG 0 API enters state ADDING
c LOG 0 API call 'add (-35)' succeeded
c ----------------------------------------------------------------------------
c LOG 0 API call 'add (-34)' started
c LOG 0 API enters state STEADY
c LOG 0 adding external -34 as internal -34
c LOG 0 API enters state ADDING
c LOG 0 API call 'add (-34)' succeeded
c ----------------------------------------------------------------------------
c LOG 0 API call 'add (-26)' started
c LOG 0 API enters state STEADY
c LOG 0 adding external -26 as internal -26
c LOG 0 API enters state ADDING
c LOG 0 API call 'add (-26)' succeeded
c ----------------------------------------------------------------------------
c LOG 0 API call 'add (-42)' started
c LOG 0 API enters state STEADY
c LOG 0 adding external -42 as internal -42
c LOG 0 API enters state ADDING
c LOG 0 API call 'add (-42)' succeeded
c ----------------------------------------------------------------------------
c LOG 0 API call 'add (10)' started
c LOG 0 API enters state STEADY
c LOG 0 adding external 10 as internal 10
c LOG 0 API enters state ADDING
c LOG 0 API call 'add (10)' succeeded
c ----------------------------------------------------------------------------
c LOG 0 API call 'add (-21)' started
c LOG 0 API enters state STEADY
c LOG 0 adding external -21 as internal -21
c LOG 0 API enters state ADDING
c LOG 0 API call 'add (-21)' succeeded
c ----------------------------------------------------------------------------
c LOG 0 API call 'add (9)' started
c LOG 0 API enters state STEADY
c LOG 0 adding external 9 as internal 9
c LOG 0 API enters state ADDING
c LOG 0 API call 'add (9)' succeeded
c ----------------------------------------------------------------------------
c LOG 0 API call 'add (-56)' started
c LOG 0 API enters state STEADY
c LOG 0 adding external -56 as internal -56
c LOG 0 API enters state ADDING
c LOG 0 API call 'add (-56)' succeeded
c ----------------------------------------------------------------------------
c LOG 0 API call 'add (15)' started
c LOG 0 API enters state STEADY
c LOG 0 adding external 15 as internal 15
c LOG 0 API enters state ADDING
c LOG 0 API call 'add (15)' succeeded
c ----------------------------------------------------------------------------
c LOG 0 API call 'add (60)' started
c LOG 0 API enters state STEADY
c LOG 0 adding external 60 as internal 58
c LOG 0 API enters state ADDING
c LOG 0 API call 'add (60)' succeeded
c ----------------------------------------------------------------------------
c LOG 0 API call 'add (-3)' started
c LOG 0 API enters state STEADY
c LOG 0 adding external -3 as internal -3
c LOG 0 API enters state ADDING
c LOG 0 API call 'add (-3)' succeeded
c ----------------------------------------------------------------------------
c LOG 0 API call 'add (-18)' started
c LOG 0 API enters state STEADY
c LOG 0 adding external -18 as internal -18
c LOG 0 API enters state ADDING
c LOG 0 API call 'add (-18)' succeeded
c ----------------------------------------------------------------------------
c LOG 0 API call 'add (-22)' started
c LOG 0 API enters state STEADY
c LOG 0 adding external -22 as internal -22
c LOG 0 API enters state ADDING
c LOG 0 API call 'add (-22)' succeeded
c ----------------------------------------------------------------------------
c LOG 0 API call 'add (-55)' started
c LOG 0 API enters state STEADY
c LOG 0 adding external -55 as internal -54
c LOG 0 API enters state ADDING
c LOG 0 API call 'add (-55)' succeeded
c ----------------------------------------------------------------------------
c LOG 0 API call 'add (24)' started
c LOG 0 API enters state STEADY
c LOG 0 adding external 24 as internal 24
c LOG 0 API enters state ADDING
c LOG 0 API call 'add (24)' succeeded
c ----------------------------------------------------------------------------
c LOG 0 API call 'add (-50)' started
c LOG 0 API enters state STEADY
c LOG 0 adding external -50 as internal -50
c LOG 0 API enters state ADDING
c LOG 0 API call 'add (-50)' succeeded
c ----------------------------------------------------------------------------
c LOG 0 API call 'add (0)' started
c LOG 0 API enters state STEADY
c LOG 0 PROOF adding original external clause 51 44 -46 -25 -35 -34 -26 -42 10 -21 9 -56 15 60 -3 -18 -22 -55 24 -50
c LOG 0 CHECKER addition of original clause 51 44 -46 -25 -35 -34 -26 -42 10 -21 9 -56 15 60 -3 -18 -22 -55 24 -50
c LOG 0 original clause 51 44 -46 -25 -35 -34 -26 -42 10 -21 9 -56 15 58 -3 -18 -22 -54 24 -50
c LOG 0 new pointer 0x6000032001c0 irredundant size 20 clause[313] 51 44 -46 -25 -35 -34 -26 -42 10 -21 9 -56 15 58 -3 -18 -22 -54 24 -50
c LOG 0 marking added irredundant size 20 clause[313] 51 44 -46 -25 -35 -34 -26 -42 10 -21 9 -56 15 58 -3 -18 -22 -54 24 -50
c LOG 0 watch 51 blit 44 in irredundant size 20 clause[312] 51 44 -46 -25 -35 -34 -26 -42 10 -21 9 -56 15 58 -3 -18 -22 -54 24 -50
c LOG 0 watch 44 blit 51 in irredundant size 20 clause[312] 51 44 -46 -25 -35 -34 -26 -42 10 -21 9 -56 15 58 -3 -18 -22 -54 24 -50
c LOG 0 API call 'add (0)' succeeded
c ----------------------------------------------------------------------------
c LOG 0 API call 'add (-2)' started
c LOG 0 adding external -2 as internal -2
c LOG 0 API enters state ADDING
c LOG 0 API call 'add (-2)' succeeded
c ----------------------------------------------------------------------------
c LOG 0 API call 'add (-30)' started
c LOG 0 API enters state STEADY
c LOG 0 adding external -30 as internal -30
c LOG 0 API enters state ADDING
c LOG 0 API call 'add (-30)' succeeded
c ----------------------------------------------------------------------------
c LOG 0 API call 'add (-53)' started
c LOG 0 API enters state STEADY
c LOG 0 adding external -53 as internal -57
c LOG 0 API enters state ADDING
c LOG 0 API call 'add (-53)' succeeded
c ----------------------------------------------------------------------------
c LOG 0 API call 'add (-23)' started
c LOG 0 API enters state STEADY
c LOG 0 adding external -23 as internal -23
c LOG 0 API enters state ADDING
c LOG 0 API call 'add (-23)' succeeded
c ----------------------------------------------------------------------------
c LOG 0 API call 'add (59)' started
c LOG 0 API enters state STEADY
c LOG 0 adding external 59 as internal 52
c LOG 0 API enters state ADDING
c LOG 0 API call 'add (59)' succeeded
c ----------------------------------------------------------------------------
c LOG 0 API call 'add (-41)' started
c LOG 0 API enters state STEADY
c LOG 0 adding external -41 as internal -41
c LOG 0 API enters state ADDING
c LOG 0 API call 'add (-41)' succeeded
c ----------------------------------------------------------------------------
c LOG 0 API call 'add (-50)' started
c LOG 0 API enters state STEADY
c LOG 0 adding external -50 as internal -50
c LOG 0 API enters state ADDING
c LOG 0 API call 'add (-50)' succeeded
c ----------------------------------------------------------------------------
c LOG 0 API call 'add (18)' started
c LOG 0 API enters state STEADY
c LOG 0 adding external 18 as internal 18
c LOG 0 API enters state ADDING
c LOG 0 API call 'add (18)' succeeded
c ----------------------------------------------------------------------------
c LOG 0 API call 'add (60)' started
c LOG 0 API enters state STEADY
c LOG 0 adding external 60 as internal 58
c LOG 0 API enters state ADDING
c LOG 0 API call 'add (60)' succeeded
c ----------------------------------------------------------------------------
c LOG 0 API call 'add (21)' started
c LOG 0 API enters state STEADY
c LOG 0 adding external 21 as internal 21
c LOG 0 API enters state ADDING
c LOG 0 API call 'add (21)' succeeded
c ----------------------------------------------------------------------------
c LOG 0 API call 'add (-9)' started
c LOG 0 API enters state STEADY
c LOG 0 adding external -9 as internal -9
c LOG 0 API enters state ADDING
c LOG 0 API call 'add (-9)' succeeded
c ----------------------------------------------------------------------------
c LOG 0 API call 'add (-51)' started
c LOG 0 API enters state STEADY
c LOG 0 adding external -51 as internal -51
c LOG 0 API enters state ADDING
c LOG 0 API call 'add (-51)' succeeded
c ----------------------------------------------------------------------------
c LOG 0 API call 'add (36)' started
c LOG 0 API enters state STEADY
c LOG 0 adding external 36 as internal 36
c LOG 0 API enters state ADDING
c LOG 0 API call 'add (36)' succeeded
c ----------------------------------------------------------------------------
c LOG 0 API call 'add (49)' started
c LOG 0 API enters state STEADY
c LOG 0 adding external 49 as internal 49
c LOG 0 API enters state ADDING
c LOG 0 API call 'add (49)' succeeded
c ----------------------------------------------------------------------------
c LOG 0 API call 'add (0)' started
c LOG 0 API enters state STEADY
c LOG 0 PROOF adding original external clause -2 -30 -53 -23 59 -41 -50 18 60 21 -9 -51 36 49
c LOG 0 CHECKER addition of original clause -2 -30 -53 -23 59 -41 -50 18 60 21 -9 -51 36 49
c LOG 0 original clause -2 -30 -57 -23 52 -41 -50 18 58 21 -9 -51 36 49
c LOG 0 new pointer 0x600003a0c140 irredundant size 14 clause[314] -2 -30 -57 -23 52 -41 -50 18 58 21 -9 -51 36 49
c LOG 0 marking added irredundant size 14 clause[314] -2 -30 -57 -23 52 -41 -50 18 58 21 -9 -51 36 49
c LOG 0 watch -2 blit -30 in irredundant size 14 clause[313] -2 -30 -57 -23 52 -41 -50 18 58 21 -9 -51 36 49
c LOG 0 watch -30 blit -2 in irredundant size 14 clause[313] -2 -30 -57 -23 52 -41 -50 18 58 21 -9 -51 36 49
c LOG 0 API call 'add (0)' succeeded
c ----------------------------------------------------------------------------
c LOG 0 API call 'add (35)' started
c LOG 0 adding external 35 as internal 35
c LOG 0 API enters state ADDING
c LOG 0 API call 'add (35)' succeeded
c ----------------------------------------------------------------------------
c LOG 0 API call 'add (24)' started
c LOG 0 API enters state STEADY
c LOG 0 adding external 24 as internal 24
c LOG 0 API enters state ADDING
c LOG 0 API call 'add (24)' succeeded
c ----------------------------------------------------------------------------
c LOG 0 API call 'add (52)' started
c LOG 0 API enters state STEADY
c LOG 0 adding external 52 as internal 53
c LOG 0 API enters state ADDING
c LOG 0 API call 'add (52)' succeeded
c ----------------------------------------------------------------------------
c LOG 0 API call 'add (0)' started
c LOG 0 API enters state STEADY
c LOG 0 PROOF adding original external clause 35 24 52
c LOG 0 CHECKER addition of original clause 35 24 52
c LOG 0 original clause 35 24 53
c LOG 0 new pointer 0x600001725da0 irredundant size 3 clause[315] 35 24 53
c LOG 0 marking added irredundant size 3 clause[315] 35 24 53
c LOG 0 watch 35 blit 24 in irredundant size 3 clause[314] 35 24 53
c LOG 0 watch 24 blit 35 in irredundant size 3 clause[314] 35 24 53
c LOG 0 API call 'add (0)' succeeded
c ----------------------------------------------------------------------------
c LOG 0 API call 'add (-55)' started
c LOG 0 adding external -55 as internal -54
c LOG 0 API enters state ADDING
c LOG 0 API call 'add (-55)' succeeded
c ----------------------------------------------------------------------------
c LOG 0 API call 'add (24)' started
c LOG 0 API enters state STEADY
c LOG 0 adding external 24 as internal 24
c LOG 0 API enters state ADDING
c LOG 0 API call 'add (24)' succeeded
c ----------------------------------------------------------------------------
c LOG 0 API call 'add (-52)' started
c LOG 0 API enters state STEADY
c LOG 0 adding external -52 as internal -53
c LOG 0 API enters state ADDING
c LOG 0 API call 'add (-52)' succeeded
c ----------------------------------------------------------------------------
c LOG 0 API call 'add (0)' started
c LOG 0 API enters state STEADY
c LOG 0 PROOF adding original external clause -55 24 -52
c LOG 0 CHECKER addition of original clause -55 24 -52
c LOG 0 original clause -54 24 -53
c LOG 0 new pointer 0x600001725e00 irredundant size 3 clause[316] -54 24 -53
c LOG 0 marking added irredundant size 3 clause[316] -54 24 -53
c LOG 0 watch -54 blit 24 in irredundant size 3 clause[315] -54 24 -53
c LOG 0 watch 24 blit -54 in irredundant size 3 clause[315] -54 24 -53
c LOG 0 API call 'add (0)' succeeded
c ----------------------------------------------------------------------------
c LOG 0 API call 'add (3)' started
c LOG 0 adding external 3 as internal 3
c LOG 0 API enters state ADDING
c LOG 0 API call 'add (3)' succeeded
c ----------------------------------------------------------------------------
c LOG 0 API call 'add (40)' started
c LOG 0 API enters state STEADY
c LOG 0 adding external 40 as internal 40
c LOG 0 API enters state ADDING
c LOG 0 API call 'add (40)' succeeded
c ----------------------------------------------------------------------------
c LOG 0 API call 'add (-47)' started
c LOG 0 API enters state STEADY
c LOG 0 adding external -47 as internal -47
c LOG 0 API enters state ADDING
c LOG 0 API call 'add (-47)' succeeded
c ----------------------------------------------------------------------------
c LOG 0 API call 'add (0)' started
c LOG 0 API enters state STEADY
c LOG 0 PROOF adding original external clause 3 40 -47
c LOG 0 CHECKER addition of original clause 3 40 -47
c LOG 0 original clause 3 40 -47
c LOG 0 new pointer 0x60000171a340 irredundant size 3 clause[317] 3 40 -47
c LOG 0 marking added irredundant size 3 clause[317] 3 40 -47
c LOG 0 watch 3 blit 40 in irredundant size 3 clause[316] 3 40 -47
c LOG 0 watch 40 blit 3 in irredundant size 3 clause[316] 3 40 -47
c LOG 0 API call 'add (0)' succeeded
c ----------------------------------------------------------------------------
c LOG 0 API call 'add (-8)' started
c LOG 0 adding external -8 as internal -8
c LOG 0 API enters state ADDING
c LOG 0 API call 'add (-8)' succeeded
c ----------------------------------------------------------------------------
c LOG 0 API call 'add (55)' started
c LOG 0 API enters state STEADY
c LOG 0 adding external 55 as internal 54
c LOG 0 API enters state ADDING
c LOG 0 API call 'add (55)' succeeded
c ----------------------------------------------------------------------------
c LOG 0 API call 'add (-34)' started
c LOG 0 API enters state STEADY
c LOG 0 adding external -34 as internal -34
c LOG 0 API enters state ADDING
c LOG 0 API call 'add (-34)' succeeded
c ----------------------------------------------------------------------------
c LOG 0 API call 'add (0)' started
c LOG 0 API enters state STEADY
c LOG 0 PROOF adding original external clause -8 55 -34
c LOG 0 CHECKER addition of original clause -8 55 -34
c LOG 0 original clause -8 54 -34
c LOG 0 new pointer 0x60000171a3a0 irredundant size 3 clause[318] -8 54 -34
c LOG 0 marking added irredundant size 3 clause[318] -8 54 -34
c LOG 0 watch -8 blit 54 in irredundant size 3 clause[317] -8 54 -34
c LOG 0 watch 54 blit -8 in irredundant size 3 clause[317] -8 54 -34
c LOG 0 API call 'add (0)' succeeded
c ----------------------------------------------------------------------------
c LOG 0 API call 'add (3)' started
c LOG 0 adding external 3 as internal 3
c LOG 0 API enters state ADDING
c LOG 0 API call 'add (3)' succeeded
c ----------------------------------------------------------------------------
c LOG 0 API call 'add (8)' started
c LOG 0 API enters state STEADY
c LOG 0 adding external 8 as internal 8
c LOG 0 API enters state ADDING
c LOG 0 API call 'add (8)' succeeded
c ----------------------------------------------------------------------------
c LOG 0 API call 'add (-38)' started
c LOG 0 API enters state STEADY
c LOG 0 adding external -38 as internal -38
c LOG 0 API enters state ADDING
c LOG 0 API call 'add (-38)' succeeded
c ----------------------------------------------------------------------------
c LOG 0 API call 'add (0)' started
c LOG 0 API enters state STEADY
c LOG 0 PROOF adding original external clause 3 8 -38
c LOG 0 CHECKER addition of original clause 3 8 -38
c LOG 0 original clause 3 8 -38
c LOG 0 new pointer 0x600001725e60 irredundant size 3 clause[319] 3 8 -38
c LOG 0 marking added irredundant size 3 clause[319] 3 8 -38
c LOG 0 watch 3 blit 8 in irredundant size 3 clause[318] 3 8 -38
c LOG 0 watch 8 blit 3 in irredundant size 3 clause[318] 3 8 -38
c LOG 0 API call 'add (0)' succeeded
c ----------------------------------------------------------------------------
c LOG 0 API call 'add (-24)' started
c LOG 0 adding external -24 as internal -24
c LOG 0 API enters state ADDING
c LOG 0 API call 'add (-24)' succeeded
c ----------------------------------------------------------------------------
c LOG 0 API call 'add (-58)' started
c LOG 0 API enters state STEADY
c LOG 0 adding external -58 as internal -59
c LOG 0 API enters state ADDING
c LOG 0 API call 'add (-58)' succeeded
c ----------------------------------------------------------------------------
c LOG 0 API call 'add (52)' started
c LOG 0 API enters state STEADY
c LOG 0 adding external 52 as internal 53
c LOG 0 API enters state ADDING
c LOG 0 API call 'add (52)' succeeded
c ----------------------------------------------------------------------------
c LOG 0 API call 'add (0)' started
c LOG 0 API enters state STEADY
c LOG 0 PROOF adding original external clause -24 -58 52
c LOG 0 CHECKER addition of original clause -24 -58 52
c LOG 0 original clause -24 -59 53
c LOG 0 new pointer 0x600001725ec0 irredundant size 3 clause[320] -24 -59 53
c LOG 0 marking added irredundant size 3 clause[320] -24 -59 53
c LOG 0 watch -24 blit -59 in irredundant size 3 clause[319] -24 -59 53
c LOG 0 watch -59 blit -24 in irredundant size 3 clause[319] -24 -59 53
c LOG 0 API call 'add (0)' succeeded
c ----------------------------------------------------------------------------
c LOG 0 API call 'add (45)' started
c LOG 0 adding external 45 as internal 45
c LOG 0 API enters state ADDING
c LOG 0 API call 'add (45)' succeeded
c ----------------------------------------------------------------------------
c LOG 0 API call 'add (27)' started
c LOG 0 API enters state STEADY
c LOG 0 adding external 27 as internal 27
c LOG 0 API enters state ADDING
c LOG 0 API call 'add (27)' succeeded
c ----------------------------------------------------------------------------
c LOG 0 API call 'add (55)' started
c LOG 0 API enters state STEADY
c LOG 0 adding external 55 as internal 54
c LOG 0 API enters state ADDING
c LOG 0 API call 'add (55)' succeeded
c ----------------------------------------------------------------------------
c LOG 0 API call 'add (0)' started
c LOG 0 API enters state STEADY
c LOG 0 PROOF adding original external clause 45 27 55
c LOG 0 CHECKER addition of original clause 45 27 55
c LOG 0 original clause 45 27 54
c LOG 0 new pointer 0x600001725f20 irredundant size 3 clause[321] 45 27 54
c LOG 0 marking added irredundant size 3 clause[321] 45 27 54
c LOG 0 watch 45 blit 27 in irredundant size 3 clause[320] 45 27 54
c LOG 0 watch 27 blit 45 in irredundant size 3 clause[320] 45 27 54
c LOG 0 API call 'add (0)' succeeded
c ----------------------------------------------------------------------------
c LOG 0 API call 'add (-45)' started
c LOG 0 adding external -45 as internal -45
c LOG 0 API enters state ADDING
c LOG 0 API call 'add (-45)' succeeded
c ----------------------------------------------------------------------------
c LOG 0 API call 'add (54)' started
c LOG 0 API enters state STEADY
c LOG 0 adding external 54 as internal 62
c LOG 0 API enters state ADDING
c LOG 0 API call 'add (54)' succeeded
c ----------------------------------------------------------------------------
c LOG 0 API call 'add (21)' started
c LOG 0 API enters state STEADY
c LOG 0 adding external 21 as internal 21
c LOG 0 API enters state ADDING
c LOG 0 API call 'add (21)' succeeded
c ----------------------------------------------------------------------------
c LOG 0 API call 'add (0)' started
c LOG 0 API enters state STEADY
c LOG 0 PROOF adding original external clause -45 54 21
c LOG 0 CHECKER addition of original clause -45 54 21
c LOG 0 original clause -45 62 21
c LOG 0 new pointer 0x60000171a400 irredundant size 3 clause[322] -45 62 21
c LOG 0 marking added irredundant size 3 clause[322] -45 62 21
c LOG 0 watch -45 blit 62 in irredundant size 3 clause[321] -45 62 21
c LOG 0 watch 62 blit -45 in irredundant size 3 clause[321] -45 62 21
c LOG 0 API call 'add (0)' succeeded
c ----------------------------------------------------------------------------
c LOG 0 API call 'add (-45)' started
c LOG 0 adding external -45 as internal -45
c LOG 0 API enters state ADDING
c LOG 0 API call 'add (-45)' succeeded
c ----------------------------------------------------------------------------
c LOG 0 API call 'add (25)' started
c LOG 0 API enters state STEADY
c LOG 0 adding external 25 as internal 25
c LOG 0 API enters state ADDING
c LOG 0 API call 'add (25)' succeeded
c ----------------------------------------------------------------------------
c LOG 0 API call 'add (27)' started
c LOG 0 API enters state STEADY
c LOG 0 adding external 27 as internal 27
c LOG 0 API enters state ADDING
c LOG 0 API call 'add (27)' succeeded
c ----------------------------------------------------------------------------
c LOG 0 API call 'add (0)' started
c LOG 0 API enters state STEADY
c LOG 0 PROOF adding original external clause -45 25 27
c LOG 0 CHECKER addition of original clause -45 25 27
c LOG 0 original clause -45 25 27
c LOG 0 new pointer 0x60000171a460 irredundant size 3 clause[323] -45 25 27
c LOG 0 marking added irredundant size 3 clause[323] -45 25 27
c LOG 0 watch -45 blit 25 in irredundant size 3 clause[322] -45 25 27
c LOG 0 watch 25 blit -45 in irredundant size 3 clause[322] -45 25 27
c LOG 0 API call 'add (0)' succeeded
c ----------------------------------------------------------------------------
c LOG 0 API call 'add (-35)' started
c LOG 0 adding external -35 as internal -35
c LOG 0 API enters state ADDING
c LOG 0 API call 'add (-35)' succeeded
c ----------------------------------------------------------------------------
c LOG 0 API call 'add (8)' started
c LOG 0 API enters state STEADY
c LOG 0 adding external 8 as internal 8
c LOG 0 API enters state ADDING
c LOG 0 API call 'add (8)' succeeded
c ----------------------------------------------------------------------------
c LOG 0 API call 'add (-15)' started
c LOG 0 API enters state STEADY
c LOG 0 adding external -15 as internal -15
c LOG 0 API enters state ADDING
c LOG 0 API call 'add (-15)' succeeded
c ----------------------------------------------------------------------------
c LOG 0 API call 'add (-38)' started
c LOG 0 API enters state STEADY
c LOG 0 adding external -38 as internal -38
c LOG 0 API enters state ADDING
c LOG 0 API call 'add (-38)' succeeded
c ----------------------------------------------------------------------------
c LOG 0 API call 'add (47)' started
c LOG 0 API enters state STEADY
c LOG 0 adding external 47 as internal 47
c LOG 0 API enters state ADDING
c LOG 0 API call 'add (47)' succeeded
c ----------------------------------------------------------------------------
c LOG 0 API call 'add (-41)' started
c LOG 0 API enters state STEADY
c LOG 0 adding external -41 as internal -41
c LOG 0 API enters state ADDING
c LOG 0 API call 'add (-41)' succeeded
c ----------------------------------------------------------------------------
c LOG 0 API call 'add (60)' started
c LOG 0 API enters state STEADY
c LOG 0 adding external 60 as internal 58
c LOG 0 API enters state ADDING
c LOG 0 API call 'add (60)' succeeded
c ----------------------------------------------------------------------------
c LOG 0 API call 'add (1)' started
c LOG 0 API enters state STEADY
c LOG 0 adding external 1 as internal 1
c LOG 0 API enters state ADDING
c LOG 0 API call 'add (1)' succeeded
c ----------------------------------------------------------------------------
c LOG 0 API call 'add (3)' started
c LOG 0 API enters state STEADY
c LOG 0 adding external 3 as internal 3
c LOG 0 API enters state ADDING
c LOG 0 API call 'add (3)' succeeded
c ----------------------------------------------------------------------------
c LOG 0 API call 'add (21)' started
c LOG 0 API enters state STEADY
c LOG 0 adding external 21 as internal 21
c LOG 0 API enters state ADDING
c LOG 0 API call 'add (21)' succeeded
c ----------------------------------------------------------------------------
c LOG 0 API call 'add (32)' started
c LOG 0 API enters state STEADY
c LOG 0 adding external 32 as internal 32
c LOG 0 API enters state ADDING
c LOG 0 API call 'add (32)' succeeded
c ----------------------------------------------------------------------------
c LOG 0 API call 'add (-25)' started
c LOG 0 API enters state STEADY
c LOG 0 adding external -25 as internal -25
c LOG 0 API enters state ADDING
c LOG 0 API call 'add (-25)' succeeded
c ----------------------------------------------------------------------------
c LOG 0 API call 'add (14)' started
c LOG 0 API enters state STEADY
c LOG 0 adding external 14 as internal 14
c LOG 0 API enters state ADDING
c LOG 0 API call 'add (14)' succeeded
c ----------------------------------------------------------------------------
c LOG 0 API call 'add (5)' started
c LOG 0 API enters state STEADY
c LOG 0 adding external 5 as internal 5
c LOG 0 API enters state ADDING
c LOG 0 API call 'add (5)' succeeded
c ----------------------------------------------------------------------------
c LOG 0 API call 'add (55)' started
c LOG 0 API enters state STEADY
c LOG 0 adding external 55 as internal 54
c LOG 0 API enters state ADDING
c LOG 0 API call 'add (55)' succeeded
c ----------------------------------------------------------------------------
c LOG 0 API call 'add (51)' started
c LOG 0 API enters state STEADY
c LOG 0 adding external 51 as internal 51
c LOG 0 API enters state ADDING
c LOG 0 API call 'add (51)' succeeded
c ----------------------------------------------------------------------------
c LOG 0 API call 'add (0)' started
c LOG 0 API enters state STEADY
c LOG 0 PROOF adding original external clause -35 8 -15 -38 47 -41 60 1 3 21 32 -25 14 5 55 51
c LOG 0 CHECKER addition of original clause -35 8 -15 -38 47 -41 60 1 3 21 32 -25 14 5 55 51
c LOG 0 original clause -35 8 -15 -38 47 -41 58 1 3 21 32 -25 14 5 54 51
c LOG 0 new pointer 0x600003d04120 irredundant size 16 clause[324] -35 8 -15 -38 47 -41 58 1 3 21 32 -25 14 5 54 51
c LOG 0 marking added irredundant size 16 clause[324] -35 8 -15 -38 47 -41 58 1 3 21 32 -25 14 5 54 51
c LOG 0 watch -35 blit 8 in irredundant size 16 clause[323] -35 8 -15 -38 47 -41 58 1 3 21 32 -25 14 5 54 51
c LOG 0 watch 8 blit -35 in irredundant size 16 clause[323] -35 8 -15 -38 47 -41 58 1 3 21 32 -25 14 5 54 51
c LOG 0 API call 'add (0)' succeeded
c ----------------------------------------------------------------------------
c LOG 0 API call 'add (-54)' started
c LOG 0 adding external -54 as internal -62
c LOG 0 API enters state ADDING
c LOG 0 API call 'add (-54)' succeeded
c ----------------------------------------------------------------------------
c LOG 0 API call 'add (13)' started
c LOG 0 API enters state STEADY
c LOG 0 adding external 13 as internal 13
c LOG 0 API enters state ADDING
c LOG 0 API call 'add (13)' succeeded
c ----------------------------------------------------------------------------
c LOG 0 API call 'add (-18)' started
c LOG 0 API enters state STEADY
c LOG 0 adding external -18 as internal -18
c LOG 0 API enters state ADDING
c LOG 0 API call 'add (-18)' succeeded
c ----------------------------------------------------------------------------
c LOG 0 API call 'add (0)' started
c LOG 0 API enters state STEADY
c LOG 0 PROOF adding original external clause -54 13 -18
c LOG 0 CHECKER addition of original clause -54 13 -18
c LOG 0 original clause -62 13 -18
c LOG 0 new pointer 0x60000171a4c0 irredundant size 3 clause[325] -62 13 -18
c LOG 0 marking added irredundant size 3 clause[325] -62 13 -18
c LOG 0 watch -62 blit 13 in irredundant size 3 clause[324] -62 13 -18
c LOG 0 watch 13 blit -62 in irredundant size 3 clause[324] -62 13 -18
c LOG 0 API call 'add (0)' succeeded
c ----------------------------------------------------------------------------
c LOG 0 API call 'add (31)' started
c LOG 0 adding external 31 as internal 31
c LOG 0 API enters state ADDING
c LOG 0 API call 'add (31)' succeeded
c ----------------------------------------------------------------------------
c LOG 0 API call 'add (-40)' started
c LOG 0 API enters state STEADY
c LOG 0 adding external -40 as internal -40
c LOG 0 API enters state ADDING
c LOG 0 API call 'add (-40)' succeeded
c ----------------------------------------------------------------------------
c LOG 0 API call 'add (27)' started
c LOG 0 API enters state STEADY
c LOG 0 adding external 27 as internal 27
c LOG 0 API enters state ADDING
c LOG 0 API call 'add (27)' succeeded
c ----------------------------------------------------------------------------
c LOG 0 API call 'add (0)' started
c LOG 0 API enters state STEADY
c LOG 0 PROOF adding original external clause 31 -40 27
c LOG 0 CHECKER addition of original clause 31 -40 27
c LOG 0 original clause 31 -40 27
c LOG 0 new pointer 0x60000171a520 irredundant size 3 clause[326] 31 -40 27
c LOG 0 marking added irredundant size 3 clause[326] 31 -40 27
c LOG 0 watch 31 blit -40 in irredundant size 3 clause[325] 31 -40 27
c LOG 0 watch -40 blit 31 in irredundant size 3 clause[325] 31 -40 27
c LOG 0 API call 'add (0)' succeeded
c ----------------------------------------------------------------------------
c LOG 0 API call 'add (-22)' started
c LOG 0 adding external -22 as internal -22
c LOG 0 API enters state ADDING
c LOG 0 API call 'add (-22)' succeeded
c ----------------------------------------------------------------------------
c LOG 0 API call 'add (25)' started
c LOG 0 API enters state STEADY
c LOG 0 adding external 25 as internal 25
c LOG 0 API enters state ADDING
c LOG 0 API call 'add (25)' succeeded
c ----------------------------------------------------------------------------
c LOG 0 API call 'add (0)' started
c LOG 0 API enters state STEADY
c LOG 0 PROOF adding original external clause -22 25
c LOG 0 CHECKER addition of original clause -22 25
c LOG 0 original clause -22 25
c LOG 0 new pointer 0x6000019080c0 irredundant size 2 clause[327] -22 25
c LOG 0 marking added irredundant size 2 clause[327] -22 25
c LOG 0 watch -22 blit 25 in irredundant size 2 clause[326] -22 25
c LOG 0 watch 25 blit -22 in irredundant size 2 clause[326] -22 25
c LOG 0 API call 'add (0)' succeeded
c ----------------------------------------------------------------------------
c LOG 0 API call 'add (42)' started
c LOG 0 adding external 42 as internal 42
c LOG 0 API enters state ADDING
c LOG 0 API call 'add (42)' succeeded
c ----------------------------------------------------------------------------
c LOG 0 API call 'add (30)' started
c LOG 0 API enters state STEADY
c LOG 0 adding external 30 as internal 30
c LOG 0 API enters state ADDING
c LOG 0 API call 'add (30)' succeeded
c ----------------------------------------------------------------------------
c LOG 0 API call 'add (13)' started
c LOG 0 API enters state STEADY
c LOG 0 adding external 13 as internal 13
c LOG 0 API enters state ADDING
c LOG 0 API call 'add (13)' succeeded
c ----------------------------------------------------------------------------
c LOG 0 API call 'add (0)' started
c LOG 0 API enters state STEADY
c LOG 0 PROOF adding original external clause 42 30 13
c LOG 0 CHECKER addition of original clause 42 30 13
c LOG 0 original clause 42 30 13
c LOG 0 new pointer 0x600001725f80 irredundant size 3 clause[328] 42 30 13
c LOG 0 marking added irredundant size 3 clause[328] 42 30 13
c LOG 0 watch 42 blit 30 in irredundant size 3 clause[327] 42 30 13
c LOG 0 watch 30 blit 42 in irredundant size 3 clause[327] 42 30 13
c LOG 0 API call 'add (0)' succeeded
c ----------------------------------------------------------------------------
c LOG 0 API call 'add (-59)' started
c LOG 0 adding external -59 as internal -52
c LOG 0 API enters state ADDING
c LOG 0 API call 'add (-59)' succeeded
c ----------------------------------------------------------------------------
c LOG 0 API call 'add (13)' started
c LOG 0 API enters state STEADY
c LOG 0 adding external 13 as internal 13
c LOG 0 API enters state ADDING
c LOG 0 API call 'add (13)' succeeded
c ----------------------------------------------------------------------------
c LOG 0 API call 'add (18)' started
c LOG 0 API enters state STEADY
c LOG 0 adding external 18 as internal 18
c LOG 0 API enters state ADDING
c LOG 0 API call 'add (18)' succeeded
c ----------------------------------------------------------------------------
c LOG 0 API call 'add (0)' started
c LOG 0 API enters state STEADY
c LOG 0 PROOF adding original external clause -59 13 18
c LOG 0 CHECKER addition of original clause -59 13 18
c LOG 0 original clause -52 13 18
c LOG 0 new pointer 0x600001725fe0 irredundant size 3 clause[329] -52 13 18
c LOG 0 marking added irredundant size 3 clause[329] -52 13 18
c LOG 0 watch -52 blit 13 in irredundant size 3 clause[328] -52 13 18
c LOG 0 watch 13 blit -52 in irredundant size 3 clause[328] -52 13 18
c LOG 0 API call 'add (0)' succeeded
c ----------------------------------------------------------------------------
c LOG 0 API call 'add (-5)' started
c LOG 0 adding external -5 as internal -5
c LOG 0 API enters state ADDING
c LOG 0 API call 'add (-5)' succeeded
c ----------------------------------------------------------------------------
c LOG 0 API call 'add (-56)' started
c LOG 0 API enters state STEADY
c LOG 0 adding external -56 as internal -56
c LOG 0 API enters state ADDING
c LOG 0 API call 'add (-56)' succeeded
c ----------------------------------------------------------------------------
c LOG 0 API call 'add (44)' started
c LOG 0 API enters state STEADY
c LOG 0 adding external 44 as internal 44
c LOG 0 API enters state ADDING
c LOG 0 API call 'add (44)' succeeded
c ----------------------------------------------------------------------------
c LOG 0 API call 'add (0)' started
c LOG 0 API enters state STEADY
c LOG 0 PROOF adding original external clause -5 -56 44
c LOG 0 CHECKER addition of original clause -5 -56 44
c LOG 0 original clause -5 -56 44
c LOG 0 new pointer 0x60000171a580 irredundant size 3 clause[330] -5 -56 44
c LOG 0 marking added irredundant size 3 clause[330] -5 -56 44
c LOG 0 watch -5 blit -56 in irredundant size 3 clause[329] -5 -56 44
c LOG 0 watch -56 blit -5 in irredundant size 3 clause[329] -5 -56 44
c LOG 0 API call 'add (0)' succeeded
c ----------------------------------------------------------------------------
c LOG 0 API call 'add (-25)' started
c LOG 0 adding external -25 as internal -25
c LOG 0 API enters state ADDING
c LOG 0 API call 'add (-25)' succeeded
c ----------------------------------------------------------------------------
c LOG 0 API call 'add (36)' started
c LOG 0 API enters state STEADY
c LOG 0 adding external 36 as internal 36
c LOG 0 API enters state ADDING
c LOG 0 API call 'add (36)' succeeded
c ----------------------------------------------------------------------------
c LOG 0 API call 'add (-55)' started
c LOG 0 API enters state STEADY
c LOG 0 adding external -55 as internal -54
c LOG 0 API enters state ADDING
c LOG 0 API call 'add (-55)' succeeded
c ----------------------------------------------------------------------------
c LOG 0 API call 'add (0)' started
c LOG 0 API enters state STEADY
c LOG 0 PROOF adding original external clause -25 36 -55
c LOG 0 CHECKER addition of original clause -25 36 -55
c LOG 0 original clause -25 36 -54
c LOG 0 new pointer 0x600001721890 irredundant size 3 clause[331] -25 36 -54
c LOG 0 marking added irredundant size 3 clause[331] -25 36 -54
c LOG 0 watch -25 blit 36 in irredundant size 3 clause[330] -25 36 -54
c LOG 0 watch 36 blit -25 in irredundant size 3 clause[330] -25 36 -54
c LOG 0 API call 'add (0)' succeeded
c ----------------------------------------------------------------------------
c LOG 0 API call 'add (36)' started
c LOG 0 adding external 36 as internal 36
c LOG 0 API enters state ADDING
c LOG 0 API call 'add (36)' succeeded
c ----------------------------------------------------------------------------
c LOG 0 API call 'add (-34)' started
c LOG 0 API enters state STEADY
c LOG 0 adding external -34 as internal -34
c LOG 0 API enters state ADDING
c LOG 0 API call 'add (-34)' succeeded
c ----------------------------------------------------------------------------
c LOG 0 API call 'add (-5)' started
c LOG 0 API enters state STEADY
c LOG 0 adding external -5 as internal -5
c LOG 0 API enters state ADDING
c LOG 0 API call 'add (-5)' succeeded
c ----------------------------------------------------------------------------
c LOG 0 API call 'add (0)' started
c LOG 0 API enters state STEADY
c LOG 0 PROOF adding original external clause 36 -34 -5
c LOG 0 CHECKER addition of original clause 36 -34 -5
c LOG 0 original clause 36 -34 -5
c LOG 0 new pointer 0x6000017218f0 irredundant size 3 clause[332] 36 -34 -5
c LOG 0 marking added irredundant size 3 clause[332] 36 -34 -5
c LOG 0 watch 36 blit -34 in irredundant size 3 clause[331] 36 -34 -5
c LOG 0 watch -34 blit 36 in irredundant size 3 clause[331] 36 -34 -5
c LOG 0 API call 'add (0)' succeeded
c ----------------------------------------------------------------------------
c LOG 0 API call 'resize (10)' started
c LOG 0 do nothing
c LOG 0 API call 'resize (10)' succeeded
c ----------------------------------------------------------------------------
c LOG 0 API call 'add (-37)' started
c LOG 0 adding external -37 as internal -37
c LOG 0 API enters state ADDING
c LOG 0 API call 'add (-37)' succeeded
c ----------------------------------------------------------------------------
c LOG 0 API call 'add (-34)' started
c LOG 0 API enters state STEADY
c LOG 0 adding external -34 as internal -34
c LOG 0 API enters state ADDING
c LOG 0 API call 'add (-34)' succeeded
c ----------------------------------------------------------------------------
c LOG 0 API call 'add (42)' started
c LOG 0 API enters state STEADY
c LOG 0 adding external 42 as internal 42
c LOG 0 API enters state ADDING
c LOG 0 API call 'add (42)' succeeded
c ----------------------------------------------------------------------------
c LOG 0 API call 'add (0)' started
c LOG 0 API enters state STEADY
c LOG 0 PROOF adding original external clause -37 -34 42
c LOG 0 CHECKER addition of original clause -37 -34 42
c LOG 0 original clause -37 -34 42
c LOG 0 new pointer 0x600001721950 irredundant size 3 clause[333] -37 -34 42
c LOG 0 marking added irredundant size 3 clause[333] -37 -34 42
c LOG 0 watch -37 blit -34 in irredundant size 3 clause[332] -37 -34 42
c LOG 0 watch -34 blit -37 in irredundant size 3 clause[332] -37 -34 42
c LOG 0 API call 'add (0)' succeeded
c ----------------------------------------------------------------------------
c LOG 0 API call 'add (-13)' started
c LOG 0 adding external -13 as internal -13
c LOG 0 API enters state ADDING
c LOG 0 API call 'add (-13)' succeeded
c ----------------------------------------------------------------------------
c LOG 0 API call 'add (31)' started
c LOG 0 API enters state STEADY
c LOG 0 adding external 31 as internal 31
c LOG 0 API enters state ADDING
c LOG 0 API call 'add (31)' succeeded
c ----------------------------------------------------------------------------
c LOG 0 API call 'add (53)' started
c LOG 0 API enters state STEADY
c LOG 0 adding external 53 as internal 57
c LOG 0 API enters state ADDING
c LOG 0 API call 'add (53)' succeeded
c ----------------------------------------------------------------------------
c LOG 0 API call 'add (0)' started
c LOG 0 API enters state STEADY
c LOG 0 PROOF adding original external clause -13 31 53
c LOG 0 CHECKER addition of original clause -13 31 53
c LOG 0 original clause -13 31 57
c LOG 0 new pointer 0x600001726040 irredundant size 3 clause[334] -13 31 57
c LOG 0 marking added irredundant size 3 clause[334] -13 31 57
c LOG 0 watch -13 blit 31 in irredundant size 3 clause[333] -13 31 57
c LOG 0 watch 31 blit -13 in irredundant size 3 clause[333] -13 31 57
c LOG 0 API call 'add (0)' succeeded
c ----------------------------------------------------------------------------
c LOG 0 API call 'add (45)' started
c LOG 0 adding external 45 as internal 45
c LOG 0 API enters state ADDING
c LOG 0 API call 'add (45)' succeeded
c ----------------------------------------------------------------------------
c LOG 0 API call 'add (24)' started
c LOG 0 API enters state STEADY
c LOG 0 adding external 24 as internal 24
c LOG 0 API enters state ADDING
c LOG 0 API call 'add (24)' succeeded
c ----------------------------------------------------------------------------
c LOG 0 API call 'add (5)' started
c LOG 0 API enters state STEADY
c LOG 0 adding external 5 as internal 5
c LOG 0 API enters state ADDING
c LOG 0 API call 'add (5)' succeeded
c ----------------------------------------------------------------------------
c LOG 0 API call 'add (-10)' started
c LOG 0 API enters state STEADY
c LOG 0 adding external -10 as internal -10
c LOG 0 API enters state ADDING
c LOG 0 API call 'add (-10)' succeeded
c ----------------------------------------------------------------------------
c LOG 0 API call 'add (-22)' started
c LOG 0 API enters state STEADY
c LOG 0 adding external -22 as internal -22
c LOG 0 API enters state ADDING
c LOG 0 API call 'add (-22)' succeeded
c ----------------------------------------------------------------------------
c LOG 0 API call 'add (-3)' started
c LOG 0 API enters state STEADY
c LOG 0 adding external -3 as internal -3
c LOG 0 API enters state ADDING
c LOG 0 API call 'add (-3)' succeeded
c ----------------------------------------------------------------------------
c LOG 0 API call 'add (-53)' started
c LOG 0 API enters state STEADY
c LOG 0 adding external -53 as internal -57
c LOG 0 API enters state ADDING
c LOG 0 API call 'add (-53)' succeeded
c ----------------------------------------------------------------------------
c LOG 0 API call 'add (51)' started
c LOG 0 API enters state STEADY
c LOG 0 adding external 51 as internal 51
c LOG 0 API enters state ADDING
c LOG 0 API call 'add (51)' succeeded
c ----------------------------------------------------------------------------
c LOG 0 API call 'add (-14)' started
c LOG 0 API enters state STEADY
c LOG 0 adding external -14 as internal -14
c LOG 0 API enters state ADDING
c LOG 0 API call 'add (-14)' succeeded
c ----------------------------------------------------------------------------
c LOG 0 API call 'add (-21)' started
c LOG 0 API enters state STEADY
c LOG 0 adding external -21 as internal -21
c LOG 0 API enters state ADDING
c LOG 0 API call 'add (-21)' succeeded
c ----------------------------------------------------------------------------
c LOG 0 API call 'add (2)' started
c LOG 0 API enters state STEADY
c LOG 0 adding external 2 as internal 2
c LOG 0 API enters state ADDING
c LOG 0 API call 'add (2)' succeeded
c ----------------------------------------------------------------------------
c LOG 0 API call 'add (55)' started
c LOG 0 API enters state STEADY
c LOG 0 adding external 55 as internal 54
c LOG 0 API enters state ADDING
c LOG 0 API call 'add (55)' succeeded
c ----------------------------------------------------------------------------
c LOG 0 API call 'add (-27)' started
c LOG 0 API enters state STEADY
c LOG 0 adding external -27 as internal -27
c LOG 0 API enters state ADDING
c LOG 0 API call 'add (-27)' succeeded
c ----------------------------------------------------------------------------
c LOG 0 API call 'add (-9)' started
c LOG 0 API enters state STEADY
c LOG 0 adding external -9 as internal -9
c LOG 0 API enters state ADDING
c LOG 0 API call 'add (-9)' succeeded
c ----------------------------------------------------------------------------
c LOG 0 API call 'add (-15)' started
c LOG 0 API enters state STEADY
c LOG 0 adding external -15 as internal -15
c LOG 0 API enters state ADDING
c LOG 0 API call 'add (-15)' succeeded
c ----------------------------------------------------------------------------
c LOG 0 API call 'add (49)' started
c LOG 0 API enters state STEADY
c LOG 0 adding external 49 as internal 49
c LOG 0 API enters state ADDING
c LOG 0 API call 'add (49)' succeeded
c ----------------------------------------------------------------------------
c LOG 0 API call 'add (-8)' started
c LOG 0 API enters state STEADY
c LOG 0 adding external -8 as internal -8
c LOG 0 API enters state ADDING
c LOG 0 API call 'add (-8)' succeeded
c ----------------------------------------------------------------------------
c LOG 0 API call 'add (44)' started
c LOG 0 API enters state STEADY
c LOG 0 adding external 44 as internal 44
c LOG 0 API enters state ADDING
c LOG 0 API call 'add (44)' succeeded
c ----------------------------------------------------------------------------
c LOG 0 API call 'add (-23)' started
c LOG 0 API enters state STEADY
c LOG 0 adding external -23 as internal -23
c LOG 0 API enters state ADDING
c LOG 0 API call 'add (-23)' succeeded
c ----------------------------------------------------------------------------
c LOG 0 API call 'add (-47)' started
c LOG 0 API enters state STEADY
c LOG 0 adding external -47 as internal -47
c LOG 0 API enters state ADDING
c LOG 0 API call 'add (-47)' succeeded
c ----------------------------------------------------------------------------
c LOG 0 API call 'add (0)' started
c LOG 0 API enters state STEADY
c LOG 0 PROOF adding original external clause 45 24 5 -10 -22 -3 -53 51 -14 -21 2 55 -27 -9 -15 49 -8 44 -23 -47
c LOG 0 CHECKER addition of original clause 45 24 5 -10 -22 -3 -53 51 -14 -21 2 55 -27 -9 -15 49 -8 44 -23 -47
c LOG 0 original clause 45 24 5 -10 -22 -3 -57 51 -14 -21 2 54 -27 -9 -15 49 -8 44 -23 -47
c LOG 0 new pointer 0x60000320c0e0 irredundant size 20 clause[335] 45 24 5 -10 -22 -3 -57 51 -14 -21 2 54 -27 -9 -15 49 -8 44 -23 -47
c LOG 0 marking added irredundant size 20 clause[335] 45 24 5 -10 -22 -3 -57 51 -14 -21 2 54 -27 -9 -15 49 -8 44 -23 -47
c LOG 0 watch 45 blit 24 in irredundant size 20 clause[334] 45 24 5 -10 -22 -3 -57 51 -14 -21 2 54 -27 -9 -15 49 -8 44 -23 -47
c LOG 0 watch 24 blit 45 in irredundant size 20 clause[334] 45 24 5 -10 -22 -3 -57 51 -14 -21 2 54 -27 -9 -15 49 -8 44 -23 -47
c LOG 0 API call 'add (0)' succeeded
c ----------------------------------------------------------------------------
c LOG 0 API call 'add (8)' started
c LOG 0 adding external 8 as internal 8
c LOG 0 API enters state ADDING
c LOG 0 API call 'add (8)' succeeded
c ----------------------------------------------------------------------------
c LOG 0 API call 'add (51)' started
c LOG 0 API enters state STEADY
c LOG 0 adding external 51 as internal 51
c LOG 0 API enters state ADDING
c LOG 0 API call 'add (51)' succeeded
c ----------------------------------------------------------------------------
c LOG 0 API call 'add (-31)' started
c LOG 0 API enters state STEADY
c LOG 0 adding external -31 as internal -31
c LOG 0 API enters state ADDING
c LOG 0 API call 'add (-31)' succeeded
c ----------------------------------------------------------------------------
c LOG 0 API call 'add (0)' started
c LOG 0 API enters state STEADY
c LOG 0 PROOF adding original external clause 8 51 -31
c LOG 0 CHECKER addition of original clause 8 51 -31
c LOG 0 original clause 8 51 -31
c LOG 0 new pointer 0x60000172d500 irredundant size 3 clause[336] 8 51 -31
c LOG 0 marking added irredundant size 3 clause[336] 8 51 -31
c LOG 0 watch 8 blit 51 in irredundant size 3 clause[335] 8 51 -31
c LOG 0 watch 51 blit 8 in irredundant size 3 clause[335] 8 51 -31
c LOG 0 API call 'add (0)' succeeded
c ----------------------------------------------------------------------------
c LOG 0 API call 'add (9)' started
c LOG 0 adding external 9 as internal 9
c LOG 0 API enters state ADDING
c LOG 0 API call 'add (9)' succeeded
c ----------------------------------------------------------------------------
c LOG 0 API call 'add (59)' started
c LOG 0 API enters state STEADY
c LOG 0 adding external 59 as internal 52
c LOG 0 API enters state ADDING
c LOG 0 API call 'add (59)' succeeded
c ----------------------------------------------------------------------------
c LOG 0 API call 'add (8)' started
c LOG 0 API enters state STEADY
c LOG 0 adding external 8 as internal 8
c LOG 0 API enters state ADDING
c LOG 0 API call 'add (8)' succeeded
c ----------------------------------------------------------------------------
c LOG 0 API call 'add (0)' started
c LOG 0 API enters state STEADY
c LOG 0 PROOF adding original external clause 9 59 8
c LOG 0 CHECKER addition of original clause 9 59 8
c LOG 0 original clause 9 52 8
c LOG 0 new pointer 0x60000171a5e0 irredundant size 3 clause[337] 9 52 8
c LOG 0 marking added irredundant size 3 clause[337] 9 52 8
c LOG 0 watch 9 blit 52 in irredundant size 3 clause[336] 9 52 8
c LOG 0 watch 52 blit 9 in irredundant size 3 clause[336] 9 52 8
c LOG 0 API call 'add (0)' succeeded
c ----------------------------------------------------------------------------
c LOG 0 API call 'add (60)' started
c LOG 0 adding external 60 as internal 58
c LOG 0 API enters state ADDING
c LOG 0 API call 'add (60)' succeeded
c ----------------------------------------------------------------------------
c LOG 0 API call 'add (-21)' started
c LOG 0 API enters state STEADY
c LOG 0 adding external -21 as internal -21
c LOG 0 API enters state ADDING
c LOG 0 API call 'add (-21)' succeeded
c ----------------------------------------------------------------------------
c LOG 0 API call 'add (14)' started
c LOG 0 API enters state STEADY
c LOG 0 adding external 14 as internal 14
c LOG 0 API enters state ADDING
c LOG 0 API call 'add (14)' succeeded
c ----------------------------------------------------------------------------
c LOG 0 API call 'add (0)' started
c LOG 0 API enters state STEADY
c LOG 0 PROOF adding original external clause 60 -21 14
c LOG 0 CHECKER addition of original clause 60 -21 14
c LOG 0 original clause 58 -21 14
c LOG 0 new pointer 0x60000171a640 irredundant size 3 clause[338] 58 -21 14
c LOG 0 marking added irredundant size 3 clause[338] 58 -21 14
c LOG 0 watch 58 blit -21 in irredundant size 3 clause[337] 58 -21 14
c LOG 0 watch -21 blit 58 in irredundant size 3 clause[337] 58 -21 14
c LOG 0 API call 'add (0)' succeeded
c ----------------------------------------------------------------------------
c LOG 0 API call 'add (56)' started
c LOG 0 adding external 56 as internal 56
c LOG 0 API enters state ADDING
c LOG 0 API call 'add (56)' succeeded
c ----------------------------------------------------------------------------
c LOG 0 API call 'add (-24)' started
c LOG 0 API enters state STEADY
c LOG 0 adding external -24 as internal -24
c LOG 0 API enters state ADDING
c LOG 0 API call 'add (-24)' succeeded
c ----------------------------------------------------------------------------
c LOG 0 API call 'add (-14)' started
c LOG 0 API enters state STEADY
c LOG 0 adding external -14 as internal -14
c LOG 0 API enters state ADDING
c LOG 0 API call 'add (-14)' succeeded
c ----------------------------------------------------------------------------
c LOG 0 API call 'add (0)' started
c LOG 0 API enters state STEADY
c LOG 0 PROOF adding original external clause 56 -24 -14
c LOG 0 CHECKER addition of original clause 56 -24 -14
c LOG 0 original clause 56 -24 -14
c LOG 0 new pointer 0x60000171a6a0 irredundant size 3 clause[339] 56 -24 -14
c LOG 0 marking added irredundant size 3 clause[339] 56 -24 -14
c LOG 0 watch 56 blit -24 in irredundant size 3 clause[338] 56 -24 -14
c LOG 0 watch -24 blit 56 in irredundant size 3 clause[338] 56 -24 -14
c LOG 0 API call 'add (0)' succeeded
c ----------------------------------------------------------------------------
c LOG 0 API call 'add (37)' started
c LOG 0 adding external 37 as internal 37
c LOG 0 API enters state ADDING
c LOG 0 API call 'add (37)' succeeded
c ----------------------------------------------------------------------------
c LOG 0 API call 'add (-41)' started
c LOG 0 API enters state STEADY
c LOG 0 adding external -41 as internal -41
c LOG 0 API enters state ADDING
c LOG 0 API call 'add (-41)' succeeded
c ----------------------------------------------------------------------------
c LOG 0 API call 'add (26)' started
c LOG 0 API enters state STEADY
c LOG 0 adding external 26 as internal 26
c LOG 0 API enters state ADDING
c LOG 0 API call 'add (26)' succeeded
c ----------------------------------------------------------------------------
c LOG 0 API call 'add (0)' started
c LOG 0 API enters state STEADY
c LOG 0 PROOF adding original external clause 37 -41 26
c LOG 0 CHECKER addition of original clause 37 -41 26
c LOG 0 original clause 37 -41 26
c LOG 0 new pointer 0x6000017219b0 irredundant size 3 clause[340] 37 -41 26
c LOG 0 marking added irredundant size 3 clause[340] 37 -41 26
c LOG 0 watch 37 blit -41 in irredundant size 3 clause[339] 37 -41 26
c LOG 0 watch -41 blit 37 in irredundant size 3 clause[339] 37 -41 26
c LOG 0 API call 'add (0)' succeeded
c ----------------------------------------------------------------------------
c LOG 0 API call 'add (55)' started
c LOG 0 adding external 55 as internal 54
c LOG 0 API enters state ADDING
c LOG 0 API call 'add (55)' succeeded
c ----------------------------------------------------------------------------
c LOG 0 API call 'add (-35)' started
c LOG 0 API enters state STEADY
c LOG 0 adding external -35 as internal -35
c LOG 0 API enters state ADDING
c LOG 0 API call 'add (-35)' succeeded
c ----------------------------------------------------------------------------
c LOG 0 API call 'add (-52)' started
c LOG 0 API enters state STEADY
c LOG 0 adding external -52 as internal -53
c LOG 0 API enters state ADDING
c LOG 0 API call 'add (-52)' succeeded
c ----------------------------------------------------------------------------
c LOG 0 API call 'add (0)' started
c LOG 0 API enters state STEADY
c LOG 0 PROOF adding original external clause 55 -35 -52
c LOG 0 CHECKER addition of original clause 55 -35 -52
c LOG 0 original clause 54 -35 -53
c LOG 0 new pointer 0x6000017260a0 irredundant size 3 clause[341] 54 -35 -53
c LOG 0 marking added irredundant size 3 clause[341] 54 -35 -53
c LOG 0 watch 54 blit -35 in irredundant size 3 clause[340] 54 -35 -53
c LOG 0 watch -35 blit 54 in irredundant size 3 clause[340] 54 -35 -53
c LOG 0 API call 'add (0)' succeeded
c ----------------------------------------------------------------------------
c LOG 0 API call 'add (53)' started
c LOG 0 adding external 53 as internal 57
c LOG 0 API enters state ADDING
c LOG 0 API call 'add (53)' succeeded
c ----------------------------------------------------------------------------
c LOG 0 API call 'add (-50)' started
c LOG 0 API enters state STEADY
c LOG 0 adding external -50 as internal -50
c LOG 0 API enters state ADDING
c LOG 0 API call 'add (-50)' succeeded
c ----------------------------------------------------------------------------
c LOG 0 API call 'add (28)' started
c LOG 0 API enters state STEADY
c LOG 0 adding external 28 as internal 28
c LOG 0 API enters state ADDING
c LOG 0 API call 'add (28)' succeeded
c ----------------------------------------------------------------------------
c LOG 0 API call 'add (0)' started
c LOG 0 API enters state STEADY
c LOG 0 PROOF adding original external clause 53 -50 28
c LOG 0 CHECKER addition of original clause 53 -50 28
c LOG 0 original clause 57 -50 28
c LOG 0 new pointer 0x6000017219e0 irredundant size 3 clause[342] 57 -50 28
c LOG 0 marking added irredundant size 3 clause[342] 57 -50 28
c LOG 0 watch 57 blit -50 in irredundant size 3 clause[341] 57 -50 28
c LOG 0 watch -50 blit 57 in irredundant size 3 clause[341] 57 -50 28
c LOG 0 API call 'add (0)' succeeded
c ----------------------------------------------------------------------------
c LOG 0 API call 'add (41)' started
c LOG 0 adding external 41 as internal 41
c LOG 0 API enters state ADDING
c LOG 0 API call 'add (41)' succeeded
c ----------------------------------------------------------------------------
c LOG 0 API call 'add (-32)' started
c LOG 0 API enters state STEADY
c LOG 0 adding external -32 as internal -32
c LOG 0 API enters state ADDING
c LOG 0 API call 'add (-32)' succeeded
c ----------------------------------------------------------------------------
c LOG 0 API call 'add (42)' started
c LOG 0 API enters state STEADY
c LOG 0 adding external 42 as internal 42
c LOG 0 API enters state ADDING
c LOG 0 API call 'add (42)' succeeded
c ----------------------------------------------------------------------------
c LOG 0 API call 'add (0)' started
c LOG 0 API enters state STEADY
c LOG 0 PROOF adding original external clause 41 -32 42
c LOG 0 CHECKER addition of original clause 41 -32 42
c LOG 0 original clause 41 -32 42
c LOG 0 new pointer 0x60000171a700 irredundant size 3 clause[343] 41 -32 42
c LOG 0 marking added irredundant size 3 clause[343] 41 -32 42
c LOG 0 watch 41 blit -32 in irredundant size 3 clause[342] 41 -32 42
c LOG 0 watch -32 blit 41 in irredundant size 3 clause[342] 41 -32 42
c LOG 0 API call 'add (0)' succeeded
c ----------------------------------------------------------------------------
c LOG 0 API call 'add (-14)' started
c LOG 0 adding external -14 as internal -14
c LOG 0 API enters state ADDING
c LOG 0 API call 'add (-14)' succeeded
c ----------------------------------------------------------------------------
c LOG 0 API call 'add (56)' started
c LOG 0 API enters state STEADY
c LOG 0 adding external 56 as internal 56
c LOG 0 API enters state ADDING
c LOG 0 API call 'add (56)' succeeded
c ----------------------------------------------------------------------------
c LOG 0 API call 'add (26)' started
c LOG 0 API enters state STEADY
c LOG 0 adding external 26 as internal 26
c LOG 0 API enters state ADDING
c LOG 0 API call 'add (26)' succeeded
c ----------------------------------------------------------------------------
c LOG 0 API call 'add (-53)' started
c LOG 0 API enters state STEADY
c LOG 0 adding external -53 as internal -57
c LOG 0 API enters state ADDING
c LOG 0 API call 'add (-53)' succeeded
c ----------------------------------------------------------------------------
c LOG 0 API call 'add (40)' started
c LOG 0 API enters state STEADY
c LOG 0 adding external 40 as internal 40
c LOG 0 API enters state ADDING
c LOG 0 API call 'add (40)' succeeded
c ----------------------------------------------------------------------------
c LOG 0 API call 'add (31)' started
c LOG 0 API enters state STEADY
c LOG 0 adding external 31 as internal 31
c LOG 0 API enters state ADDING
c LOG 0 API call 'add (31)' succeeded
c ----------------------------------------------------------------------------
c LOG 0 API call 'add (54)' started
c LOG 0 API enters state STEADY
c LOG 0 adding external 54 as internal 62
c LOG 0 API enters state ADDING
c LOG 0 API call 'add (54)' succeeded
c ----------------------------------------------------------------------------
c LOG 0 API call 'add (-42)' started
c LOG 0 API enters state STEADY
c LOG 0 adding external -42 as internal -42
c LOG 0 API enters state ADDING
c LOG 0 API call 'add (-42)' succeeded
c ----------------------------------------------------------------------------
c LOG 0 API call 'add (3)' started
c LOG 0 API enters state STEADY
c LOG 0 adding external 3 as internal 3
c LOG 0 API enters state ADDING
c LOG 0 API call 'add (3)' succeeded
c ----------------------------------------------------------------------------
c LOG 0 API call 'add (-44)' started
c LOG 0 API enters state STEADY
c LOG 0 adding external -44 as internal -44
c LOG 0 API enters state ADDING
c LOG 0 API call 'add (-44)' succeeded
c ----------------------------------------------------------------------------
c LOG 0 API call 'add (30)' started
c LOG 0 API enters state STEADY
c LOG 0 adding external 30 as internal 30
c LOG 0 API enters state ADDING
c LOG 0 API call 'add (30)' succeeded
c ----------------------------------------------------------------------------
c LOG 0 API call 'add (49)' started
c LOG 0 API enters state STEADY
c LOG 0 adding external 49 as internal 49
c LOG 0 API enters state ADDING
c LOG 0 API call 'add (49)' succeeded
c ----------------------------------------------------------------------------
c LOG 0 API call 'add (24)' started
c LOG 0 API enters state STEADY
c LOG 0 adding external 24 as internal 24
c LOG 0 API enters state ADDING
c LOG 0 API call 'add (24)' succeeded
c ----------------------------------------------------------------------------
c LOG 0 API call 'add (57)' started
c LOG 0 API enters state STEADY
c LOG 0 adding external 57 as internal 60
c LOG 0 API enters state ADDING
c LOG 0 API call 'add (57)' succeeded
c ----------------------------------------------------------------------------
c LOG 0 API call 'add (0)' started
c LOG 0 API enters state STEADY
c LOG 0 PROOF adding original external clause -14 56 26 -53 40 31 54 -42 3 -44 30 49 24 57
c LOG 0 CHECKER addition of original clause -14 56 26 -53 40 31 54 -42 3 -44 30 49 24 57
c LOG 0 original clause -14 56 26 -57 40 31 62 -42 3 -44 30 49 24 60
c LOG 0 new pointer 0x600003a040a0 irredundant size 14 clause[344] -14 56 26 -57 40 31 62 -42 3 -44 30 49 24 60
c LOG 0 marking added irredundant size 14 clause[344] -14 56 26 -57 40 31 62 -42 3 -44 30 49 24 60
c LOG 0 watch -14 blit 56 in irredundant size 14 clause[343] -14 56 26 -57 40 31 62 -42 3 -44 30 49 24 60
c LOG 0 watch 56 blit -14 in irredundant size 14 clause[343] -14 56 26 -57 40 31 62 -42 3 -44 30 49 24 60
c LOG 0 API call 'add (0)' succeeded
c ----------------------------------------------------------------------------
c LOG 0 API call 'add (47)' started
c LOG 0 adding external 47 as internal 47
c LOG 0 API enters state ADDING
c LOG 0 API call 'add (47)' succeeded
c ----------------------------------------------------------------------------
c LOG 0 API call 'add (37)' started
c LOG 0 API enters state STEADY
c LOG 0 adding external 37 as internal 37
c LOG 0 API enters state ADDING
c LOG 0 API call 'add (37)' succeeded
c ----------------------------------------------------------------------------
c LOG 0 API call 'add (-14)' started
c LOG 0 API enters state STEADY
c LOG 0 adding external -14 as internal -14
c LOG 0 API enters state ADDING
c LOG 0 API call 'add (-14)' succeeded
c ----------------------------------------------------------------------------
c LOG 0 API call 'add (0)' started
c LOG 0 API enters state STEADY
c LOG 0 PROOF adding original external clause 47 37 -14
c LOG 0 CHECKER addition of original clause 47 37 -14
c LOG 0 original clause 47 37 -14
c LOG 0 new pointer 0x60000171a760 irredundant size 3 clause[345] 47 37 -14
c LOG 0 marking added irredundant size 3 clause[345] 47 37 -14
c LOG 0 watch 47 blit 37 in irredundant size 3 clause[344] 47 37 -14
c LOG 0 watch 37 blit 47 in irredundant size 3 clause[344] 47 37 -14
c LOG 0 API call 'add (0)' succeeded
c ----------------------------------------------------------------------------
c LOG 0 API call 'add (53)' started
c LOG 0 adding external 53 as internal 57
c LOG 0 API enters state ADDING
c LOG 0 API call 'add (53)' succeeded
c ----------------------------------------------------------------------------
c LOG 0 API call 'add (-58)' started
c LOG 0 API enters state STEADY
c LOG 0 adding external -58 as internal -59
c LOG 0 API enters state ADDING
c LOG 0 API call 'add (-58)' succeeded
c ----------------------------------------------------------------------------
c LOG 0 API call 'add (9)' started
c LOG 0 API enters state STEADY
c LOG 0 adding external 9 as internal 9
c LOG 0 API enters state ADDING
c LOG 0 API call 'add (9)' succeeded
c ----------------------------------------------------------------------------
c LOG 0 API call 'add (0)' started
c LOG 0 API enters state STEADY
c LOG 0 PROOF adding original external clause 53 -58 9
c LOG 0 CHECKER addition of original clause 53 -58 9
c LOG 0 original clause 57 -59 9
c LOG 0 new pointer 0x60000171a7c0 irredundant size 3 clause[346] 57 -59 9
c LOG 0 marking added irredundant size 3 clause[346] 57 -59 9
c LOG 0 watch 57 blit -59 in irredundant size 3 clause[345] 57 -59 9
c LOG 0 watch -59 blit 57 in irredundant size 3 clause[345] 57 -59 9
c LOG 0 API call 'add (0)' succeeded
c ----------------------------------------------------------------------------
c LOG 0 API call 'resize (25)' started
c LOG 0 do nothing
c LOG 0 API call 'resize (25)' succeeded
c ----------------------------------------------------------------------------
c LOG 0 API call 'add (-2)' started
c LOG 0 adding external -2 as internal -2
c LOG 0 API enters state ADDING
c LOG 0 API call 'add (-2)' succeeded
c ----------------------------------------------------------------------------
c LOG 0 API call 'add (49)' started
c LOG 0 API enters state STEADY
c LOG 0 adding external 49 as internal 49
c LOG 0 API enters state ADDING
c LOG 0 API call 'add (49)' succeeded
c ----------------------------------------------------------------------------
c LOG 0 API call 'add (13)' started
c LOG 0 API enters state STEADY
c LOG 0 adding external 13 as internal 13
c LOG 0 API enters state ADDING
c LOG 0 API call 'add (13)' succeeded
c ----------------------------------------------------------------------------
c LOG 0 API call 'add (0)' started
c LOG 0 API enters state STEADY
c LOG 0 PROOF adding original external clause -2 49 13
c LOG 0 CHECKER addition of original clause -2 49 13
c LOG 0 original clause -2 49 13
c LOG 0 new pointer 0x600001721a40 irredundant size 3 clause[347] -2 49 13
c LOG 0 marking added irredundant size 3 clause[347] -2 49 13
c LOG 0 watch -2 blit 49 in irredundant size 3 clause[346] -2 49 13
c LOG 0 watch 49 blit -2 in irredundant size 3 clause[346] -2 49 13
c LOG 0 API call 'add (0)' succeeded
c ----------------------------------------------------------------------------
c LOG 0 API call 'add (24)' started
c LOG 0 adding external 24 as internal 24
c LOG 0 API enters state ADDING
c LOG 0 API call 'add (24)' succeeded
c ----------------------------------------------------------------------------
c LOG 0 API call 'add (30)' started
c LOG 0 API enters state STEADY
c LOG 0 adding external 30 as internal 30
c LOG 0 API enters state ADDING
c LOG 0 API call 'add (30)' succeeded
c ----------------------------------------------------------------------------
c LOG 0 API call 'add (47)' started
c LOG 0 API enters state STEADY
c LOG 0 adding external 47 as internal 47
c LOG 0 API enters state ADDING
c LOG 0 API call 'add (47)' succeeded
c ----------------------------------------------------------------------------
c LOG 0 API call 'add (0)' started
c LOG 0 API enters state STEADY
c LOG 0 PROOF adding original external clause 24 30 47
c LOG 0 CHECKER addition of original clause 24 30 47
c LOG 0 original clause 24 30 47
c LOG 0 new pointer 0x60000172d590 irredundant size 3 clause[348] 24 30 47
c LOG 0 marking added irredundant size 3 clause[348] 24 30 47
c LOG 0 watch 24 blit 30 in irredundant size 3 clause[347] 24 30 47
c LOG 0 watch 30 blit 24 in irredundant size 3 clause[347] 24 30 47
c LOG 0 API call 'add (0)' succeeded
c ----------------------------------------------------------------------------
c LOG 0 API call 'add (-55)' started
c LOG 0 adding external -55 as internal -54
c LOG 0 API enters state ADDING
c LOG 0 API call 'add (-55)' succeeded
c ----------------------------------------------------------------------------
c LOG 0 API call 'add (49)' started
c LOG 0 API enters state STEADY
c LOG 0 adding external 49 as internal 49
c LOG 0 API enters state ADDING
c LOG 0 API call 'add (49)' succeeded
c ----------------------------------------------------------------------------
c LOG 0 API call 'add (37)' started
c LOG 0 API enters state STEADY
c LOG 0 adding external 37 as internal 37
c LOG 0 API enters state ADDING
c LOG 0 API call 'add (37)' succeeded
c ----------------------------------------------------------------------------
c LOG 0 API call 'add (0)' started
c LOG 0 API enters state STEADY
c LOG 0 PROOF adding original external clause -55 49 37
c LOG 0 CHECKER addition of original clause -55 49 37
c LOG 0 original clause -54 49 37
c LOG 0 new pointer 0x60000172d5f0 irredundant size 3 clause[349] -54 49 37
c LOG 0 marking added irredundant size 3 clause[349] -54 49 37
c LOG 0 watch -54 blit 49 in irredundant size 3 clause[348] -54 49 37
c LOG 0 watch 49 blit -54 in irredundant size 3 clause[348] -54 49 37
c LOG 0 API call 'add (0)' succeeded
c ----------------------------------------------------------------------------
c LOG 0 API call 'add (-45)' started
c LOG 0 adding external -45 as internal -45
c LOG 0 API enters state ADDING
c LOG 0 API call 'add (-45)' succeeded
c ----------------------------------------------------------------------------
c LOG 0 API call 'add (-58)' started
c LOG 0 API enters state STEADY
c LOG 0 adding external -58 as internal -59
c LOG 0 API enters state ADDING
c LOG 0 API call 'add (-58)' succeeded
c ----------------------------------------------------------------------------
c LOG 0 API call 'add (-8)' started
c LOG 0 API enters state STEADY
c LOG 0 adding external -8 as internal -8
c LOG 0 API enters state ADDING
c LOG 0 API call 'add (-8)' succeeded
c ----------------------------------------------------------------------------
c LOG 0 API call 'add (0)' started
c LOG 0 API enters state STEADY
c LOG 0 PROOF adding original external clause -45 -58 -8
c LOG 0 CHECKER addition of original clause -45 -58 -8
c LOG 0 original clause -45 -59 -8
c LOG 0 new pointer 0x60000172d650 irredundant size 3 clause[350] -45 -59 -8
c LOG 0 marking added irredundant size 3 clause[350] -45 -59 -8
c LOG 0 watch -45 blit -59 in irredundant size 3 clause[349] -45 -59 -8
c LOG 0 watch -59 blit -45 in irredundant size 3 clause[349] -45 -59 -8
c LOG 0 API call 'add (0)' succeeded
c ----------------------------------------------------------------------------
c LOG 0 API call 'add (22)' started
c LOG 0 adding external 22 as internal 22
c LOG 0 API enters state ADDING
c LOG 0 API call 'add (22)' succeeded
c ----------------------------------------------------------------------------
c LOG 0 API call 'add (42)' started
c LOG 0 API enters state STEADY
c LOG 0 adding external 42 as internal 42
c LOG 0 API enters state ADDING
c LOG 0 API call 'add (42)' succeeded
c ----------------------------------------------------------------------------
c LOG 0 API call 'add (-3)' started
c LOG 0 API enters state STEADY
c LOG 0 adding external -3 as internal -3
c LOG 0 API enters state ADDING
c LOG 0 API call 'add (-3)' succeeded
c ----------------------------------------------------------------------------
c LOG 0 API call 'add (0)' started
c LOG 0 API enters state STEADY
c LOG 0 PROOF adding original external clause 22 42 -3
c LOG 0 CHECKER addition of original clause 22 42 -3
c LOG 0 original clause 22 42 -3
c LOG 0 new pointer 0x600001721aa0 irredundant size 3 clause[351] 22 42 -3
c LOG 0 marking added irredundant size 3 clause[351] 22 42 -3
c LOG 0 watch 22 blit 42 in irredundant size 3 clause[350] 22 42 -3
c LOG 0 watch 42 blit 22 in irredundant size 3 clause[350] 22 42 -3
c LOG 0 API call 'add (0)' succeeded
c ----------------------------------------------------------------------------
c LOG 0 API call 'irredundant ()' started
c LOG 0 API call 'irredundant ()' returns '348'
c ----------------------------------------------------------------------------
c LOG 0 API call 'add (8)' started
c LOG 0 adding external 8 as internal 8
c LOG 0 API enters state ADDING
c LOG 0 API call 'add (8)' succeeded
c ----------------------------------------------------------------------------
c LOG 0 API call 'add (-37)' started
c LOG 0 API enters state STEADY
c LOG 0 adding external -37 as internal -37
c LOG 0 API enters state ADDING
c LOG 0 API call 'add (-37)' succeeded
c ----------------------------------------------------------------------------
c LOG 0 API call 'add (-28)' started
c LOG 0 API enters state STEADY
c LOG 0 adding external -28 as internal -28
c LOG 0 API enters state ADDING
c LOG 0 API call 'add (-28)' succeeded
c ----------------------------------------------------------------------------
c LOG 0 API call 'add (0)' started
c LOG 0 API enters state STEADY
c LOG 0 PROOF adding original external clause 8 -37 -28
c LOG 0 CHECKER addition of original clause 8 -37 -28
c LOG 0 original clause 8 -37 -28
c LOG 0 new pointer 0x600001721b00 irredundant size 3 clause[352] 8 -37 -28
c LOG 0 marking added irredundant size 3 clause[352] 8 -37 -28
c LOG 0 watch 8 blit -37 in irredundant size 3 clause[351] 8 -37 -28
c LOG 0 watch -37 blit 8 in irredundant size 3 clause[351] 8 -37 -28
c LOG 0 API call 'add (0)' succeeded
c ----------------------------------------------------------------------------
c LOG 0 API call 'add (52)' started
c LOG 0 adding external 52 as internal 53
c LOG 0 API enters state ADDING
c LOG 0 API call 'add (52)' succeeded
c ----------------------------------------------------------------------------
c LOG 0 API call 'add (-18)' started
c LOG 0 API enters state STEADY
c LOG 0 adding external -18 as internal -18
c LOG 0 API enters state ADDING
c LOG 0 API call 'add (-18)' succeeded
c ----------------------------------------------------------------------------
c LOG 0 API call 'add (-10)' started
c LOG 0 API enters state STEADY
c LOG 0 adding external -10 as internal -10
c LOG 0 API enters state ADDING
c LOG 0 API call 'add (-10)' succeeded
c ----------------------------------------------------------------------------
c LOG 0 API call 'add (0)' started
c LOG 0 API enters state STEADY
c LOG 0 PROOF adding original external clause 52 -18 -10
c LOG 0 CHECKER addition of original clause 52 -18 -10
c LOG 0 original clause 53 -18 -10
c LOG 0 new pointer 0x600001721b60 irredundant size 3 clause[353] 53 -18 -10
c LOG 0 marking added irredundant size 3 clause[353] 53 -18 -10
c LOG 0 watch 53 blit -18 in irredundant size 3 clause[352] 53 -18 -10
c LOG 0 watch -18 blit 53 in irredundant size 3 clause[352] 53 -18 -10
c LOG 0 API call 'add (0)' succeeded
c ----------------------------------------------------------------------------
c LOG 0 API call 'add (35)' started
c LOG 0 adding external 35 as internal 35
c LOG 0 API enters state ADDING
c LOG 0 API call 'add (35)' succeeded
c ----------------------------------------------------------------------------
c LOG 0 API call 'add (5)' started
c LOG 0 API enters state STEADY
c LOG 0 adding external 5 as internal 5
c LOG 0 API enters state ADDING
c LOG 0 API call 'add (5)' succeeded
c ----------------------------------------------------------------------------
c LOG 0 API call 'add (55)' started
c LOG 0 API enters state STEADY
c LOG 0 adding external 55 as internal 54
c LOG 0 API enters state ADDING
c LOG 0 API call 'add (55)' succeeded
c ----------------------------------------------------------------------------
c LOG 0 API call 'add (0)' started
c LOG 0 API enters state STEADY
c LOG 0 PROOF adding original external clause 35 5 55
c LOG 0 CHECKER addition of original clause 35 5 55
c LOG 0 original clause 35 5 54
c LOG 0 new pointer 0x600001721b90 irredundant size 3 clause[354] 35 5 54
c LOG 0 marking added irredundant size 3 clause[354] 35 5 54
c LOG 0 watch 35 blit 5 in irredundant size 3 clause[353] 35 5 54
c LOG 0 watch 5 blit 35 in irredundant size 3 clause[353] 35 5 54
c LOG 0 API call 'add (0)' succeeded
c ----------------------------------------------------------------------------
c LOG 0 API call 'add (-27)' started
c LOG 0 adding external -27 as internal -27
c LOG 0 API enters state ADDING
c LOG 0 API call 'add (-27)' succeeded
c ----------------------------------------------------------------------------
c LOG 0 API call 'add (45)' started
c LOG 0 API enters state STEADY
c LOG 0 adding external 45 as internal 45
c LOG 0 API enters state ADDING
c LOG 0 API call 'add (45)' succeeded
c ----------------------------------------------------------------------------
c LOG 0 API call 'add (25)' started
c LOG 0 API enters state STEADY
c LOG 0 adding external 25 as internal 25
c LOG 0 API enters state ADDING
c LOG 0 API call 'add (25)' succeeded
c ----------------------------------------------------------------------------
c LOG 0 API call 'add (0)' started
c LOG 0 API enters state STEADY
c LOG 0 PROOF adding original external clause -27 45 25
c LOG 0 CHECKER addition of original clause -27 45 25
c LOG 0 original clause -27 45 25
c LOG 0 new pointer 0x600001726100 irredundant size 3 clause[355] -27 45 25
c LOG 0 marking added irredundant size 3 clause[355] -27 45 25
c LOG 0 watch -27 blit 45 in irredundant size 3 clause[354] -27 45 25
c LOG 0 watch 45 blit -27 in irredundant size 3 clause[354] -27 45 25
c LOG 0 API call 'add (0)' succeeded
c ----------------------------------------------------------------------------
c LOG 0 API call 'add (22)' started
c LOG 0 adding external 22 as internal 22
c LOG 0 API enters state ADDING
c LOG 0 API call 'add (22)' succeeded
c ----------------------------------------------------------------------------
c LOG 0 API call 'add (-32)' started
c LOG 0 API enters state STEADY
c LOG 0 adding external -32 as internal -32
c LOG 0 API enters state ADDING
c LOG 0 API call 'add (-32)' succeeded
c ----------------------------------------------------------------------------
c LOG 0 API call 'add (-21)' started
c LOG 0 API enters state STEADY
c LOG 0 adding external -21 as internal -21
c LOG 0 API enters state ADDING
c LOG 0 API call 'add (-21)' succeeded
c ----------------------------------------------------------------------------
c LOG 0 API call 'add (0)' started
c LOG 0 API enters state STEADY
c LOG 0 PROOF adding original external clause 22 -32 -21
c LOG 0 CHECKER addition of original clause 22 -32 -21
c LOG 0 original clause 22 -32 -21
c LOG 0 new pointer 0x60000171a820 irredundant size 3 clause[356] 22 -32 -21
c LOG 0 marking added irredundant size 3 clause[356] 22 -32 -21
c LOG 0 watch 22 blit -32 in irredundant size 3 clause[355] 22 -32 -21
c LOG 0 watch -32 blit 22 in irredundant size 3 clause[355] 22 -32 -21
c LOG 0 API call 'add (0)' succeeded
c ----------------------------------------------------------------------------
c LOG 0 API call 'add (-3)' started
c LOG 0 adding external -3 as internal -3
c LOG 0 API enters state ADDING
c LOG 0 API call 'add (-3)' succeeded
c ----------------------------------------------------------------------------
c LOG 0 API call 'add (21)' started
c LOG 0 API enters state STEADY
c LOG 0 adding external 21 as internal 21
c LOG 0 API enters state ADDING
c LOG 0 API call 'add (21)' succeeded
c ----------------------------------------------------------------------------
c LOG 0 API call 'add (60)' started
c LOG 0 API enters state STEADY
c LOG 0 adding external 60 as internal 58
c LOG 0 API enters state ADDING
c LOG 0 API call 'add (60)' succeeded
c ----------------------------------------------------------------------------
c LOG 0 API call 'add (0)' started
c LOG 0 API enters state STEADY
c LOG 0 PROOF adding original external clause -3 21 60
c LOG 0 CHECKER addition of original clause -3 21 60
c LOG 0 original clause -3 21 58
c LOG 0 new pointer 0x60000171a880 irredundant size 3 clause[357] -3 21 58
c LOG 0 marking added irredundant size 3 clause[357] -3 21 58
c LOG 0 watch -3 blit 21 in irredundant size 3 clause[356] -3 21 58
c LOG 0 watch 21 blit -3 in irredundant size 3 clause[356] -3 21 58
c LOG 0 API call 'add (0)' succeeded
c ----------------------------------------------------------------------------
c LOG 0 API call 'add (-2)' started
c LOG 0 adding external -2 as internal -2
c LOG 0 API enters state ADDING
c LOG 0 API call 'add (-2)' succeeded
c ----------------------------------------------------------------------------
c LOG 0 API call 'add (-36)' started
c LOG 0 API enters state STEADY
c LOG 0 adding external -36 as internal -36
c LOG 0 API enters state ADDING
c LOG 0 API call 'add (-36)' succeeded
c ----------------------------------------------------------------------------
c LOG 0 API call 'add (49)' started
c LOG 0 API enters state STEADY
c LOG 0 adding external 49 as internal 49
c LOG 0 API enters state ADDING
c LOG 0 API call 'add (49)' succeeded
c ----------------------------------------------------------------------------
c LOG 0 API call 'add (0)' started
c LOG 0 API enters state STEADY
c LOG 0 PROOF adding original external clause -2 -36 49
c LOG 0 CHECKER addition of original clause -2 -36 49
c LOG 0 original clause -2 -36 49
c LOG 0 new pointer 0x600001734180 irredundant size 3 clause[358] -2 -36 49
c LOG 0 marking added irredundant size 3 clause[358] -2 -36 49
c LOG 0 watch -2 blit -36 in irredundant size 3 clause[357] -2 -36 49
c LOG 0 watch -36 blit -2 in irredundant size 3 clause[357] -2 -36 49
c LOG 0 API call 'add (0)' succeeded
c ----------------------------------------------------------------------------
c LOG 0 API call 'add (-40)' started
c LOG 0 adding external -40 as internal -40
c LOG 0 API enters state ADDING
c LOG 0 API call 'add (-40)' succeeded
c ----------------------------------------------------------------------------
c LOG 0 API call 'add (41)' started
c LOG 0 API enters state STEADY
c LOG 0 adding external 41 as internal 41
c LOG 0 API enters state ADDING
c LOG 0 API call 'add (41)' succeeded
c ----------------------------------------------------------------------------
c LOG 0 API call 'add (3)' started
c LOG 0 API enters state STEADY
c LOG 0 adding external 3 as internal 3
c LOG 0 API enters state ADDING
c LOG 0 API call 'add (3)' succeeded
c ----------------------------------------------------------------------------
c LOG 0 API call 'add (0)' started
c LOG 0 API enters state STEADY
c LOG 0 PROOF adding original external clause -40 41 3
c LOG 0 CHECKER addition of original clause -40 41 3
c LOG 0 original clause -40 41 3
c LOG 0 new pointer 0x600001721bc0 irredundant size 3 clause[359] -40 41 3
c LOG 0 marking added irredundant size 3 clause[359] -40 41 3
c LOG 0 watch -40 blit 41 in irredundant size 3 clause[358] -40 41 3
c LOG 0 watch 41 blit -40 in irredundant size 3 clause[358] -40 41 3
c LOG 0 API call 'add (0)' succeeded
c ----------------------------------------------------------------------------
c LOG 0 API call 'add (56)' started
c LOG 0 adding external 56 as internal 56
c LOG 0 API enters state ADDING
c LOG 0 API call 'add (56)' succeeded
c ----------------------------------------------------------------------------
c LOG 0 API call 'add (28)' started
c LOG 0 API enters state STEADY
c LOG 0 adding external 28 as internal 28
c LOG 0 API enters state ADDING
c LOG 0 API call 'add (28)' succeeded
c ----------------------------------------------------------------------------
c LOG 0 API call 'add (-26)' started
c LOG 0 API enters state STEADY
c LOG 0 adding external -26 as internal -26
c LOG 0 API enters state ADDING
c LOG 0 API call 'add (-26)' succeeded
c ----------------------------------------------------------------------------
c LOG 0 API call 'add (0)' started
c LOG 0 API enters state STEADY
c LOG 0 PROOF adding original external clause 56 28 -26
c LOG 0 CHECKER addition of original clause 56 28 -26
c LOG 0 original clause 56 28 -26
c LOG 0 new pointer 0x600001730180 irredundant size 3 clause[360] 56 28 -26
c LOG 0 marking added irredundant size 3 clause[360] 56 28 -26
c LOG 0 watch 56 blit 28 in irredundant size 3 clause[359] 56 28 -26
c LOG 0 watch 28 blit 56 in irredundant size 3 clause[359] 56 28 -26
c LOG 0 API call 'add (0)' succeeded
c ----------------------------------------------------------------------------
c LOG 0 API call 'add (57)' started
c LOG 0 adding external 57 as internal 60
c LOG 0 API enters state ADDING
c LOG 0 API call 'add (57)' succeeded
c ----------------------------------------------------------------------------
c LOG 0 API call 'add (35)' started
c LOG 0 API enters state STEADY
c LOG 0 adding external 35 as internal 35
c LOG 0 API enters state ADDING
c LOG 0 API call 'add (35)' succeeded
c ----------------------------------------------------------------------------
c LOG 0 API call 'add (1)' started
c LOG 0 API enters state STEADY
c LOG 0 adding external 1 as internal 1
c LOG 0 API enters state ADDING
c LOG 0 API call 'add (1)' succeeded
c ----------------------------------------------------------------------------
c LOG 0 API call 'add (0)' started
c LOG 0 API enters state STEADY
c LOG 0 PROOF adding original external clause 57 35 1
c LOG 0 CHECKER addition of original clause 57 35 1
c LOG 0 original clause 60 35 1
c LOG 0 new pointer 0x60000171a910 irredundant size 3 clause[361] 60 35 1
c LOG 0 marking added irredundant size 3 clause[361] 60 35 1
c LOG 0 watch 60 blit 35 in irredundant size 3 clause[360] 60 35 1
c LOG 0 watch 35 blit 60 in irredundant size 3 clause[360] 60 35 1
c LOG 0 API call 'add (0)' succeeded
c ----------------------------------------------------------------------------
c LOG 0 API call 'add (-5)' started
c LOG 0 adding external -5 as internal -5
c LOG 0 API enters state ADDING
c LOG 0 API call 'add (-5)' succeeded
c ----------------------------------------------------------------------------
c LOG 0 API call 'add (37)' started
c LOG 0 API enters state STEADY
c LOG 0 adding external 37 as internal 37
c LOG 0 API enters state ADDING
c LOG 0 API call 'add (37)' succeeded
c ----------------------------------------------------------------------------
c LOG 0 API call 'add (50)' started
c LOG 0 API enters state STEADY
c LOG 0 adding external 50 as internal 50
c LOG 0 API enters state ADDING
c LOG 0 API call 'add (50)' succeeded
c ----------------------------------------------------------------------------
c LOG 0 API call 'add (0)' started
c LOG 0 API enters state STEADY
c LOG 0 PROOF adding original external clause -5 37 50
c LOG 0 CHECKER addition of original clause -5 37 50
c LOG 0 original clause -5 37 50
c LOG 0 new pointer 0x60000171a970 irredundant size 3 clause[362] -5 37 50
c LOG 0 marking added irredundant size 3 clause[362] -5 37 50
c LOG 0 watch -5 blit 37 in irredundant size 3 clause[361] -5 37 50
c LOG 0 watch 37 blit -5 in irredundant size 3 clause[361] -5 37 50
c LOG 0 API call 'add (0)' succeeded
c ----------------------------------------------------------------------------
c LOG 0 API call 'add (14)' started
c LOG 0 adding external 14 as internal 14
c LOG 0 API enters state ADDING
c LOG 0 API call 'add (14)' succeeded
c ----------------------------------------------------------------------------
c LOG 0 API call 'add (-34)' started
c LOG 0 API enters state STEADY
c LOG 0 adding external -34 as internal -34
c LOG 0 API enters state ADDING
c LOG 0 API call 'add (-34)' succeeded
c ----------------------------------------------------------------------------
c LOG 0 API call 'add (35)' started
c LOG 0 API enters state STEADY
c LOG 0 adding external 35 as internal 35
c LOG 0 API enters state ADDING
c LOG 0 API call 'add (35)' succeeded
c ----------------------------------------------------------------------------
c LOG 0 API call 'add (0)' started
c LOG 0 API enters state STEADY
c LOG 0 PROOF adding original external clause 14 -34 35
c LOG 0 CHECKER addition of original clause 14 -34 35
c LOG 0 original clause 14 -34 35
c LOG 0 new pointer 0x60000171a9d0 irredundant size 3 clause[363] 14 -34 35
c LOG 0 marking added irredundant size 3 clause[363] 14 -34 35
c LOG 0 watch 14 blit -34 in irredundant size 3 clause[362] 14 -34 35
c LOG 0 watch -34 blit 14 in irredundant size 3 clause[362] 14 -34 35
c LOG 0 API call 'add (0)' succeeded
c ----------------------------------------------------------------------------
c LOG 0 API call 'active ()' started
c LOG 0 API call 'active ()' returns '62'
c ----------------------------------------------------------------------------
c LOG 0 API call 'add (-25)' started
c LOG 0 adding external -25 as internal -25
c LOG 0 API enters state ADDING
c LOG 0 API call 'add (-25)' succeeded
c ----------------------------------------------------------------------------
c LOG 0 API call 'add (53)' started
c LOG 0 API enters state STEADY
c LOG 0 adding external 53 as internal 57
c LOG 0 API enters state ADDING
c LOG 0 API call 'add (53)' succeeded
c ----------------------------------------------------------------------------
c LOG 0 API call 'add (-31)' started
c LOG 0 API enters state STEADY
c LOG 0 adding external -31 as internal -31
c LOG 0 API enters state ADDING
c LOG 0 API call 'add (-31)' succeeded
c ----------------------------------------------------------------------------
c LOG 0 API call 'add (0)' started
c LOG 0 API enters state STEADY
c LOG 0 PROOF adding original external clause -25 53 -31
c LOG 0 CHECKER addition of original clause -25 53 -31
c LOG 0 original clause -25 57 -31
c LOG 0 new pointer 0x60000171aa30 irredundant size 3 clause[364] -25 57 -31
c LOG 0 marking added irredundant size 3 clause[364] -25 57 -31
c LOG 0 watch -25 blit 57 in irredundant size 3 clause[363] -25 57 -31
c LOG 0 watch 57 blit -25 in irredundant size 3 clause[363] -25 57 -31
c LOG 0 API call 'add (0)' succeeded
c ----------------------------------------------------------------------------
c LOG 0 API call 'add (9)' started
c LOG 0 adding external 9 as internal 9
c LOG 0 API enters state ADDING
c LOG 0 API call 'add (9)' succeeded
c ----------------------------------------------------------------------------
c LOG 0 API call 'add (-35)' started
c LOG 0 API enters state STEADY
c LOG 0 adding external -35 as internal -35
c LOG 0 API enters state ADDING
c LOG 0 API call 'add (-35)' succeeded
c ----------------------------------------------------------------------------
c LOG 0 API call 'add (-31)' started
c LOG 0 API enters state STEADY
c LOG 0 adding external -31 as internal -31
c LOG 0 API enters state ADDING
c LOG 0 API call 'add (-31)' succeeded
c ----------------------------------------------------------------------------
c LOG 0 API call 'add (0)' started
c LOG 0 API enters state STEADY
c LOG 0 PROOF adding original external clause 9 -35 -31
c LOG 0 CHECKER addition of original clause 9 -35 -31
c LOG 0 original clause 9 -35 -31
c LOG 0 new pointer 0x600001726160 irredundant size 3 clause[365] 9 -35 -31
c LOG 0 marking added irredundant size 3 clause[365] 9 -35 -31
c LOG 0 watch 9 blit -35 in irredundant size 3 clause[364] 9 -35 -31
c LOG 0 watch -35 blit 9 in irredundant size 3 clause[364] 9 -35 -31
c LOG 0 API call 'add (0)' succeeded
c ----------------------------------------------------------------------------
c LOG 0 API call 'add (-40)' started
c LOG 0 adding external -40 as internal -40
c LOG 0 API enters state ADDING
c LOG 0 API call 'add (-40)' succeeded
c ----------------------------------------------------------------------------
c LOG 0 API call 'add (47)' started
c LOG 0 API enters state STEADY
c LOG 0 adding external 47 as internal 47
c LOG 0 API enters state ADDING
c LOG 0 API call 'add (47)' succeeded
c ----------------------------------------------------------------------------
c LOG 0 API call 'add (-34)' started
c LOG 0 API enters state STEADY
c LOG 0 adding external -34 as internal -34
c LOG 0 API enters state ADDING
c LOG 0 API call 'add (-34)' succeeded
c ----------------------------------------------------------------------------
c LOG 0 API call 'add (0)' started
c LOG 0 API enters state STEADY
c LOG 0 PROOF adding original external clause -40 47 -34
c LOG 0 CHECKER addition of original clause -40 47 -34
c LOG 0 original clause -40 47 -34
c LOG 0 new pointer 0x6000017261c0 irredundant size 3 clause[366] -40 47 -34
c LOG 0 marking added irredundant size 3 clause[366] -40 47 -34
c LOG 0 watch -40 blit 47 in irredundant size 3 clause[365] -40 47 -34
c LOG 0 watch 47 blit -40 in irredundant size 3 clause[365] -40 47 -34
c LOG 0 API call 'add (0)' succeeded
c ----------------------------------------------------------------------------
c LOG 0 API call 'add (8)' started
c LOG 0 adding external 8 as internal 8
c LOG 0 API enters state ADDING
c LOG 0 API call 'add (8)' succeeded
c ----------------------------------------------------------------------------
c LOG 0 API call 'add (18)' started
c LOG 0 API enters state STEADY
c LOG 0 adding external 18 as internal 18
c LOG 0 API enters state ADDING
c LOG 0 API call 'add (18)' succeeded
c ----------------------------------------------------------------------------
c LOG 0 API call 'add (23)' started
c LOG 0 API enters state STEADY
c LOG 0 adding external 23 as internal 23
c LOG 0 API enters state ADDING
c LOG 0 API call 'add (23)' succeeded
c ----------------------------------------------------------------------------
c LOG 0 API call 'add (0)' started
c LOG 0 API enters state STEADY
c LOG 0 PROOF adding original external clause 8 18 23
c LOG 0 CHECKER addition of original clause 8 18 23
c LOG 0 original clause 8 18 23
c LOG 0 new pointer 0x600001726220 irredundant size 3 clause[367] 8 18 23
c LOG 0 marking added irredundant size 3 clause[367] 8 18 23
c LOG 0 watch 8 blit 18 in irredundant size 3 clause[366] 8 18 23
c LOG 0 watch 18 blit 8 in irredundant size 3 clause[366] 8 18 23
c LOG 0 API call 'add (0)' succeeded
c ----------------------------------------------------------------------------
c LOG 0 API call 'add (58)' started
c LOG 0 adding external 58 as internal 59
c LOG 0 API enters state ADDING
c LOG 0 API call 'add (58)' succeeded
c ----------------------------------------------------------------------------
c LOG 0 API call 'add (-45)' started
c LOG 0 API enters state STEADY
c LOG 0 adding external -45 as internal -45
c LOG 0 API enters state ADDING
c LOG 0 API call 'add (-45)' succeeded
c ----------------------------------------------------------------------------
c LOG 0 API call 'add (26)' started
c LOG 0 API enters state STEADY
c LOG 0 adding external 26 as internal 26
c LOG 0 API enters state ADDING
c LOG 0 API call 'add (26)' succeeded
c ----------------------------------------------------------------------------
c LOG 0 API call 'add (0)' started
c LOG 0 API enters state STEADY
c LOG 0 PROOF adding original external clause 58 -45 26
c LOG 0 CHECKER addition of original clause 58 -45 26
c LOG 0 original clause 59 -45 26
c LOG 0 new pointer 0x600001726280 irredundant size 3 clause[368] 59 -45 26
c LOG 0 marking added irredundant size 3 clause[368] 59 -45 26
c LOG 0 watch 59 blit -45 in irredundant size 3 clause[367] 59 -45 26
c LOG 0 watch -45 blit 59 in irredundant size 3 clause[367] 59 -45 26
c LOG 0 API call 'add (0)' succeeded
c ----------------------------------------------------------------------------
c LOG 0 API call 'resize (16)' started
c LOG 0 do nothing
c LOG 0 API call 'resize (16)' succeeded
c ----------------------------------------------------------------------------
c LOG 0 API call 'add (-51)' started
c LOG 0 adding external -51 as internal -51
c LOG 0 API enters state ADDING
c LOG 0 API call 'add (-51)' succeeded
c ----------------------------------------------------------------------------
c LOG 0 API call 'add (-30)' started
c LOG 0 API enters state STEADY
c LOG 0 adding external -30 as internal -30
c LOG 0 API enters state ADDING
c LOG 0 API call 'add (-30)' succeeded
c ----------------------------------------------------------------------------
c LOG 0 API call 'add (34)' started
c LOG 0 API enters state STEADY
c LOG 0 adding external 34 as internal 34
c LOG 0 API enters state ADDING
c LOG 0 API call 'add (34)' succeeded
c ----------------------------------------------------------------------------
c LOG 0 API call 'add (0)' started
c LOG 0 API enters state STEADY
c LOG 0 PROOF adding original external clause -51 -30 34
c LOG 0 CHECKER addition of original clause -51 -30 34
c LOG 0 original clause -51 -30 34
c LOG 0 new pointer 0x60000171aa60 irredundant size 3 clause[369] -51 -30 34
c LOG 0 marking added irredundant size 3 clause[369] -51 -30 34
c LOG 0 watch -51 blit -30 in irredundant size 3 clause[368] -51 -30 34
c LOG 0 watch -30 blit -51 in irredundant size 3 clause[368] -51 -30 34
c LOG 0 API call 'add (0)' succeeded
c ----------------------------------------------------------------------------
c LOG 0 API call 'add (34)' started
c LOG 0 adding external 34 as internal 34
c LOG 0 API enters state ADDING
c LOG 0 API call 'add (34)' succeeded
c ----------------------------------------------------------------------------
c LOG 0 API call 'add (18)' started
c LOG 0 API enters state STEADY
c LOG 0 adding external 18 as internal 18
c LOG 0 API enters state ADDING
c LOG 0 API call 'add (18)' succeeded
c ----------------------------------------------------------------------------
c LOG 0 API call 'add (30)' started
c LOG 0 API enters state STEADY
c LOG 0 adding external 30 as internal 30
c LOG 0 API enters state ADDING
c LOG 0 API call 'add (30)' succeeded
c ----------------------------------------------------------------------------
c LOG 0 API call 'add (0)' started
c LOG 0 API enters state STEADY
c LOG 0 PROOF adding original external clause 34 18 30
c LOG 0 CHECKER addition of original clause 34 18 30
c LOG 0 original clause 34 18 30
c LOG 0 new pointer 0x600001721c20 irredundant size 3 clause[370] 34 18 30
c LOG 0 marking added irredundant size 3 clause[370] 34 18 30
c LOG 0 watch 34 blit 18 in irredundant size 3 clause[369] 34 18 30
c LOG 0 watch 18 blit 34 in irredundant size 3 clause[369] 34 18 30
c LOG 0 API call 'add (0)' succeeded
c ----------------------------------------------------------------------------
c LOG 0 API call 'redundant ()' started
c LOG 0 API call 'redundant ()' returns '1'
c ----------------------------------------------------------------------------
c LOG 0 API call 'add (53)' started
c LOG 0 adding external 53 as internal 57
c LOG 0 API enters state ADDING
c LOG 0 API call 'add (53)' succeeded
c ----------------------------------------------------------------------------
c LOG 0 API call 'add (21)' started
c LOG 0 API enters state STEADY
c LOG 0 adding external 21 as internal 21
c LOG 0 API enters state ADDING
c LOG 0 API call 'add (21)' succeeded
c ----------------------------------------------------------------------------
c LOG 0 API call 'add (3)' started
c LOG 0 API enters state STEADY
c LOG 0 adding external 3 as internal 3
c LOG 0 API enters state ADDING
c LOG 0 API call 'add (3)' succeeded
c ----------------------------------------------------------------------------
c LOG 0 API call 'add (0)' started
c LOG 0 API enters state STEADY
c LOG 0 PROOF adding original external clause 53 21 3
c LOG 0 CHECKER addition of original clause 53 21 3
c LOG 0 original clause 57 21 3
c LOG 0 new pointer 0x60000171aac0 irredundant size 3 clause[371] 57 21 3
c LOG 0 marking added irredundant size 3 clause[371] 57 21 3
c LOG 0 watch 57 blit 21 in irredundant size 3 clause[370] 57 21 3
c LOG 0 watch 21 blit 57 in irredundant size 3 clause[370] 57 21 3
c LOG 0 API call 'add (0)' succeeded
c ----------------------------------------------------------------------------
c LOG 0 API call 'add (8)' started
c LOG 0 adding external 8 as internal 8
c LOG 0 API enters state ADDING
c LOG 0 API call 'add (8)' succeeded
c ----------------------------------------------------------------------------
c LOG 0 API call 'add (-10)' started
c LOG 0 API enters state STEADY
c LOG 0 adding external -10 as internal -10
c LOG 0 API enters state ADDING
c LOG 0 API call 'add (-10)' succeeded
c ----------------------------------------------------------------------------
c LOG 0 API call 'add (3)' started
c LOG 0 API enters state STEADY
c LOG 0 adding external 3 as internal 3
c LOG 0 API enters state ADDING
c LOG 0 API call 'add (3)' succeeded
c ----------------------------------------------------------------------------
c LOG 0 API call 'add (0)' started
c LOG 0 API enters state STEADY
c LOG 0 PROOF adding original external clause 8 -10 3
c LOG 0 CHECKER addition of original clause 8 -10 3
c LOG 0 original clause 8 -10 3
c LOG 0 new pointer 0x60000171ab20 irredundant size 3 clause[372] 8 -10 3
c LOG 0 marking added irredundant size 3 clause[372] 8 -10 3
c LOG 0 watch 8 blit -10 in irredundant size 3 clause[371] 8 -10 3
c LOG 0 watch -10 blit 8 in irredundant size 3 clause[371] 8 -10 3
c LOG 0 API call 'add (0)' succeeded
c ----------------------------------------------------------------------------
c LOG 0 API call 'add (-5)' started
c LOG 0 adding external -5 as internal -5
c LOG 0 API enters state ADDING
c LOG 0 API call 'add (-5)' succeeded
c ----------------------------------------------------------------------------
c LOG 0 API call 'add (51)' started
c LOG 0 API enters state STEADY
c LOG 0 adding external 51 as internal 51
c LOG 0 API enters state ADDING
c LOG 0 API call 'add (51)' succeeded
c ----------------------------------------------------------------------------
c LOG 0 API call 'add (-59)' started
c LOG 0 API enters state STEADY
c LOG 0 adding external -59 as internal -52
c LOG 0 API enters state ADDING
c LOG 0 API call 'add (-59)' succeeded
c ----------------------------------------------------------------------------
c LOG 0 API call 'add (-52)' started
c LOG 0 API enters state STEADY
c LOG 0 adding external -52 as internal -53
c LOG 0 API enters state ADDING
c LOG 0 API call 'add (-52)' succeeded
c ----------------------------------------------------------------------------
c LOG 0 API call 'add (-2)' started
c LOG 0 API enters state STEADY
c LOG 0 adding external -2 as internal -2
c LOG 0 API enters state ADDING
c LOG 0 API call 'add (-2)' succeeded
c ----------------------------------------------------------------------------
c LOG 0 API call 'add (-21)' started
c LOG 0 API enters state STEADY
c LOG 0 adding external -21 as internal -21
c LOG 0 API enters state ADDING
c LOG 0 API call 'add (-21)' succeeded
c ----------------------------------------------------------------------------
c LOG 0 API call 'add (-14)' started
c LOG 0 API enters state STEADY
c LOG 0 adding external -14 as internal -14
c LOG 0 API enters state ADDING
c LOG 0 API call 'add (-14)' succeeded
c ----------------------------------------------------------------------------
c LOG 0 API call 'add (60)' started
c LOG 0 API enters state STEADY
c LOG 0 adding external 60 as internal 58
c LOG 0 API enters state ADDING
c LOG 0 API call 'add (60)' succeeded
c ----------------------------------------------------------------------------
c LOG 0 API call 'add (32)' started
c LOG 0 API enters state STEADY
c LOG 0 adding external 32 as internal 32
c LOG 0 API enters state ADDING
c LOG 0 API call 'add (32)' succeeded
c ----------------------------------------------------------------------------
c LOG 0 API call 'add (-10)' started
c LOG 0 API enters state STEADY
c LOG 0 adding external -10 as internal -10
c LOG 0 API enters state ADDING
c LOG 0 API call 'add (-10)' succeeded
c ----------------------------------------------------------------------------
c LOG 0 API call 'add (35)' started
c LOG 0 API enters state STEADY
c LOG 0 adding external 35 as internal 35
c LOG 0 API enters state ADDING
c LOG 0 API call 'add (35)' succeeded
c ----------------------------------------------------------------------------
c LOG 0 API call 'add (-54)' started
c LOG 0 API enters state STEADY
c LOG 0 adding external -54 as internal -62
c LOG 0 API enters state ADDING
c LOG 0 API call 'add (-54)' succeeded
c ----------------------------------------------------------------------------
c LOG 0 API call 'add (26)' started
c LOG 0 API enters state STEADY
c LOG 0 adding external 26 as internal 26
c LOG 0 API enters state ADDING
c LOG 0 API call 'add (26)' succeeded
c ----------------------------------------------------------------------------
c LOG 0 API call 'add (-23)' started
c LOG 0 API enters state STEADY
c LOG 0 adding external -23 as internal -23
c LOG 0 API enters state ADDING
c LOG 0 API call 'add (-23)' succeeded
c ----------------------------------------------------------------------------
c LOG 0 API call 'add (-53)' started
c LOG 0 API enters state STEADY
c LOG 0 adding external -53 as internal -57
c LOG 0 API enters state ADDING
c LOG 0 API call 'add (-53)' succeeded
c ----------------------------------------------------------------------------
c LOG 0 API call 'add (50)' started
c LOG 0 API enters state STEADY
c LOG 0 adding external 50 as internal 50
c LOG 0 API enters state ADDING
c LOG 0 API call 'add (50)' succeeded
c ----------------------------------------------------------------------------
c LOG 0 API call 'add (-28)' started
c LOG 0 API enters state STEADY
c LOG 0 adding external -28 as internal -28
c LOG 0 API enters state ADDING
c LOG 0 API call 'add (-28)' succeeded
c ----------------------------------------------------------------------------
c LOG 0 API call 'add (41)' started
c LOG 0 API enters state STEADY
c LOG 0 adding external 41 as internal 41
c LOG 0 API enters state ADDING
c LOG 0 API call 'add (41)' succeeded
c ----------------------------------------------------------------------------
c LOG 0 API call 'add (-18)' started
c LOG 0 API enters state STEADY
c LOG 0 adding external -18 as internal -18
c LOG 0 API enters state ADDING
c LOG 0 API call 'add (-18)' succeeded
c ----------------------------------------------------------------------------
c LOG 0 API call 'add (34)' started
c LOG 0 API enters state STEADY
c LOG 0 adding external 34 as internal 34
c LOG 0 API enters state ADDING
c LOG 0 API call 'add (34)' succeeded
c ----------------------------------------------------------------------------
c LOG 0 API call 'add (0)' started
c LOG 0 API enters state STEADY
c LOG 0 PROOF adding original external clause -5 51 -59 -52 -2 -21 -14 60 32 -10 35 -54 26 -23 -53 50 -28 41 -18 34
c LOG 0 CHECKER addition of original clause -5 51 -59 -52 -2 -21 -14 60 32 -10 35 -54 26 -23 -53 50 -28 41 -18 34
c LOG 0 original clause -5 51 -52 -53 -2 -21 -14 58 32 -10 35 -62 26 -23 -57 50 -28 41 -18 34
c LOG 0 new pointer 0x6000032002a0 irredundant size 20 clause[373] -5 51 -52 -53 -2 -21 -14 58 32 -10 35 -62 26 -23 -57 50 -28 41 -18 34
c LOG 0 marking added irredundant size 20 clause[373] -5 51 -52 -53 -2 -21 -14 58 32 -10 35 -62 26 -23 -57 50 -28 41 -18 34
c LOG 0 watch -5 blit 51 in irredundant size 20 clause[372] -5 51 -52 -53 -2 -21 -14 58 32 -10 35 -62 26 -23 -57 50 -28 41 -18 34
c LOG 0 watch 51 blit -5 in irredundant size 20 clause[372] -5 51 -52 -53 -2 -21 -14 58 32 -10 35 -62 26 -23 -57 50 -28 41 -18 34
c LOG 0 API call 'add (0)' succeeded
c ----------------------------------------------------------------------------
c LOG 0 API call 'add (-52)' started
c LOG 0 adding external -52 as internal -53
c LOG 0 API enters state ADDING
c LOG 0 API call 'add (-52)' succeeded
c ----------------------------------------------------------------------------
c LOG 0 API call 'add (-30)' started
c LOG 0 API enters state STEADY
c LOG 0 adding external -30 as internal -30
c LOG 0 API enters state ADDING
c LOG 0 API call 'add (-30)' succeeded
c ----------------------------------------------------------------------------
c LOG 0 API call 'add (-35)' started
c LOG 0 API enters state STEADY
c LOG 0 adding external -35 as internal -35
c LOG 0 API enters state ADDING
c LOG 0 API call 'add (-35)' succeeded
c ----------------------------------------------------------------------------
c LOG 0 API call 'add (0)' started
c LOG 0 API enters state STEADY
c LOG 0 PROOF adding original external clause -52 -30 -35
c LOG 0 CHECKER addition of original clause -52 -30 -35
c LOG 0 original clause -53 -30 -35
c LOG 0 new pointer 0x60000171ab80 irredundant size 3 clause[374] -53 -30 -35
c LOG 0 marking added irredundant size 3 clause[374] -53 -30 -35
c LOG 0 watch -53 blit -30 in irredundant size 3 clause[373] -53 -30 -35
c LOG 0 watch -30 blit -53 in irredundant size 3 clause[373] -53 -30 -35
c LOG 0 API call 'add (0)' succeeded
c ----------------------------------------------------------------------------
c LOG 0 API call 'add (-41)' started
c LOG 0 adding external -41 as internal -41
c LOG 0 API enters state ADDING
c LOG 0 API call 'add (-41)' succeeded
c ----------------------------------------------------------------------------
c LOG 0 API call 'add (-28)' started
c LOG 0 API enters state STEADY
c LOG 0 adding external -28 as internal -28
c LOG 0 API enters state ADDING
c LOG 0 API call 'add (-28)' succeeded
c ----------------------------------------------------------------------------
c LOG 0 API call 'add (-53)' started
c LOG 0 API enters state STEADY
c LOG 0 adding external -53 as internal -57
c LOG 0 API enters state ADDING
c LOG 0 API call 'add (-53)' succeeded
c ----------------------------------------------------------------------------
c LOG 0 API call 'add (0)' started
c LOG 0 API enters state STEADY
c LOG 0 PROOF adding original external clause -41 -28 -53
c LOG 0 CHECKER addition of original clause -41 -28 -53
c LOG 0 original clause -41 -28 -57
c LOG 0 new pointer 0x600001721c80 irredundant size 3 clause[375] -41 -28 -57
c LOG 0 marking added irredundant size 3 clause[375] -41 -28 -57
c LOG 0 watch -41 blit -28 in irredundant size 3 clause[374] -41 -28 -57
c LOG 0 watch -28 blit -41 in irredundant size 3 clause[374] -41 -28 -57
c LOG 0 API call 'add (0)' succeeded
c ----------------------------------------------------------------------------
c LOG 0 API call 'add (-50)' started
c LOG 0 adding external -50 as internal -50
c LOG 0 API enters state ADDING
c LOG 0 API call 'add (-50)' succeeded
c ----------------------------------------------------------------------------
c LOG 0 API call 'add (53)' started
c LOG 0 API enters state STEADY
c LOG 0 adding external 53 as internal 57
c LOG 0 API enters state ADDING
c LOG 0 API call 'add (53)' succeeded
c ----------------------------------------------------------------------------
c LOG 0 API call 'add (-40)' started
c LOG 0 API enters state STEADY
c LOG 0 adding external -40 as internal -40
c LOG 0 API enters state ADDING
c LOG 0 API call 'add (-40)' succeeded
c ----------------------------------------------------------------------------
c LOG 0 API call 'add (-26)' started
c LOG 0 API enters state STEADY
c LOG 0 adding external -26 as internal -26
c LOG 0 API enters state ADDING
c LOG 0 API call 'add (-26)' succeeded
c ----------------------------------------------------------------------------
c LOG 0 API call 'add (25)' started
c LOG 0 API enters state STEADY
c LOG 0 adding external 25 as internal 25
c LOG 0 API enters state ADDING
c LOG 0 API call 'add (25)' succeeded
c ----------------------------------------------------------------------------
c LOG 0 API call 'add (35)' started
c LOG 0 API enters state STEADY
c LOG 0 adding external 35 as internal 35
c LOG 0 API enters state ADDING
c LOG 0 API call 'add (35)' succeeded
c ----------------------------------------------------------------------------
c LOG 0 API call 'add (3)' started
c LOG 0 API enters state STEADY
c LOG 0 adding external 3 as internal 3
c LOG 0 API enters state ADDING
c LOG 0 API call 'add (3)' succeeded
c ----------------------------------------------------------------------------
c LOG 0 API call 'add (41)' started
c LOG 0 API enters state STEADY
c LOG 0 adding external 41 as internal 41
c LOG 0 API enters state ADDING
c LOG 0 API call 'add (41)' succeeded
c ----------------------------------------------------------------------------
c LOG 0 API call 'add (57)' started
c LOG 0 API enters state STEADY
c LOG 0 adding external 57 as internal 60
c LOG 0 API enters state ADDING
c LOG 0 API call 'add (57)' succeeded
c ----------------------------------------------------------------------------
c LOG 0 API call 'add (-5)' started
c LOG 0 API enters state STEADY
c LOG 0 adding external -5 as internal -5
c LOG 0 API enters state ADDING
c LOG 0 API call 'add (-5)' succeeded
c ----------------------------------------------------------------------------
c LOG 0 API call 'add (49)' started
c LOG 0 API enters state STEADY
c LOG 0 adding external 49 as internal 49
c LOG 0 API enters state ADDING
c LOG 0 API call 'add (49)' succeeded
c ----------------------------------------------------------------------------
c LOG 0 API call 'add (-37)' started
c LOG 0 API enters state STEADY
c LOG 0 adding external -37 as internal -37
c LOG 0 API enters state ADDING
c LOG 0 API call 'add (-37)' succeeded
c ----------------------------------------------------------------------------
c LOG 0 API call 'add (-18)' started
c LOG 0 API enters state STEADY
c LOG 0 adding external -18 as internal -18
c LOG 0 API enters state ADDING
c LOG 0 API call 'add (-18)' succeeded
c ----------------------------------------------------------------------------
c LOG 0 API call 'add (51)' started
c LOG 0 API enters state STEADY
c LOG 0 adding external 51 as internal 51
c LOG 0 API enters state ADDING
c LOG 0 API call 'add (51)' succeeded
c ----------------------------------------------------------------------------
c LOG 0 API call 'add (1)' started
c LOG 0 API enters state STEADY
c LOG 0 adding external 1 as internal 1
c LOG 0 API enters state ADDING
c LOG 0 API call 'add (1)' succeeded
c ----------------------------------------------------------------------------
c LOG 0 API call 'add (0)' started
c LOG 0 API enters state STEADY
c LOG 0 PROOF adding original external clause -50 53 -40 -26 25 35 3 41 57 -5 49 -37 -18 51 1
c LOG 0 CHECKER addition of original clause -50 53 -40 -26 25 35 3 41 57 -5 49 -37 -18 51 1
c LOG 0 original clause -50 57 -40 -26 25 35 3 41 60 -5 49 -37 -18 51 1
c LOG 0 new pointer 0x600003d041e0 irredundant size 15 clause[376] -50 57 -40 -26 25 35 3 41 60 -5 49 -37 -18 51 1
c LOG 0 marking added irredundant size 15 clause[376] -50 57 -40 -26 25 35 3 41 60 -5 49 -37 -18 51 1
c LOG 0 watch -50 blit 57 in irredundant size 15 clause[375] -50 57 -40 -26 25 35 3 41 60 -5 49 -37 -18 51 1
c LOG 0 watch 57 blit -50 in irredundant size 15 clause[375] -50 57 -40 -26 25 35 3 41 60 -5 49 -37 -18 51 1
c LOG 0 API call 'add (0)' succeeded
c ----------------------------------------------------------------------------
c LOG 0 API call 'add (-52)' started
c LOG 0 adding external -52 as internal -53
c LOG 0 API enters state ADDING
c LOG 0 API call 'add (-52)' succeeded
c ----------------------------------------------------------------------------
c LOG 0 API call 'add (44)' started
c LOG 0 API enters state STEADY
c LOG 0 adding external 44 as internal 44
c LOG 0 API enters state ADDING
c LOG 0 API call 'add (44)' succeeded
c ----------------------------------------------------------------------------
c LOG 0 API call 'add (18)' started
c LOG 0 API enters state STEADY
c LOG 0 adding external 18 as internal 18
c LOG 0 API enters state ADDING
c LOG 0 API call 'add (18)' succeeded
c ----------------------------------------------------------------------------
c LOG 0 API call 'add (9)' started
c LOG 0 API enters state STEADY
c LOG 0 adding external 9 as internal 9
c LOG 0 API enters state ADDING
c LOG 0 API call 'add (9)' succeeded
c ----------------------------------------------------------------------------
c LOG 0 API call 'add (0)' started
c LOG 0 API enters state STEADY
c LOG 0 PROOF adding original external clause -52 44 18 9
c LOG 0 CHECKER addition of original clause -52 44 18 9
c LOG 0 original clause -53 44 18 9
c LOG 0 new pointer 0x60000171abe0 irredundant size 4 clause[377] -53 44 18 9
c LOG 0 marking added irredundant size 4 clause[377] -53 44 18 9
c LOG 0 watch -53 blit 44 in irredundant size 4 clause[376] -53 44 18 9
c LOG 0 watch 44 blit -53 in irredundant size 4 clause[376] -53 44 18 9
c LOG 0 API call 'add (0)' succeeded
c ----------------------------------------------------------------------------
c LOG 0 API call 'add (36)' started
c LOG 0 adding external 36 as internal 36
c LOG 0 API enters state ADDING
c LOG 0 API call 'add (36)' succeeded
c ----------------------------------------------------------------------------
c LOG 0 API call 'add (27)' started
c LOG 0 API enters state STEADY
c LOG 0 adding external 27 as internal 27
c LOG 0 API enters state ADDING
c LOG 0 API call 'add (27)' succeeded
c ----------------------------------------------------------------------------
c LOG 0 API call 'add (-31)' started
c LOG 0 API enters state STEADY
c LOG 0 adding external -31 as internal -31
c LOG 0 API enters state ADDING
c LOG 0 API call 'add (-31)' succeeded
c ----------------------------------------------------------------------------
c LOG 0 API call 'add (0)' started
c LOG 0 API enters state STEADY
c LOG 0 PROOF adding original external clause 36 27 -31
c LOG 0 CHECKER addition of original clause 36 27 -31
c LOG 0 original clause 36 27 -31
c LOG 0 new pointer 0x600001726310 irredundant size 3 clause[378] 36 27 -31
c LOG 0 marking added irredundant size 3 clause[378] 36 27 -31
c LOG 0 watch 36 blit 27 in irredundant size 3 clause[377] 36 27 -31
c LOG 0 watch 27 blit 36 in irredundant size 3 clause[377] 36 27 -31
c LOG 0 API call 'add (0)' succeeded
c ----------------------------------------------------------------------------
c LOG 0 API call 'add (51)' started
c LOG 0 adding external 51 as internal 51
c LOG 0 API enters state ADDING
c LOG 0 API call 'add (51)' succeeded
c ----------------------------------------------------------------------------
c LOG 0 API call 'add (-54)' started
c LOG 0 API enters state STEADY
c LOG 0 adding external -54 as internal -62
c LOG 0 API enters state ADDING
c LOG 0 API call 'add (-54)' succeeded
c ----------------------------------------------------------------------------
c LOG 0 API call 'add (36)' started
c LOG 0 API enters state STEADY
c LOG 0 adding external 36 as internal 36
c LOG 0 API enters state ADDING
c LOG 0 API call 'add (36)' succeeded
c ----------------------------------------------------------------------------
c LOG 0 API call 'add (0)' started
c LOG 0 API enters state STEADY
c LOG 0 PROOF adding original external clause 51 -54 36
c LOG 0 CHECKER addition of original clause 51 -54 36
c LOG 0 original clause 51 -62 36
c LOG 0 new pointer 0x600001726370 irredundant size 3 clause[379] 51 -62 36
c LOG 0 marking added irredundant size 3 clause[379] 51 -62 36
c LOG 0 watch 51 blit -62 in irredundant size 3 clause[378] 51 -62 36
c LOG 0 watch -62 blit 51 in irredundant size 3 clause[378] 51 -62 36
c LOG 0 API call 'add (0)' succeeded
c ----------------------------------------------------------------------------
c LOG 0 API call 'add (49)' started
c LOG 0 adding external 49 as internal 49
c LOG 0 API enters state ADDING
c LOG 0 API call 'add (49)' succeeded
c ----------------------------------------------------------------------------
c LOG 0 API call 'add (-56)' started
c LOG 0 API enters state STEADY
c LOG 0 adding external -56 as internal -56
c LOG 0 API enters state ADDING
c LOG 0 API call 'add (-56)' succeeded
c ----------------------------------------------------------------------------
c LOG 0 API call 'add (5)' started
c LOG 0 API enters state STEADY
c LOG 0 adding external 5 as internal 5
c LOG 0 API enters state ADDING
c LOG 0 API call 'add (5)' succeeded
c ----------------------------------------------------------------------------
c LOG 0 API call 'add (0)' started
c LOG 0 API enters state STEADY
c LOG 0 PROOF adding original external clause 49 -56 5
c LOG 0 CHECKER addition of original clause 49 -56 5
c LOG 0 original clause 49 -56 5
c LOG 0 new pointer 0x600001721ce0 irredundant size 3 clause[380] 49 -56 5
c LOG 0 marking added irredundant size 3 clause[380] 49 -56 5
c LOG 0 watch 49 blit -56 in irredundant size 3 clause[379] 49 -56 5
c LOG 0 watch -56 blit 49 in irredundant size 3 clause[379] 49 -56 5
c LOG 0 API call 'add (0)' succeeded
c ----------------------------------------------------------------------------
c LOG 0 API call 'add (-57)' started
c LOG 0 adding external -57 as internal -60
c LOG 0 API enters state ADDING
c LOG 0 API call 'add (-57)' succeeded
c ----------------------------------------------------------------------------
c LOG 0 API call 'add (-26)' started
c LOG 0 API enters state STEADY
c LOG 0 adding external -26 as internal -26
c LOG 0 API enters state ADDING
c LOG 0 API call 'add (-26)' succeeded
c ----------------------------------------------------------------------------
c LOG 0 API call 'add (50)' started
c LOG 0 API enters state STEADY
c LOG 0 adding external 50 as internal 50
c LOG 0 API enters state ADDING
c LOG 0 API call 'add (50)' succeeded
c ----------------------------------------------------------------------------
c LOG 0 API call 'add (0)' started
c LOG 0 API enters state STEADY
c LOG 0 PROOF adding original external clause -57 -26 50
c LOG 0 CHECKER addition of original clause -57 -26 50
c LOG 0 original clause -60 -26 50
c LOG 0 new pointer 0x60000172d6b0 irredundant size 3 clause[381] -60 -26 50
c LOG 0 marking added irredundant size 3 clause[381] -60 -26 50
c LOG 0 watch -60 blit -26 in irredundant size 3 clause[380] -60 -26 50
c LOG 0 watch -26 blit -60 in irredundant size 3 clause[380] -60 -26 50
c LOG 0 API call 'add (0)' succeeded
c ----------------------------------------------------------------------------
c LOG 0 API call 'add (-35)' started
c LOG 0 adding external -35 as internal -35
c LOG 0 API enters state ADDING
c LOG 0 API call 'add (-35)' succeeded
c ----------------------------------------------------------------------------
c LOG 0 API call 'add (-14)' started
c LOG 0 API enters state STEADY
c LOG 0 adding external -14 as internal -14
c LOG 0 API enters state ADDING
c LOG 0 API call 'add (-14)' succeeded
c ----------------------------------------------------------------------------
c LOG 0 API call 'add (41)' started
c LOG 0 API enters state STEADY
c LOG 0 adding external 41 as internal 41
c LOG 0 API enters state ADDING
c LOG 0 API call 'add (41)' succeeded
c ----------------------------------------------------------------------------
c LOG 0 API call 'add (0)' started
c LOG 0 API enters state STEADY
c LOG 0 PROOF adding original external clause -35 -14 41
c LOG 0 CHECKER addition of original clause -35 -14 41
c LOG 0 original clause -35 -14 41
c LOG 0 new pointer 0x60000172d710 irredundant size 3 clause[382] -35 -14 41
c LOG 0 marking added irredundant size 3 clause[382] -35 -14 41
c LOG 0 watch -35 blit -14 in irredundant size 3 clause[381] -35 -14 41
c LOG 0 watch -14 blit -35 in irredundant size 3 clause[381] -35 -14 41
c LOG 0 API call 'add (0)' succeeded
c ----------------------------------------------------------------------------
c LOG 0 API call 'add (-54)' started
c LOG 0 adding external -54 as internal -62
c LOG 0 API enters state ADDING
c LOG 0 API call 'add (-54)' succeeded
c ----------------------------------------------------------------------------
c LOG 0 API call 'add (-42)' started
c LOG 0 API enters state STEADY
c LOG 0 adding external -42 as internal -42
c LOG 0 API enters state ADDING
c LOG 0 API call 'add (-42)' succeeded
c ----------------------------------------------------------------------------
c LOG 0 API call 'add (36)' started
c LOG 0 API enters state STEADY
c LOG 0 adding external 36 as internal 36
c LOG 0 API enters state ADDING
c LOG 0 API call 'add (36)' succeeded
c ----------------------------------------------------------------------------
c LOG 0 API call 'add (0)' started
c LOG 0 API enters state STEADY
c LOG 0 PROOF adding original external clause -54 -42 36
c LOG 0 CHECKER addition of original clause -54 -42 36
c LOG 0 original clause -62 -42 36
c LOG 0 new pointer 0x60000171ac40 irredundant size 3 clause[383] -62 -42 36
c LOG 0 marking added irredundant size 3 clause[383] -62 -42 36
c LOG 0 watch -62 blit -42 in irredundant size 3 clause[382] -62 -42 36
c LOG 0 watch -42 blit -62 in irredundant size 3 clause[382] -62 -42 36
c LOG 0 API call 'add (0)' succeeded
c ----------------------------------------------------------------------------
c LOG 0 API call 'add (-37)' started
c LOG 0 adding external -37 as internal -37
c LOG 0 API enters state ADDING
c LOG 0 API call 'add (-37)' succeeded
c ----------------------------------------------------------------------------
c LOG 0 API call 'add (21)' started
c LOG 0 API enters state STEADY
c LOG 0 adding external 21 as internal 21
c LOG 0 API enters state ADDING
c LOG 0 API call 'add (21)' succeeded
c ----------------------------------------------------------------------------
c LOG 0 API call 'add (15)' started
c LOG 0 API enters state STEADY
c LOG 0 adding external 15 as internal 15
c LOG 0 API enters state ADDING
c LOG 0 API call 'add (15)' succeeded
c ----------------------------------------------------------------------------
c LOG 0 API call 'add (0)' started
c LOG 0 API enters state STEADY
c LOG 0 PROOF adding original external clause -37 21 15
c LOG 0 CHECKER addition of original clause -37 21 15
c LOG 0 original clause -37 21 15
c LOG 0 new pointer 0x60000171aca0 irredundant size 3 clause[384] -37 21 15
c LOG 0 marking added irredundant size 3 clause[384] -37 21 15
c LOG 0 watch -37 blit 21 in irredundant size 3 clause[383] -37 21 15
c LOG 0 watch 21 blit -37 in irredundant size 3 clause[383] -37 21 15
c LOG 0 API call 'add (0)' succeeded
c ----------------------------------------------------------------------------
c LOG 0 API call 'add (-25)' started
c LOG 0 adding external -25 as internal -25
c LOG 0 API enters state ADDING
c LOG 0 API call 'add (-25)' succeeded
c ----------------------------------------------------------------------------
c LOG 0 API call 'add (-37)' started
c LOG 0 API enters state STEADY
c LOG 0 adding external -37 as internal -37
c LOG 0 API enters state ADDING
c LOG 0 API call 'add (-37)' succeeded
c ----------------------------------------------------------------------------
c LOG 0 API call 'add (-57)' started
c LOG 0 API enters state STEADY
c LOG 0 adding external -57 as internal -60
c LOG 0 API enters state ADDING
c LOG 0 API call 'add (-57)' succeeded
c ----------------------------------------------------------------------------
c LOG 0 API call 'add (55)' started
c LOG 0 API enters state STEADY
c LOG 0 adding external 55 as internal 54
c LOG 0 API enters state ADDING
c LOG 0 API call 'add (55)' succeeded
c ----------------------------------------------------------------------------
c LOG 0 API call 'add (23)' started
c LOG 0 API enters state STEADY
c LOG 0 adding external 23 as internal 23
c LOG 0 API enters state ADDING
c LOG 0 API call 'add (23)' succeeded
c ----------------------------------------------------------------------------
c LOG 0 API call 'add (36)' started
c LOG 0 API enters state STEADY
c LOG 0 adding external 36 as internal 36
c LOG 0 API enters state ADDING
c LOG 0 API call 'add (36)' succeeded
c ----------------------------------------------------------------------------
c LOG 0 API call 'add (22)' started
c LOG 0 API enters state STEADY
c LOG 0 adding external 22 as internal 22
c LOG 0 API enters state ADDING
c LOG 0 API call 'add (22)' succeeded
c ----------------------------------------------------------------------------
c LOG 0 API call 'add (-52)' started
c LOG 0 API enters state STEADY
c LOG 0 adding external -52 as internal -53
c LOG 0 API enters state ADDING
c LOG 0 API call 'add (-52)' succeeded
c ----------------------------------------------------------------------------
c LOG 0 API call 'add (-42)' started
c LOG 0 API enters state STEADY
c LOG 0 adding external -42 as internal -42
c LOG 0 API enters state ADDING
c LOG 0 API call 'add (-42)' succeeded
c ----------------------------------------------------------------------------
c LOG 0 API call 'add (-47)' started
c LOG 0 API enters state STEADY
c LOG 0 adding external -47 as internal -47
c LOG 0 API enters state ADDING
c LOG 0 API call 'add (-47)' succeeded
c ----------------------------------------------------------------------------
c LOG 0 API call 'add (30)' started
c LOG 0 API enters state STEADY
c LOG 0 adding external 30 as internal 30
c LOG 0 API enters state ADDING
c LOG 0 API call 'add (30)' succeeded
c ----------------------------------------------------------------------------
c LOG 0 API call 'add (3)' started
c LOG 0 API enters state STEADY
c LOG 0 adding external 3 as internal 3
c LOG 0 API enters state ADDING
c LOG 0 API call 'add (3)' succeeded
c ----------------------------------------------------------------------------
c LOG 0 API call 'add (2)' started
c LOG 0 API enters state STEADY
c LOG 0 adding external 2 as internal 2
c LOG 0 API enters state ADDING
c LOG 0 API call 'add (2)' succeeded
c ----------------------------------------------------------------------------
c LOG 0 API call 'add (10)' started
c LOG 0 API enters state STEADY
c LOG 0 adding external 10 as internal 10
c LOG 0 API enters state ADDING
c LOG 0 API call 'add (10)' succeeded
c ----------------------------------------------------------------------------
c LOG 0 API call 'add (0)' started
c LOG 0 API enters state STEADY
c LOG 0 PROOF adding original external clause -25 -37 -57 55 23 36 22 -52 -42 -47 30 3 2 10
c LOG 0 CHECKER addition of original clause -25 -37 -57 55 23 36 22 -52 -42 -47 30 3 2 10
c LOG 0 original clause -25 -37 -60 54 23 36 22 -53 -42 -47 30 3 2 10
c LOG 0 new pointer 0x600003a0c1e0 irredundant size 14 clause[385] -25 -37 -60 54 23 36 22 -53 -42 -47 30 3 2 10
c LOG 0 marking added irredundant size 14 clause[385] -25 -37 -60 54 23 36 22 -53 -42 -47 30 3 2 10
c LOG 0 watch -25 blit -37 in irredundant size 14 clause[384] -25 -37 -60 54 23 36 22 -53 -42 -47 30 3 2 10
c LOG 0 watch -37 blit -25 in irredundant size 14 clause[384] -25 -37 -60 54 23 36 22 -53 -42 -47 30 3 2 10
c LOG 0 API call 'add (0)' succeeded
c ----------------------------------------------------------------------------
c LOG 0 API call 'active ()' started
c LOG 0 API call 'active ()' returns '62'
c ----------------------------------------------------------------------------
c LOG 0 API call 'add (15)' started
c LOG 0 adding external 15 as internal 15
c LOG 0 API enters state ADDING
c LOG 0 API call 'add (15)' succeeded
c ----------------------------------------------------------------------------
c LOG 0 API call 'add (-23)' started
c LOG 0 API enters state STEADY
c LOG 0 adding external -23 as internal -23
c LOG 0 API enters state ADDING
c LOG 0 API call 'add (-23)' succeeded
c ----------------------------------------------------------------------------
c LOG 0 API call 'add (41)' started
c LOG 0 API enters state STEADY
c LOG 0 adding external 41 as internal 41
c LOG 0 API enters state ADDING
c LOG 0 API call 'add (41)' succeeded
c ----------------------------------------------------------------------------
c LOG 0 API call 'add (0)' started
c LOG 0 API enters state STEADY
c LOG 0 PROOF adding original external clause 15 -23 41
c LOG 0 CHECKER addition of original clause 15 -23 41
c LOG 0 original clause 15 -23 41
c LOG 0 new pointer 0x6000017263d0 irredundant size 3 clause[386] 15 -23 41
c LOG 0 marking added irredundant size 3 clause[386] 15 -23 41
c LOG 0 watch 15 blit -23 in irredundant size 3 clause[385] 15 -23 41
c LOG 0 watch -23 blit 15 in irredundant size 3 clause[385] 15 -23 41
c LOG 0 API call 'add (0)' succeeded
c ----------------------------------------------------------------------------
c LOG 0 API call 'add (22)' started
c LOG 0 adding external 22 as internal 22
c LOG 0 API enters state ADDING
c LOG 0 API call 'add (22)' succeeded
c ----------------------------------------------------------------------------
c LOG 0 API call 'add (-1)' started
c LOG 0 API enters state STEADY
c LOG 0 adding external -1 as internal -1
c LOG 0 API enters state ADDING
c LOG 0 API call 'add (-1)' succeeded
c ----------------------------------------------------------------------------
c LOG 0 API call 'add (56)' started
c LOG 0 API enters state STEADY
c LOG 0 adding external 56 as internal 56
c LOG 0 API enters state ADDING
c LOG 0 API call 'add (56)' succeeded
c ----------------------------------------------------------------------------
c LOG 0 API call 'add (0)' started
c LOG 0 API enters state STEADY
c LOG 0 PROOF adding original external clause 22 -1 56
c LOG 0 CHECKER addition of original clause 22 -1 56
c LOG 0 original clause 22 -1 56
c LOG 0 new pointer 0x60000171ad00 irredundant size 3 clause[387] 22 -1 56
c LOG 0 marking added irredundant size 3 clause[387] 22 -1 56
c LOG 0 watch 22 blit -1 in irredundant size 3 clause[386] 22 -1 56
c LOG 0 watch -1 blit 22 in irredundant size 3 clause[386] 22 -1 56
c LOG 0 API call 'add (0)' succeeded
c ----------------------------------------------------------------------------
c LOG 0 API call 'add (1)' started
c LOG 0 adding external 1 as internal 1
c LOG 0 API enters state ADDING
c LOG 0 API call 'add (1)' succeeded
c ----------------------------------------------------------------------------
c LOG 0 API call 'add (25)' started
c LOG 0 API enters state STEADY
c LOG 0 adding external 25 as internal 25
c LOG 0 API enters state ADDING
c LOG 0 API call 'add (25)' succeeded
c ----------------------------------------------------------------------------
c LOG 0 API call 'add (-2)' started
c LOG 0 API enters state STEADY
c LOG 0 adding external -2 as internal -2
c LOG 0 API enters state ADDING
c LOG 0 API call 'add (-2)' succeeded
c ----------------------------------------------------------------------------
c LOG 0 API call 'add (0)' started
c LOG 0 API enters state STEADY
c LOG 0 PROOF adding original external clause 1 25 -2
c LOG 0 CHECKER addition of original clause 1 25 -2
c LOG 0 original clause 1 25 -2
c LOG 0 new pointer 0x60000171ad60 irredundant size 3 clause[388] 1 25 -2
c LOG 0 marking added irredundant size 3 clause[388] 1 25 -2
c LOG 0 watch 1 blit 25 in irredundant size 3 clause[387] 1 25 -2
c LOG 0 watch 25 blit 1 in irredundant size 3 clause[387] 1 25 -2
c LOG 0 API call 'add (0)' succeeded
c ----------------------------------------------------------------------------
c LOG 0 API call 'add (31)' started
c LOG 0 adding external 31 as internal 31
c LOG 0 API enters state ADDING
c LOG 0 API call 'add (31)' succeeded
c ----------------------------------------------------------------------------
c LOG 0 API call 'add (40)' started
c LOG 0 API enters state STEADY
c LOG 0 adding external 40 as internal 40
c LOG 0 API enters state ADDING
c LOG 0 API call 'add (40)' succeeded
c ----------------------------------------------------------------------------
c LOG 0 API call 'add (50)' started
c LOG 0 API enters state STEADY
c LOG 0 adding external 50 as internal 50
c LOG 0 API enters state ADDING
c LOG 0 API call 'add (50)' succeeded
c ----------------------------------------------------------------------------
c LOG 0 API call 'add (0)' started
c LOG 0 API enters state STEADY
c LOG 0 PROOF adding original external clause 31 40 50
c LOG 0 CHECKER addition of original clause 31 40 50
c LOG 0 original clause 31 40 50
c LOG 0 new pointer 0x60000171adc0 irredundant size 3 clause[389] 31 40 50
c LOG 0 marking added irredundant size 3 clause[389] 31 40 50
c LOG 0 watch 31 blit 40 in irredundant size 3 clause[388] 31 40 50
c LOG 0 watch 40 blit 31 in irredundant size 3 clause[388] 31 40 50
c LOG 0 API call 'add (0)' succeeded
c ----------------------------------------------------------------------------
c LOG 0 API call 'add (55)' started
c LOG 0 adding external 55 as internal 54
c LOG 0 API enters state ADDING
c LOG 0 API call 'add (55)' succeeded
c ----------------------------------------------------------------------------
c LOG 0 API call 'add (-37)' started
c LOG 0 API enters state STEADY
c LOG 0 adding external -37 as internal -37
c LOG 0 API enters state ADDING
c LOG 0 API call 'add (-37)' succeeded
c ----------------------------------------------------------------------------
c LOG 0 API call 'add (-30)' started
c LOG 0 API enters state STEADY
c LOG 0 adding external -30 as internal -30
c LOG 0 API enters state ADDING
c LOG 0 API call 'add (-30)' succeeded
c ----------------------------------------------------------------------------
c LOG 0 API call 'add (0)' started
c LOG 0 API enters state STEADY
c LOG 0 PROOF adding original external clause 55 -37 -30
c LOG 0 CHECKER addition of original clause 55 -37 -30
c LOG 0 original clause 54 -37 -30
c LOG 0 new pointer 0x60000171ae20 irredundant size 3 clause[390] 54 -37 -30
c LOG 0 marking added irredundant size 3 clause[390] 54 -37 -30
c LOG 0 watch 54 blit -37 in irredundant size 3 clause[389] 54 -37 -30
c LOG 0 watch -37 blit 54 in irredundant size 3 clause[389] 54 -37 -30
c LOG 0 API call 'add (0)' succeeded
c ----------------------------------------------------------------------------
c LOG 0 API call 'add (55)' started
c LOG 0 adding external 55 as internal 54
c LOG 0 API enters state ADDING
c LOG 0 API call 'add (55)' succeeded
c ----------------------------------------------------------------------------
c LOG 0 API call 'add (-26)' started
c LOG 0 API enters state STEADY
c LOG 0 adding external -26 as internal -26
c LOG 0 API enters state ADDING
c LOG 0 API call 'add (-26)' succeeded
c ----------------------------------------------------------------------------
c LOG 0 API call 'add (44)' started
c LOG 0 API enters state STEADY
c LOG 0 adding external 44 as internal 44
c LOG 0 API enters state ADDING
c LOG 0 API call 'add (44)' succeeded
c ----------------------------------------------------------------------------
c LOG 0 API call 'add (0)' started
c LOG 0 API enters state STEADY
c LOG 0 PROOF adding original external clause 55 -26 44
c LOG 0 CHECKER addition of original clause 55 -26 44
c LOG 0 original clause 54 -26 44
c LOG 0 new pointer 0x60000171ae80 irredundant size 3 clause[391] 54 -26 44
c LOG 0 marking added irredundant size 3 clause[391] 54 -26 44
c LOG 0 watch 54 blit -26 in irredundant size 3 clause[390] 54 -26 44
c LOG 0 watch -26 blit 54 in irredundant size 3 clause[390] 54 -26 44
c LOG 0 API call 'add (0)' succeeded
c ----------------------------------------------------------------------------
c LOG 0 API call 'redundant ()' started
c LOG 0 API call 'redundant ()' returns '1'
c ----------------------------------------------------------------------------
c LOG 0 API call 'add (32)' started
c LOG 0 adding external 32 as internal 32
c LOG 0 API enters state ADDING
c LOG 0 API call 'add (32)' succeeded
c ----------------------------------------------------------------------------
c LOG 0 API call 'add (-49)' started
c LOG 0 API enters state STEADY
c LOG 0 adding external -49 as internal -49
c LOG 0 API enters state ADDING
c LOG 0 API call 'add (-49)' succeeded
c ----------------------------------------------------------------------------
c LOG 0 API call 'add (3)' started
c LOG 0 API enters state STEADY
c LOG 0 adding external 3 as internal 3
c LOG 0 API enters state ADDING
c LOG 0 API call 'add (3)' succeeded
c ----------------------------------------------------------------------------
c LOG 0 API call 'add (0)' started
c LOG 0 API enters state STEADY
c LOG 0 PROOF adding original external clause 32 -49 3
c LOG 0 CHECKER addition of original clause 32 -49 3
c LOG 0 original clause 32 -49 3
c LOG 0 new pointer 0x600001721d40 irredundant size 3 clause[392] 32 -49 3
c LOG 0 marking added irredundant size 3 clause[392] 32 -49 3
c LOG 0 watch 32 blit -49 in irredundant size 3 clause[391] 32 -49 3
c LOG 0 watch -49 blit 32 in irredundant size 3 clause[391] 32 -49 3
c LOG 0 API call 'add (0)' succeeded
c ----------------------------------------------------------------------------
c LOG 0 API call 'add (-40)' started
c LOG 0 adding external -40 as internal -40
c LOG 0 API enters state ADDING
c LOG 0 API call 'add (-40)' succeeded
c ----------------------------------------------------------------------------
c LOG 0 API call 'add (53)' started
c LOG 0 API enters state STEADY
c LOG 0 adding external 53 as internal 57
c LOG 0 API enters state ADDING
c LOG 0 API call 'add (53)' succeeded
c ----------------------------------------------------------------------------
c LOG 0 API call 'add (13)' started
c LOG 0 API enters state STEADY
c LOG 0 adding external 13 as internal 13
c LOG 0 API enters state ADDING
c LOG 0 API call 'add (13)' succeeded
c ----------------------------------------------------------------------------
c LOG 0 API call 'add (0)' started
c LOG 0 API enters state STEADY
c LOG 0 PROOF adding original external clause -40 53 13
c LOG 0 CHECKER addition of original clause -40 53 13
c LOG 0 original clause -40 57 13
c LOG 0 new pointer 0x600001721da0 irredundant size 3 clause[393] -40 57 13
c LOG 0 marking added irredundant size 3 clause[393] -40 57 13
c LOG 0 watch -40 blit 57 in irredundant size 3 clause[392] -40 57 13
c LOG 0 watch 57 blit -40 in irredundant size 3 clause[392] -40 57 13
c LOG 0 API call 'add (0)' succeeded
c ----------------------------------------------------------------------------
c LOG 0 API call 'add (5)' started
c LOG 0 adding external 5 as internal 5
c LOG 0 API enters state ADDING
c LOG 0 API call 'add (5)' succeeded
c ----------------------------------------------------------------------------
c LOG 0 API call 'add (-46)' started
c LOG 0 API enters state STEADY
c LOG 0 adding external -46 as internal -46
c LOG 0 API enters state ADDING
c LOG 0 API call 'add (-46)' succeeded
c ----------------------------------------------------------------------------
c LOG 0 API call 'add (31)' started
c LOG 0 API enters state STEADY
c LOG 0 adding external 31 as internal 31
c LOG 0 API enters state ADDING
c LOG 0 API call 'add (31)' succeeded
c ----------------------------------------------------------------------------
c LOG 0 API call 'add (0)' started
c LOG 0 API enters state STEADY
c LOG 0 PROOF adding original external clause 5 -46 31
c LOG 0 CHECKER addition of original clause 5 -46 31
c LOG 0 original clause 5 -46 31
c LOG 0 new pointer 0x600001721e00 irredundant size 3 clause[394] 5 -46 31
c LOG 0 marking added irredundant size 3 clause[394] 5 -46 31
c LOG 0 watch 5 blit -46 in irredundant size 3 clause[393] 5 -46 31
c LOG 0 watch -46 blit 5 in irredundant size 3 clause[393] 5 -46 31
c LOG 0 API call 'add (0)' succeeded
c ----------------------------------------------------------------------------
c LOG 0 API call 'add (-32)' started
c LOG 0 adding external -32 as internal -32
c LOG 0 API enters state ADDING
c LOG 0 API call 'add (-32)' succeeded
c ----------------------------------------------------------------------------
c LOG 0 API call 'add (-55)' started
c LOG 0 API enters state STEADY
c LOG 0 adding external -55 as internal -54
c LOG 0 API enters state ADDING
c LOG 0 API call 'add (-55)' succeeded
c ----------------------------------------------------------------------------
c LOG 0 API call 'add (-45)' started
c LOG 0 API enters state STEADY
c LOG 0 adding external -45 as internal -45
c LOG 0 API enters state ADDING
c LOG 0 API call 'add (-45)' succeeded
c ----------------------------------------------------------------------------
c LOG 0 API call 'add (0)' started
c LOG 0 API enters state STEADY
c LOG 0 PROOF adding original external clause -32 -55 -45
c LOG 0 CHECKER addition of original clause -32 -55 -45
c LOG 0 original clause -32 -54 -45
c LOG 0 new pointer 0x600001721e60 irredundant size 3 clause[395] -32 -54 -45
c LOG 0 marking added irredundant size 3 clause[395] -32 -54 -45
c LOG 0 watch -32 blit -54 in irredundant size 3 clause[394] -32 -54 -45
c LOG 0 watch -54 blit -32 in irredundant size 3 clause[394] -32 -54 -45
c LOG 0 API call 'add (0)' succeeded
c ----------------------------------------------------------------------------
c LOG 0 API call 'add (60)' started
c LOG 0 adding external 60 as internal 58
c LOG 0 API enters state ADDING
c LOG 0 API call 'add (60)' succeeded
c ----------------------------------------------------------------------------
c LOG 0 API call 'add (-23)' started
c LOG 0 API enters state STEADY
c LOG 0 adding external -23 as internal -23
c LOG 0 API enters state ADDING
c LOG 0 API call 'add (-23)' succeeded
c ----------------------------------------------------------------------------
c LOG 0 API call 'add (-50)' started
c LOG 0 API enters state STEADY
c LOG 0 adding external -50 as internal -50
c LOG 0 API enters state ADDING
c LOG 0 API call 'add (-50)' succeeded
c ----------------------------------------------------------------------------
c LOG 0 API call 'add (0)' started
c LOG 0 API enters state STEADY
c LOG 0 PROOF adding original external clause 60 -23 -50
c LOG 0 CHECKER addition of original clause 60 -23 -50
c LOG 0 original clause 58 -23 -50
c LOG 0 new pointer 0x600001721ec0 irredundant size 3 clause[396] 58 -23 -50
c LOG 0 marking added irredundant size 3 clause[396] 58 -23 -50
c LOG 0 watch 58 blit -23 in irredundant size 3 clause[395] 58 -23 -50
c LOG 0 watch -23 blit 58 in irredundant size 3 clause[395] 58 -23 -50
c LOG 0 API call 'add (0)' succeeded
c ----------------------------------------------------------------------------
c LOG 0 API call 'add (47)' started
c LOG 0 adding external 47 as internal 47
c LOG 0 API enters state ADDING
c LOG 0 API call 'add (47)' succeeded
c ----------------------------------------------------------------------------
c LOG 0 API call 'add (-45)' started
c LOG 0 API enters state STEADY
c LOG 0 adding external -45 as internal -45
c LOG 0 API enters state ADDING
c LOG 0 API call 'add (-45)' succeeded
c ----------------------------------------------------------------------------
c LOG 0 API call 'add (56)' started
c LOG 0 API enters state STEADY
c LOG 0 adding external 56 as internal 56
c LOG 0 API enters state ADDING
c LOG 0 API call 'add (56)' succeeded
c ----------------------------------------------------------------------------
c LOG 0 API call 'add (0)' started
c LOG 0 API enters state STEADY
c LOG 0 PROOF adding original external clause 47 -45 56
c LOG 0 CHECKER addition of original clause 47 -45 56
c LOG 0 original clause 47 -45 56
c LOG 0 new pointer 0x60000171aee0 irredundant size 3 clause[397] 47 -45 56
c LOG 0 marking added irredundant size 3 clause[397] 47 -45 56
c LOG 0 watch 47 blit -45 in irredundant size 3 clause[396] 47 -45 56
c LOG 0 watch -45 blit 47 in irredundant size 3 clause[396] 47 -45 56
c LOG 0 API call 'add (0)' succeeded
c ----------------------------------------------------------------------------
c LOG 0 API call 'add (-58)' started
c LOG 0 adding external -58 as internal -59
c LOG 0 API enters state ADDING
c LOG 0 API call 'add (-58)' succeeded
c ----------------------------------------------------------------------------
c LOG 0 API call 'add (-30)' started
c LOG 0 API enters state STEADY
c LOG 0 adding external -30 as internal -30
c LOG 0 API enters state ADDING
c LOG 0 API call 'add (-30)' succeeded
c ----------------------------------------------------------------------------
c LOG 0 API call 'add (34)' started
c LOG 0 API enters state STEADY
c LOG 0 adding external 34 as internal 34
c LOG 0 API enters state ADDING
c LOG 0 API call 'add (34)' succeeded
c ----------------------------------------------------------------------------
c LOG 0 API call 'add (-57)' started
c LOG 0 API enters state STEADY
c LOG 0 adding external -57 as internal -60
c LOG 0 API enters state ADDING
c LOG 0 API call 'add (-57)' succeeded
c ----------------------------------------------------------------------------
c LOG 0 API call 'add (0)' started
c LOG 0 API enters state STEADY
c LOG 0 PROOF adding original external clause -58 -30 34 -57
c LOG 0 CHECKER addition of original clause -58 -30 34 -57
c LOG 0 original clause -59 -30 34 -60
c LOG 0 new pointer 0x600001726430 irredundant size 4 clause[398] -59 -30 34 -60
c LOG 0 marking added irredundant size 4 clause[398] -59 -30 34 -60
c LOG 0 watch -59 blit -30 in irredundant size 4 clause[397] -59 -30 34 -60
c LOG 0 watch -30 blit -59 in irredundant size 4 clause[397] -59 -30 34 -60
c LOG 0 API call 'add (0)' succeeded
c ----------------------------------------------------------------------------
c LOG 0 API call 'add (58)' started
c LOG 0 adding external 58 as internal 59
c LOG 0 API enters state ADDING
c LOG 0 API call 'add (58)' succeeded
c ----------------------------------------------------------------------------
c LOG 0 API call 'add (37)' started
c LOG 0 API enters state STEADY
c LOG 0 adding external 37 as internal 37
c LOG 0 API enters state ADDING
c LOG 0 API call 'add (37)' succeeded
c ----------------------------------------------------------------------------
c LOG 0 API call 'add (-38)' started
c LOG 0 API enters state STEADY
c LOG 0 adding external -38 as internal -38
c LOG 0 API enters state ADDING
c LOG 0 API call 'add (-38)' succeeded
c ----------------------------------------------------------------------------
c LOG 0 API call 'add (0)' started
c LOG 0 API enters state STEADY
c LOG 0 PROOF adding original external clause 58 37 -38
c LOG 0 CHECKER addition of original clause 58 37 -38
c LOG 0 original clause 59 37 -38
c LOG 0 new pointer 0x600001726490 irredundant size 3 clause[399] 59 37 -38
c LOG 0 marking added irredundant size 3 clause[399] 59 37 -38
c LOG 0 watch 59 blit 37 in irredundant size 3 clause[398] 59 37 -38
c LOG 0 watch 37 blit 59 in irredundant size 3 clause[398] 59 37 -38
c LOG 0 API call 'add (0)' succeeded
c ----------------------------------------------------------------------------
c LOG 0 API call 'assume (-28)' started
c LOG 0 PROOF adding assumption -28
c LOG 0 assuming external -28 as internal -28
c LOG 0 assume -28
c LOG 0 variable 28 frozen 2 times
c LOG 0 API call 'assume (-28)' succeeded
c ----------------------------------------------------------------------------
c LOG 0 API call 'assume (-7)' started
c LOG 0 PROOF adding assumption -7
c LOG 0 assuming external -7 as internal -7
c LOG 0 assume -7
c LOG 0 variable 7 frozen 1 times
c LOG 0 API call 'assume (-7)' succeeded
c ----------------------------------------------------------------------------
c LOG 0 API call 'assume (-42)' started
c LOG 0 PROOF adding assumption -42
c LOG 0 assuming external -42 as internal -42
c LOG 0 assume -42
c LOG 0 variable 42 frozen 2 times
c LOG 0 API call 'assume (-42)' succeeded
c ----------------------------------------------------------------------------
c LOG 0 API call 'assume (-50)' started
c LOG 0 PROOF adding assumption -50
c LOG 0 assuming external -50 as internal -50
c LOG 0 assume -50
c LOG 0 variable 50 frozen 2 times
c LOG 0 API call 'assume (-50)' succeeded
c ----------------------------------------------------------------------------
c LOG 0 API call 'assume (-8)' started
c LOG 0 PROOF adding assumption -8
c LOG 0 assuming external -8 as internal -8
c LOG 0 assume -8
c LOG 0 variable 8 frozen 2 times
c LOG 0 API call 'assume (-8)' succeeded
c ----------------------------------------------------------------------------
c LOG 0 API call 'assume (49)' started
c LOG 0 PROOF adding assumption 49
c LOG 0 assuming external 49 as internal 49
c LOG 0 assume 49
c LOG 0 variable 49 frozen 2 times
c LOG 0 API call 'assume (49)' succeeded
c ----------------------------------------------------------------------------
c LOG 0 API call 'assume (-41)' started
c LOG 0 PROOF adding assumption -41
c LOG 0 assuming external -41 as internal -41
c LOG 0 assume -41
c LOG 0 variable 41 frozen 2 times
c LOG 0 API call 'assume (-41)' succeeded
c ----------------------------------------------------------------------------
c LOG 0 API call 'assume (-14)' started
c LOG 0 PROOF adding assumption -14
c LOG 0 assuming external -14 as internal -14
c LOG 0 assume -14
c LOG 0 variable 14 frozen 1 times
c LOG 0 API call 'assume (-14)' succeeded
c ----------------------------------------------------------------------------
c LOG 0 API call 'assume (58)' started
c LOG 0 PROOF adding assumption 58
c LOG 0 assuming external 58 as internal 59
c LOG 0 assume 59
c LOG 0 variable 59 frozen 1 times
c LOG 0 API call 'assume (58)' succeeded
c ----------------------------------------------------------------------------
c LOG 0 API call 'assume (35)' started
c LOG 0 PROOF adding assumption 35
c LOG 0 assuming external 35 as internal 35
c LOG 0 assume 35
c LOG 0 variable 35 frozen 2 times
c LOG 0 API call 'assume (35)' succeeded
c ----------------------------------------------------------------------------
c LOG 0 API call 'assume (27)' started
c LOG 0 PROOF adding assumption 27
c LOG 0 assuming external 27 as internal 27
c LOG 0 assume 27
c LOG 0 variable 27 frozen 2 times
c LOG 0 API call 'assume (27)' succeeded
c ----------------------------------------------------------------------------
c LOG 0 API call 'assume (-15)' started
c LOG 0 PROOF adding assumption -15
c LOG 0 assuming external -15 as internal -15
c LOG 0 assume -15
c LOG 0 variable 15 frozen 2 times
c LOG 0 API call 'assume (-15)' succeeded
c ----------------------------------------------------------------------------
c LOG 0 API call 'assume (-39)' started
c LOG 0 PROOF adding assumption -39
c LOG 0 assuming external -39 as internal -39
c LOG 0 assume -39
c LOG 0 variable 39 frozen 2 times
c LOG 0 API call 'assume (-39)' succeeded
c ----------------------------------------------------------------------------
c LOG 0 API call 'assume (26)' started
c LOG 0 PROOF adding assumption 26
c LOG 0 assuming external 26 as internal 26
c LOG 0 assume 26
c LOG 0 variable 26 frozen 2 times
c LOG 0 API call 'assume (26)' succeeded
c ----------------------------------------------------------------------------
c LOG 0 API call 'assume (-10)' started
c LOG 0 PROOF adding assumption -10
c LOG 0 assuming external -10 as internal -10
c LOG 0 assume -10
c LOG 0 variable 10 frozen 2 times
c LOG 0 API call 'assume (-10)' succeeded
c ----------------------------------------------------------------------------
c LOG 0 API call 'assume (62)' started
c LOG 0 PROOF adding assumption 62
c LOG 0 new mapping external 62 to internal 65
c LOG 0 declaring 65
c LOG 0 declaring new 65 (max_var: 65, unused: 0, active: 62)
c LOG 0 assuming external 62 as internal 65
c LOG 0 assume 65
c LOG 0 variable 65 frozen 1 times
c LOG 0 API call 'assume (62)' succeeded
c ----------------------------------------------------------------------------
c LOG 0 API call 'assume (-16)' started
c LOG 0 PROOF adding assumption -16
c LOG 0 assuming external -16 as internal -16
c LOG 0 assume -16
c LOG 0 variable 16 frozen 2 times
c LOG 0 API call 'assume (-16)' succeeded
c ----------------------------------------------------------------------------
c LOG 0 API call 'assume (-57)' started
c LOG 0 PROOF adding assumption -57
c LOG 0 assuming external -57 as internal -60
c LOG 0 assume -60
c LOG 0 variable 60 frozen 1 times
c LOG 0 API call 'assume (-57)' succeeded
c ----------------------------------------------------------------------------
c LOG 0 API call 'assume (-30)' started
c LOG 0 PROOF adding assumption -30
c LOG 0 assuming external -30 as internal -30
c LOG 0 assume -30
c LOG 0 variable 30 frozen 2 times
c LOG 0 API call 'assume (-30)' succeeded
c ----------------------------------------------------------------------------
c LOG 0 API call 'assume (51)' started
c LOG 0 PROOF adding assumption 51
c LOG 0 assuming external 51 as internal 51
c LOG 0 assume 51
c LOG 0 variable 51 frozen 2 times
c LOG 0 API call 'assume (51)' succeeded
c ----------------------------------------------------------------------------
c LOG 0 API call 'assume (-17)' started
c LOG 0 PROOF adding assumption -17
c LOG 0 assuming external -17 as internal -17
c LOG 0 assume -17
c LOG 0 variable 17 frozen 2 times
c LOG 0 API call 'assume (-17)' succeeded
c ----------------------------------------------------------------------------
c LOG 0 API call 'assume (-32)' started
c LOG 0 PROOF adding assumption -32
c LOG 0 assuming external -32 as internal -32
c LOG 0 assume -32
c LOG 0 variable 32 frozen 2 times
c LOG 0 API call 'assume (-32)' succeeded
c ----------------------------------------------------------------------------
c LOG 0 API call 'assume (-53)' started
c LOG 0 PROOF adding assumption -53
c LOG 0 assuming external -53 as internal -57
c LOG 0 assume -57
c LOG 0 variable 57 frozen 1 times
c LOG 0 API call 'assume (-53)' succeeded
c ----------------------------------------------------------------------------
c LOG 0 API call 'assume (34)' started
c LOG 0 PROOF adding assumption 34
c LOG 0 assuming external 34 as internal 34
c LOG 0 assume 34
c LOG 0 variable 34 frozen 2 times
c LOG 0 API call 'assume (34)' succeeded
c ----------------------------------------------------------------------------
c LOG 0 API call 'assume (44)' started
c LOG 0 PROOF adding assumption 44
c LOG 0 assuming external 44 as internal 44
c LOG 0 assume 44
c LOG 0 variable 44 frozen 2 times
c LOG 0 API call 'assume (44)' succeeded
c ----------------------------------------------------------------------------
c LOG 0 API call 'assume (-25)' started
c LOG 0 PROOF adding assumption -25
c LOG 0 assuming external -25 as internal -25
c LOG 0 assume -25
c LOG 0 variable 25 frozen 2 times
c LOG 0 API call 'assume (-25)' succeeded
c ----------------------------------------------------------------------------
c LOG 0 API call 'assume (-60)' started
c LOG 0 PROOF adding assumption -60
c LOG 0 assuming external -60 as internal -58
c LOG 0 assume -58
c LOG 0 variable 58 frozen 1 times
c LOG 0 API call 'assume (-60)' succeeded
c ----------------------------------------------------------------------------
c LOG 0 API call 'assume (21)' started
c LOG 0 PROOF adding assumption 21
c LOG 0 assuming external 21 as internal 21
c LOG 0 assume 21
c LOG 0 variable 21 frozen 1 times
c LOG 0 API call 'assume (21)' succeeded
c ----------------------------------------------------------------------------
c LOG 0 API call 'assume (-13)' started
c LOG 0 PROOF adding assumption -13
c LOG 0 assuming external -13 as internal -13
c LOG 0 assume -13
c LOG 0 variable 13 frozen 2 times
c LOG 0 API call 'assume (-13)' succeeded
c ----------------------------------------------------------------------------
c LOG 0 API call 'limit ("preprocessing", 10)' started
c LOG 0 new preprocessing limit of 10 preprocessing rounds
c LOG 0 API call 'limit ("preprocessing", 10)' succeeded
c ----------------------------------------------------------------------------
c LOG 0 API call 'phase (12)' started
c LOG 0 activating all new variables 63 64 65
c LOG 0 enlarge internal size from 128 to new size 128
c LOG 0 activate 63 previously declared
c LOG 0 enqueueing 63 at the beginning
c LOG 0 enqueueing 63 at the beginning, next: 62, last: 4
c LOG 0 queue unassigned now 4 bumped 17
c LOG 0 pushing 63 to the scores
c LOG 0 activate 64 previously declared
c LOG 0 enqueueing 64 at the beginning
c LOG 0 enqueueing 64 at the beginning, next: 63, last: 4
c LOG 0 queue unassigned now 4 bumped 17
c LOG 0 pushing 64 to the scores
c LOG 0 activate 65 previously declared
c LOG 0 enqueueing 65 at the beginning
c LOG 0 enqueueing 65 at the beginning, next: 64, last: 4
c LOG 0 queue unassigned now 4 bumped 17
c LOG 0 pushing 65 to the scores
c LOG 0 new forced phase 12
c LOG 0 API call 'phase (12)' succeeded
c ----------------------------------------------------------------------------
c LOG 0 API call 'phase (-6)' started
c LOG 0 forced phase remains at -6
c LOG 0 API call 'phase (-6)' succeeded
c ----------------------------------------------------------------------------
c LOG 0 API call 'phase (-29)' started
c LOG 0 overwriting old forced phase 29
c LOG 0 new forced phase -29
c LOG 0 API call 'phase (-29)' succeeded
c ----------------------------------------------------------------------------
c LOG 0 API call 'phase (17)' started
c LOG 0 overwriting old forced phase -17
c LOG 0 new forced phase 17
c LOG 0 API call 'phase (17)' succeeded
c ----------------------------------------------------------------------------
c LOG 0 API call 'phase (-7)' started
c LOG 0 forced phase remains at -7
c LOG 0 API call 'phase (-7)' succeeded
c ----------------------------------------------------------------------------
c LOG 0 API call 'phase (11)' started
c LOG 0 forced phase remains at 11
c LOG 0 API call 'phase (11)' succeeded
c ----------------------------------------------------------------------------
c LOG 0 API call 'phase (-16)' started
c LOG 0 overwriting old forced phase 16
c LOG 0 new forced phase -16
c LOG 0 API call 'phase (-16)' succeeded
c ----------------------------------------------------------------------------
c LOG 0 API call 'phase (-39)' started
c LOG 0 overwriting old forced phase 39
c LOG 0 new forced phase -39
c LOG 0 API call 'phase (-39)' succeeded
c ----------------------------------------------------------------------------
c LOG 0 API call 'phase (35)' started
c LOG 0 new forced phase 35
c LOG 0 API call 'phase (35)' succeeded
c ----------------------------------------------------------------------------
c LOG 0 API call 'phase (5)' started
c LOG 0 overwriting old forced phase -5
c LOG 0 new forced phase 5
c LOG 0 API call 'phase (5)' succeeded
c ----------------------------------------------------------------------------
c LOG 0 API call 'phase (37)' started
c LOG 0 overwriting old forced phase -37
c LOG 0 new forced phase 37
c LOG 0 API call 'phase (37)' succeeded
c ----------------------------------------------------------------------------
c LOG 0 API call 'phase (28)' started
c LOG 0 overwriting old forced phase -28
c LOG 0 new forced phase 28
c LOG 0 API call 'phase (28)' succeeded
c ----------------------------------------------------------------------------
c LOG 0 API call 'phase (-50)' started
c LOG 0 overwriting old forced phase 50
c LOG 0 new forced phase -50
c LOG 0 API call 'phase (-50)' succeeded
c ----------------------------------------------------------------------------
c LOG 0 API call 'phase (-23)' started
c LOG 0 overwriting old forced phase 23
c LOG 0 new forced phase -23
c LOG 0 API call 'phase (-23)' succeeded
c ----------------------------------------------------------------------------
c LOG 0 API call 'phase (-13)' started
c LOG 0 overwriting old forced phase 13
c LOG 0 new forced phase -13
c LOG 0 API call 'phase (-13)' succeeded
c ----------------------------------------------------------------------------
c LOG 0 API call 'phase (-30)' started
c LOG 0 new forced phase -30
c LOG 0 API call 'phase (-30)' succeeded
c ----------------------------------------------------------------------------
c LOG 0 API call 'phase (-42)' started
c LOG 0 new forced phase -42
c LOG 0 API call 'phase (-42)' succeeded
c ----------------------------------------------------------------------------
c LOG 0 API call 'phase (24)' started
c LOG 0 overwriting old forced phase -24
c LOG 0 new forced phase 24
c LOG 0 API call 'phase (24)' succeeded
c ----------------------------------------------------------------------------
c LOG 0 API call 'phase (27)' started
c LOG 0 new forced phase 27
c LOG 0 API call 'phase (27)' succeeded
c ----------------------------------------------------------------------------
c LOG 0 API call 'phase (-40)' started
c LOG 0 new forced phase -40
c LOG 0 API call 'phase (-40)' succeeded
c ----------------------------------------------------------------------------
c LOG 0 API call 'unphase (-18)' started
c LOG 0 forced phase of -18 already reset
c LOG 0 API call 'unphase (-18)' succeeded
c ----------------------------------------------------------------------------
c LOG 0 API call 'phase (-15)' started
c LOG 0 overwriting old forced phase 15
c LOG 0 new forced phase -15
c LOG 0 API call 'phase (-15)' succeeded
c ----------------------------------------------------------------------------
c LOG 0 API call 'phase (10)' started
c LOG 0 forced phase remains at 10
c LOG 0 API call 'phase (10)' succeeded
c ----------------------------------------------------------------------------
c LOG 0 API call 'phase (1)' started
c LOG 0 new forced phase 1
c LOG 0 API call 'phase (1)' succeeded
c ----------------------------------------------------------------------------
c LOG 0 API call 'phase (-41)' started
c LOG 0 overwriting old forced phase 41
c LOG 0 new forced phase -41
c LOG 0 API call 'phase (-41)' succeeded
c ----------------------------------------------------------------------------
c LOG 0 API call 'phase (34)' started
c LOG 0 overwriting old forced phase -34
c LOG 0 new forced phase 34
c LOG 0 API call 'phase (34)' succeeded
c ----------------------------------------------------------------------------
c LOG 0 API call 'phase (14)' started
c LOG 0 forced phase remains at 14
c LOG 0 API call 'phase (14)' succeeded
c ----------------------------------------------------------------------------
c LOG 0 API call 'phase (-26)' started
c LOG 0 forced phase remains at -26
c LOG 0 API call 'phase (-26)' succeeded
c ----------------------------------------------------------------------------
c LOG 0 API call 'phase (-51)' started
c LOG 0 forced phase remains at -51
c LOG 0 API call 'phase (-51)' succeeded
c ----------------------------------------------------------------------------
c LOG 0 API call 'phase (36)' started
c LOG 0 overwriting old forced phase -36
c LOG 0 new forced phase 36
c LOG 0 API call 'phase (36)' succeeded
c ----------------------------------------------------------------------------
c LOG 0 API call 'phase (-25)' started
c LOG 0 overwriting old forced phase 25
c LOG 0 new forced phase -25
c LOG 0 API call 'phase (-25)' succeeded
c ----------------------------------------------------------------------------
c LOG 0 API call 'phase (-47)' started
c LOG 0 overwriting old forced phase 47
c LOG 0 new forced phase -47
c LOG 0 API call 'phase (-47)' succeeded
c ----------------------------------------------------------------------------
c LOG 0 API call 'phase (-9)' started
c LOG 0 forced phase remains at -9
c LOG 0 API call 'phase (-9)' succeeded
c ----------------------------------------------------------------------------
c LOG 0 API call 'phase (-21)' started
c LOG 0 forced phase remains at -21
c LOG 0 API call 'phase (-21)' succeeded
c ----------------------------------------------------------------------------
c LOG 0 API call 'phase (-46)' started
c LOG 0 new forced phase -46
c LOG 0 API call 'phase (-46)' succeeded
c ----------------------------------------------------------------------------
c LOG 0 API call 'phase (49)' started
c LOG 0 new forced phase 49
c LOG 0 API call 'phase (49)' succeeded
c ----------------------------------------------------------------------------
c LOG 0 API call 'phase (-52)' started
c LOG 0 new forced phase -53
c LOG 0 API call 'phase (-52)' succeeded
c ----------------------------------------------------------------------------
c LOG 0 API call 'phase (-54)' started
c LOG 0 new forced phase -62
c LOG 0 API call 'phase (-54)' succeeded
c ----------------------------------------------------------------------------
c LOG 0 API call 'unphase (-55)' started
c LOG 0 forced phase of -54 already reset
c LOG 0 API call 'unphase (-55)' succeeded
c ----------------------------------------------------------------------------
c LOG 0 API call 'phase (56)' started
c LOG 0 new forced phase 56
c LOG 0 API call 'phase (56)' succeeded
c ----------------------------------------------------------------------------
c LOG 0 API call 'phase (-57)' started
c LOG 0 new forced phase -60
c LOG 0 API call 'phase (-57)' succeeded
c ----------------------------------------------------------------------------
c LOG 0 API call 'phase (-60)' started
c LOG 0 new forced phase -58
c LOG 0 API call 'phase (-60)' succeeded
c ----------------------------------------------------------------------------
c LOG 0 API call 'simplify (9)' started
c LOG 0 new preprocessing limit of 9 preprocessing rounds
c LOG 0 API enters state SOLVING
c LOG 0 START PROFILE[solve]
c LOG 0 activating all new variables
c LOG 0 PROOF solve query
c LOG 0 internal solving in preprocessing only mode
c LOG 0 starting propagate
c LOG 0 no tainted literals and nothing to restore
c time measured in process time since initialization
c 
c  seconds  reduction conflicts       size tier2     variables
c         MB    restarts   redundant    glue  trail      remaining
c          level     rate       size/glu tier1 irredundant
c 
c *  0.83  0  8 0   0  0    0    1 1.2 6 5 2 6 54%  396  65 54%
c LOG 0 reinitializing preprocessing limits incrementally
c LOG 0 keeping elim limit 0 after 0 conflicts
c LOG 0 elimination bound 0
c LOG 0 keeping probe limit 0 after 0 conflicts
c LOG 0 keeping condition limit 0 increment 0
c LOG 0 limiting to 9 preprocessing rounds
c (  0.83  0  8 0   0  0    0    1 1.2 6 5 2 6 54%  396  65 54%
c [preprocessing-0] starting with 65 variables and 396 clauses
c LOG 0 starting propagate
c .  0.83  0  8 0   0  0    0    1 1.2 6 5 2 6 54%  396  65 54%
c LOG 0 START PROFILE[simplify]
c LOG 0 initialized two-sided occurrence counters
c LOG 0 initialized occurrence lists
c LOG 0 found binary [326] -22 25
c LOG 0 strengthening irredundant size 3 clause[56] 22 -36 25
c LOG 0 chain
c LOG 0 PROOF adding derived clause -36 25
c LOG 0 PROOF adding derived external clause (redundant: 0) -36 25
c LOG 0 CHECKER addition of derived clause -36 25
c LOG 0 new pointer 0x600001908180 irredundant size 2 clause[399] -36 25
c LOG 0 marking added irredundant size 2 clause[399] -36 25
c LOG 0 learning clause irredundant size 2 clause[399] -36 25
c [congruence-1] extracted 1 binaries (plus 0 already present and 0 duplicates)
c LOG 0 [gate-extraction]
c LOG 0 watch 43 blit -24 in irredundant size 2 clause[88] 43 -24
c LOG 0 watch -24 blit 43 in irredundant size 2 clause[88] 43 -24
c LOG 0 watch -30 blit -11 in irredundant size 2 clause[138] -30 -11
c LOG 0 watch -11 blit -30 in irredundant size 2 clause[138] -30 -11
c LOG 0 watch -22 blit 25 in irredundant size 2 clause[326] -22 25
c LOG 0 watch 25 blit -22 in irredundant size 2 clause[326] -22 25
c LOG 0 watch -36 blit 25 in irredundant size 2 clause[399] -36 25
c LOG 0 watch 25 blit -36 in irredundant size 2 clause[399] -36 25
CADICAL CHECKING FOR ASYNC TERMINATE.
c LOG 0 extracting and gates with clause irredundant size 3 clause[1] -1 2 3
c LOG 0 -1 negated does not occur in any binary clause, thus skipping irredundant size 3 clause[1] -1 2 3
CADICAL CHECKING FOR ASYNC TERMINATE.
c LOG 0 extracting and gates with clause irredundant size 3 clause[2] -4 3 -5
c LOG 0 -4 negated does not occur in any binary clause, thus skipping irredundant size 3 clause[2] -4 3 -5
CADICAL CHECKING FOR ASYNC TERMINATE.
c LOG 0 extracting and gates with clause irredundant size 3 clause[3] 7 -8 6
c LOG 0 7 negated does not occur in any binary clause, thus skipping irredundant size 3 clause[3] 7 -8 6
CADICAL CHECKING FOR ASYNC TERMINATE.
c LOG 0 extracting and gates with clause irredundant size 3 clause[4] -9 11 -10
c LOG 0 -9 negated does not occur in any binary clause, thus skipping irredundant size 3 clause[4] -9 11 -10
CADICAL CHECKING FOR ASYNC TERMINATE.
c LOG 0 extracting and gates with clause irredundant size 3 clause[5] 2 12 13
c LOG 0 2 negated does not occur in any binary clause, thus skipping irredundant size 3 clause[5] 2 12 13
CADICAL CHECKING FOR ASYNC TERMINATE.
c LOG 0 extracting and gates with clause irredundant size 3 clause[6] 14 -16 -15
c LOG 0 14 negated does not occur in any binary clause, thus skipping irredundant size 3 clause[6] 14 -16 -15
CADICAL CHECKING FOR ASYNC TERMINATE.
c LOG 0 extracting and gates with clause irredundant size 3 clause[7] -17 -18 -19
c LOG 0 -17 negated does not occur in any binary clause, thus skipping irredundant size 3 clause[7] -17 -18 -19
CADICAL CHECKING FOR ASYNC TERMINATE.
c LOG 0 extracting and gates with clause irredundant size 3 clause[8] -20 12 -15
c LOG 0 -20 negated does not occur in any binary clause, thus skipping irredundant size 3 clause[8] -20 12 -15
CADICAL CHECKING FOR ASYNC TERMINATE.
c LOG 0 extracting and gates with clause irredundant size 3 clause[9] 21 22 23
c LOG 0 21 negated does not occur in any binary clause, thus skipping irredundant size 3 clause[9] 21 22 23
CADICAL CHECKING FOR ASYNC TERMINATE.
c LOG 0 extracting and gates with clause irredundant size 3 clause[10] -24 -12 -25
c LOG 0 -24 negated does not occur in any binary clause, thus skipping irredundant size 3 clause[10] -24 -12 -25
CADICAL CHECKING FOR ASYNC TERMINATE.
c LOG 0 extracting and gates with clause irredundant size 15 clause[11] 4 -26 27 28 -29 18 -30 -2 -7 -31 -8 -13 25 20 -23
c LOG 0 4 negated does not occur in any binary clause, thus skipping irredundant size 15 clause[11] 4 -26 27 28 -29 18 -30 -2 -7 -31 -8 -13 25 20 -23
CADICAL CHECKING FOR ASYNC TERMINATE.
c LOG 0 extracting and gates with clause irredundant size 3 clause[12] -24 -23 30
c LOG 0 -24 negated does not occur in any binary clause, thus skipping irredundant size 3 clause[12] -24 -23 30
CADICAL CHECKING FOR ASYNC TERMINATE.
c LOG 0 connected terminator forces termination
c [congruence-1] found 0 AND gates
c LOG 0 clear two-sided occurrence counters
c LOG 0 termination asynchronously forced
c LOG 0 starting propagate
c LOG 0 watching all clauses
c LOG 0 watch 43 blit -24 in irredundant size 2 clause[88] 43 -24
c LOG 0 watch -24 blit 43 in irredundant size 2 clause[88] 43 -24
c LOG 0 watch -30 blit -11 in irredundant size 2 clause[138] -30 -11
c LOG 0 watch -11 blit -30 in irredundant size 2 clause[138] -30 -11
c LOG 0 watch -22 blit 25 in irredundant size 2 clause[326] -22 25
c LOG 0 watch 25 blit -22 in irredundant size 2 clause[326] -22 25
c LOG 0 watch -36 blit 25 in irredundant size 2 clause[399] -36 25
c LOG 0 watch 25 blit -36 in irredundant size 2 clause[399] -36 25
c LOG 0 watch -1 blit 2 in irredundant size 3 clause[1] -1 2 3
c LOG 0 watch 2 blit -1 in irredundant size 3 clause[1] -1 2 3
c LOG 0 watch -4 blit 3 in irredundant size 3 clause[2] -4 3 -5
c LOG 0 watch 3 blit -4 in irredundant size 3 clause[2] -4 3 -5
c LOG 0 watch 7 blit -8 in irredundant size 3 clause[3] 7 -8 6
c LOG 0 watch -8 blit 7 in irredundant size 3 clause[3] 7 -8 6
c LOG 0 watch -9 blit 11 in irredundant size 3 clause[4] -9 11 -10
c LOG 0 watch 11 blit -9 in irredundant size 3 clause[4] -9 11 -10
c LOG 0 watch 2 blit 12 in irredundant size 3 clause[5] 2 12 13
c LOG 0 watch 12 blit 2 in irredundant size 3 clause[5] 2 12 13
c LOG 0 watch 14 blit -16 in irredundant size 3 clause[6] 14 -16 -15
c LOG 0 watch -16 blit 14 in irredundant size 3 clause[6] 14 -16 -15
c LOG 0 watch -17 blit -18 in irredundant size 3 clause[7] -17 -18 -19
c LOG 0 watch -18 blit -17 in irredundant size 3 clause[7] -17 -18 -19
c LOG 0 watch -20 blit 12 in irredundant size 3 clause[8] -20 12 -15
c LOG 0 watch 12 blit -20 in irredundant size 3 clause[8] -20 12 -15
c LOG 0 watch 21 blit 22 in irredundant size 3 clause[9] 21 22 23
c LOG 0 watch 22 blit 21 in irredundant size 3 clause[9] 21 22 23
c LOG 0 watch -24 blit -12 in irredundant size 3 clause[10] -24 -12 -25
c LOG 0 watch -12 blit -24 in irredundant size 3 clause[10] -24 -12 -25
c LOG 0 watch 4 blit -26 in irredundant size 15 clause[11] 4 -26 27 28 -29 18 -30 -2 -7 -31 -8 -13 25 20 -23
c LOG 0 watch -26 blit 4 in irredundant size 15 clause[11] 4 -26 27 28 -29 18 -30 -2 -7 -31 -8 -13 25 20 -23
c LOG 0 watch -24 blit -23 in irredundant size 3 clause[12] -24 -23 30
c LOG 0 watch -23 blit -24 in irredundant size 3 clause[12] -24 -23 30
c LOG 0 watch 32 blit -2 in irredundant size 3 clause[13] 32 -2 -16
c LOG 0 watch -2 blit 32 in irredundant size 3 clause[13] 32 -2 -16
c LOG 0 watch 27 blit -14 in irredundant size 3 clause[14] 27 -14 -33
c LOG 0 watch -14 blit 27 in irredundant size 3 clause[14] 27 -14 -33
c LOG 0 watch -32 blit -34 in irredundant size 3 clause[15] -32 -34 -7
c LOG 0 watch -34 blit -32 in irredundant size 3 clause[15] -32 -34 -7
c LOG 0 watch -20 blit -35 in irredundant size 3 clause[16] -20 -35 -15
c LOG 0 watch -35 blit -20 in irredundant size 3 clause[16] -20 -35 -15
c LOG 0 watch 36 blit -14 in irredundant size 3 clause[17] 36 -14 -33
c LOG 0 watch -14 blit 36 in irredundant size 3 clause[17] 36 -14 -33
c LOG 0 watch -29 blit -5 in irredundant size 3 clause[18] -29 -5 -12
c LOG 0 watch -5 blit -29 in irredundant size 3 clause[18] -29 -5 -12
c LOG 0 watch -37 blit -38 in irredundant size 3 clause[19] -37 -38 8
c LOG 0 watch -38 blit -37 in irredundant size 3 clause[19] -37 -38 8
c LOG 0 watch 19 blit -27 in irredundant size 3 clause[20] 19 -27 -11
c LOG 0 watch -27 blit 19 in irredundant size 3 clause[20] 19 -27 -11
c LOG 0 watch 1 blit -6 in irredundant size 4 clause[21] 1 -6 23 -39
c LOG 0 watch -6 blit 1 in irredundant size 4 clause[21] 1 -6 23 -39
c LOG 0 watch -30 blit 19 in irredundant size 3 clause[22] -30 19 36
c LOG 0 watch 19 blit -30 in irredundant size 3 clause[22] -30 19 36
c LOG 0 watch 9 blit 19 in irredundant size 3 clause[23] 9 19 -13
c LOG 0 watch 19 blit 9 in irredundant size 3 clause[23] 9 19 -13
c LOG 0 watch 37 blit 40 in irredundant size 3 clause[24] 37 40 -35
c LOG 0 watch 40 blit 37 in irredundant size 3 clause[24] 37 40 -35
c LOG 0 watch -41 blit 24 in irredundant size 3 clause[25] -41 24 -40
c LOG 0 watch 24 blit -41 in irredundant size 3 clause[25] -41 24 -40
c LOG 0 watch -26 blit -37 in irredundant size 19 clause[26] -26 -37 35 23 -10 -38 -4 8 24 -40 12 42 -18 29 36 -39 41 19 -15
c LOG 0 watch -37 blit -26 in irredundant size 19 clause[26] -26 -37 35 23 -10 -38 -4 8 24 -40 12 42 -18 29 36 -39 41 19 -15
c LOG 0 watch 25 blit -9 in irredundant size 3 clause[27] 25 -9 -33
c LOG 0 watch -9 blit 25 in irredundant size 3 clause[27] 25 -9 -33
c LOG 0 watch 18 blit -21 in irredundant size 3 clause[28] 18 -21 29
c LOG 0 watch -21 blit 18 in irredundant size 3 clause[28] 18 -21 29
c LOG 0 watch 9 blit 32 in irredundant size 3 clause[29] 9 32 8
c LOG 0 watch 32 blit 9 in irredundant size 3 clause[29] 9 32 8
c LOG 0 watch -2 blit -43 in irredundant size 3 clause[30] -2 -43 -42
c LOG 0 watch -43 blit -2 in irredundant size 3 clause[30] -2 -43 -42
c LOG 0 watch 5 blit 3 in irredundant size 3 clause[31] 5 3 40
c LOG 0 watch 3 blit 5 in irredundant size 3 clause[31] 5 3 40
c LOG 0 watch -23 blit -33 in irredundant size 19 clause[32] -23 -33 -25 24 -44 38 -2 -11 -9 34 20 43 -45 15 -21 -36 5 30 -17
c LOG 0 watch -33 blit -23 in irredundant size 19 clause[32] -23 -33 -25 24 -44 38 -2 -11 -9 34 20 43 -45 15 -21 -36 5 30 -17
c LOG 0 watch -8 blit -4 in irredundant size 3 clause[33] -8 -4 21
c LOG 0 watch -4 blit -8 in irredundant size 3 clause[33] -8 -4 21
c LOG 0 watch -12 blit -36 in irredundant size 3 clause[34] -12 -36 26
c LOG 0 watch -36 blit -12 in irredundant size 3 clause[34] -12 -36 26
c LOG 0 watch 34 blit 41 in irredundant size 3 clause[35] 34 41 -23
c LOG 0 watch 41 blit 34 in irredundant size 3 clause[35] 34 41 -23
c LOG 0 watch -44 blit 18 in irredundant size 3 clause[36] -44 18 -13
c LOG 0 watch 18 blit -44 in irredundant size 3 clause[36] -44 18 -13
c LOG 0 watch -27 blit -9 in irredundant size 4 clause[37] -27 -9 -19 -1
c LOG 0 watch -9 blit -27 in irredundant size 4 clause[37] -27 -9 -19 -1
c LOG 0 watch 27 blit 30 in irredundant size 3 clause[38] 27 30 32
c LOG 0 watch 30 blit 27 in irredundant size 3 clause[38] 27 30 32
c LOG 0 watch 12 blit 38 in irredundant size 3 clause[39] 12 38 28
c LOG 0 watch 38 blit 12 in irredundant size 3 clause[39] 12 38 28
c LOG 0 watch 20 blit -19 in irredundant size 3 clause[40] 20 -19 28
c LOG 0 watch -19 blit 20 in irredundant size 3 clause[40] 20 -19 28
c LOG 0 watch 21 blit 2 in irredundant size 3 clause[41] 21 2 17
c LOG 0 watch 2 blit 21 in irredundant size 3 clause[41] 21 2 17
c LOG 0 watch -36 blit 18 in irredundant size 3 clause[42] -36 18 -10
c LOG 0 watch 18 blit -36 in irredundant size 3 clause[42] -36 18 -10
c LOG 0 watch 33 blit 4 in irredundant size 3 clause[43] 33 4 -45
c LOG 0 watch 4 blit 33 in irredundant size 3 clause[43] 33 4 -45
c LOG 0 watch 7 blit 23 in irredundant size 3 clause[44] 7 23 -45
c LOG 0 watch 23 blit 7 in irredundant size 3 clause[44] 7 23 -45
c LOG 0 watch 19 blit 35 in irredundant size 3 clause[45] 19 35 -33
c LOG 0 watch 35 blit 19 in irredundant size 3 clause[45] 19 35 -33
c LOG 0 watch 3 blit -18 in irredundant size 3 clause[46] 3 -18 2
c LOG 0 watch -18 blit 3 in irredundant size 3 clause[46] 3 -18 2
c LOG 0 watch -30 blit 43 in irredundant size 3 clause[47] -30 43 6
c LOG 0 watch 43 blit -30 in irredundant size 3 clause[47] -30 43 6
c LOG 0 watch 41 blit 37 in irredundant size 4 clause[48] 41 37 17 29
c LOG 0 watch 37 blit 41 in irredundant size 4 clause[48] 41 37 17 29
c LOG 0 watch 38 blit 37 in irredundant size 3 clause[49] 38 37 8
c LOG 0 watch 37 blit 38 in irredundant size 3 clause[49] 38 37 8
c LOG 0 watch 12 blit -47 in irredundant size 3 clause[50] 12 -47 29
c LOG 0 watch -47 blit 12 in irredundant size 3 clause[50] 12 -47 29
c LOG 0 watch 18 blit 42 in irredundant size 3 clause[51] 18 42 -15
c LOG 0 watch 42 blit 18 in irredundant size 3 clause[51] 18 42 -15
c LOG 0 watch 23 blit 18 in irredundant size 3 clause[52] 23 18 -14
c LOG 0 watch 18 blit 23 in irredundant size 3 clause[52] 23 18 -14
c LOG 0 watch -4 blit 19 in irredundant size 3 clause[53] -4 19 -18
c LOG 0 watch 19 blit -4 in irredundant size 3 clause[53] -4 19 -18
c LOG 0 watch -26 blit -48 in irredundant size 3 clause[54] -26 -48 -35
c LOG 0 watch -48 blit -26 in irredundant size 3 clause[54] -26 -48 -35
c LOG 0 watch -43 blit -39 in irredundant size 3 clause[55] -43 -39 4
c LOG 0 watch -39 blit -43 in irredundant size 3 clause[55] -43 -39 4
c LOG 0 watch 22 blit -36 in irredundant size 3 clause[56] 22 -36 25
c LOG 0 watch -36 blit 22 in irredundant size 3 clause[56] 22 -36 25
c LOG 0 watch -50 blit -42 in irredundant size 3 clause[57] -50 -42 30
c LOG 0 watch -42 blit -50 in irredundant size 3 clause[57] -50 -42 30
c LOG 0 watch -23 blit -31 in irredundant size 3 clause[58] -23 -31 -40
c LOG 0 watch -31 blit -23 in irredundant size 3 clause[58] -23 -31 -40
c LOG 0 watch -25 blit -8 in irredundant size 3 clause[59] -25 -8 -10
c LOG 0 watch -8 blit -25 in irredundant size 3 clause[59] -25 -8 -10
c LOG 0 watch -32 blit -28 in irredundant size 3 clause[60] -32 -28 -43
c LOG 0 watch -28 blit -32 in irredundant size 3 clause[60] -32 -28 -43
c LOG 0 watch 22 blit 31 in irredundant size 3 clause[61] 22 31 -25
c LOG 0 watch 31 blit 22 in irredundant size 3 clause[61] 22 31 -25
c LOG 0 watch -33 blit 3 in irredundant size 3 clause[62] -33 3 6
c LOG 0 watch 3 blit -33 in irredundant size 3 clause[62] -33 3 6
c LOG 0 watch 33 blit 21 in irredundant size 3 clause[63] 33 21 -47
c LOG 0 watch 21 blit 33 in irredundant size 3 clause[63] 33 21 -47
c LOG 0 watch -42 blit -31 in irredundant size 3 clause[64] -42 -31 26
c LOG 0 watch -31 blit -42 in irredundant size 3 clause[64] -42 -31 26
c LOG 0 watch 23 blit 34 in irredundant size 3 clause[65] 23 34 16
c LOG 0 watch 34 blit 23 in irredundant size 3 clause[65] 23 34 16
c LOG 0 watch 8 blit -16 in irredundant size 3 clause[66] 8 -16 51
c LOG 0 watch -16 blit 8 in irredundant size 3 clause[66] 8 -16 51
c LOG 0 watch -36 blit 38 in irredundant size 3 clause[67] -36 38 -26
c LOG 0 watch 38 blit -36 in irredundant size 3 clause[67] -36 38 -26
c LOG 0 watch 35 blit -39 in irredundant size 3 clause[68] 35 -39 -27
c LOG 0 watch -39 blit 35 in irredundant size 3 clause[68] 35 -39 -27
c LOG 0 watch -29 blit 25 in irredundant size 20 clause[69] -29 25 17 -40 -23 -24 -13 -26 39 37 34 30 -32 48 8 -42 -10 -19 -16 -22
c LOG 0 watch 25 blit -29 in irredundant size 20 clause[69] -29 25 17 -40 -23 -24 -13 -26 39 37 34 30 -32 48 8 -42 -10 -19 -16 -22
c LOG 0 watch 44 blit -20 in irredundant size 3 clause[70] 44 -20 48
c LOG 0 watch -20 blit 44 in irredundant size 3 clause[70] 44 -20 48
c LOG 0 watch -24 blit 45 in irredundant size 3 clause[71] -24 45 -7
c LOG 0 watch 45 blit -24 in irredundant size 3 clause[71] -24 45 -7
c LOG 0 watch 3 blit -14 in irredundant size 3 clause[72] 3 -14 43
c LOG 0 watch -14 blit 3 in irredundant size 3 clause[72] 3 -14 43
c LOG 0 watch -23 blit -31 in irredundant size 3 clause[73] -23 -31 -50
c LOG 0 watch -31 blit -23 in irredundant size 3 clause[73] -23 -31 -50
c LOG 0 watch -41 blit 5 in irredundant size 4 clause[74] -41 5 14 2
c LOG 0 watch 5 blit -41 in irredundant size 4 clause[74] -41 5 14 2
c LOG 0 watch -41 blit 47 in irredundant size 3 clause[75] -41 47 16
c LOG 0 watch 47 blit -41 in irredundant size 3 clause[75] -41 47 16
c LOG 0 watch 48 blit 45 in irredundant size 3 clause[76] 48 45 3
c LOG 0 watch 45 blit 48 in irredundant size 3 clause[76] 48 45 3
c LOG 0 watch -8 blit 7 in irredundant size 3 clause[77] -8 7 28
c LOG 0 watch 7 blit -8 in irredundant size 3 clause[77] -8 7 28
c LOG 0 watch 23 blit -1 in irredundant size 3 clause[78] 23 -1 35
c LOG 0 watch -1 blit 23 in irredundant size 3 clause[78] 23 -1 35
c LOG 0 watch -11 blit 12 in irredundant size 3 clause[79] -11 12 40
c LOG 0 watch 12 blit -11 in irredundant size 3 clause[79] -11 12 40
c LOG 0 watch -8 blit 50 in irredundant size 3 clause[80] -8 50 45
c LOG 0 watch 50 blit -8 in irredundant size 3 clause[80] -8 50 45
c LOG 0 watch -12 blit -14 in irredundant size 3 clause[81] -12 -14 -33
c LOG 0 watch -14 blit -12 in irredundant size 3 clause[81] -12 -14 -33
c LOG 0 watch 42 blit 21 in irredundant size 3 clause[82] 42 21 -19
c LOG 0 watch 21 blit 42 in irredundant size 3 clause[82] 42 21 -19
c LOG 0 watch 10 blit 31 in irredundant size 3 clause[83] 10 31 -23
c LOG 0 watch 31 blit 10 in irredundant size 3 clause[83] 10 31 -23
c LOG 0 watch -4 blit -13 in irredundant size 3 clause[84] -4 -13 6
c LOG 0 watch -13 blit -4 in irredundant size 3 clause[84] -4 -13 6
c LOG 0 watch 44 blit -11 in irredundant size 3 clause[85] 44 -11 39
c LOG 0 watch -11 blit 44 in irredundant size 3 clause[85] 44 -11 39
c LOG 0 watch -7 blit -32 in irredundant size 3 clause[86] -7 -32 17
c LOG 0 watch -32 blit -7 in irredundant size 3 clause[86] -7 -32 17
c LOG 0 watch -18 blit 25 in irredundant size 3 clause[87] -18 25 13
c LOG 0 watch 25 blit -18 in irredundant size 3 clause[87] -18 25 13
c LOG 0 watch 44 blit -34 in irredundant size 3 clause[89] 44 -34 42
c LOG 0 watch -34 blit 44 in irredundant size 3 clause[89] 44 -34 42
c LOG 0 watch 43 blit -19 in irredundant size 3 clause[90] 43 -19 -31
c LOG 0 watch -19 blit 43 in irredundant size 3 clause[90] 43 -19 -31
c LOG 0 watch -6 blit 26 in irredundant size 3 clause[91] -6 26 15
c LOG 0 watch 26 blit -6 in irredundant size 3 clause[91] -6 26 15
c LOG 0 watch 34 blit -22 in irredundant size 3 clause[92] 34 -22 37
c LOG 0 watch -22 blit 34 in irredundant size 3 clause[92] 34 -22 37
c LOG 0 watch 20 blit 7 in irredundant size 3 clause[93] 20 7 27
c LOG 0 watch 7 blit 20 in irredundant size 3 clause[93] 20 7 27
c LOG 0 watch -12 blit -9 in irredundant size 3 clause[94] -12 -9 -10
c LOG 0 watch -9 blit -12 in irredundant size 3 clause[94] -12 -9 -10
c LOG 0 watch 43 blit -20 in irredundant size 3 clause[95] 43 -20 21
c LOG 0 watch -20 blit 43 in irredundant size 3 clause[95] 43 -20 21
c LOG 0 watch -41 blit -9 in irredundant size 11 clause[96] -41 -9 -10 6 -14 -24 -1 -45 39 -16 38
c LOG 0 watch -9 blit -41 in irredundant size 11 clause[96] -41 -9 -10 6 -14 -24 -1 -45 39 -16 38
c LOG 0 watch 47 blit -11 in irredundant size 3 clause[97] 47 -11 15
c LOG 0 watch -11 blit 47 in irredundant size 3 clause[97] 47 -11 15
c LOG 0 watch -39 blit 1 in irredundant size 3 clause[98] -39 1 29
c LOG 0 watch 1 blit -39 in irredundant size 3 clause[98] -39 1 29
c LOG 0 watch -27 blit -34 in irredundant size 3 clause[99] -27 -34 -16
c LOG 0 watch -34 blit -27 in irredundant size 3 clause[99] -27 -34 -16
c LOG 0 watch -19 blit 38 in irredundant size 3 clause[100] -19 38 -24
c LOG 0 watch 38 blit -19 in irredundant size 3 clause[100] -19 38 -24
c LOG 0 watch -29 blit 20 in irredundant size 3 clause[101] -29 20 -37
c LOG 0 watch 20 blit -29 in irredundant size 3 clause[101] -29 20 -37
c LOG 0 watch -2 blit -9 in irredundant size 3 clause[102] -2 -9 29
c LOG 0 watch -9 blit -2 in irredundant size 3 clause[102] -2 -9 29
c LOG 0 watch -48 blit 45 in irredundant size 3 clause[103] -48 45 -22
c LOG 0 watch 45 blit -48 in irredundant size 3 clause[103] -48 45 -22
c LOG 0 watch -24 blit 22 in irredundant size 3 clause[104] -24 22 -16
c LOG 0 watch 22 blit -24 in irredundant size 3 clause[104] -24 22 -16
c LOG 0 watch 41 blit -28 in irredundant size 3 clause[105] 41 -28 -34
c LOG 0 watch -28 blit 41 in irredundant size 3 clause[105] 41 -28 -34
c LOG 0 watch 11 blit 38 in irredundant size 3 clause[106] 11 38 -31
c LOG 0 watch 38 blit 11 in irredundant size 3 clause[106] 11 38 -31
c LOG 0 watch -31 blit -24 in irredundant size 3 clause[107] -31 -24 -38
c LOG 0 watch -24 blit -31 in irredundant size 3 clause[107] -31 -24 -38
c LOG 0 watch -23 blit 5 in irredundant size 3 clause[108] -23 5 -8
c LOG 0 watch 5 blit -23 in irredundant size 3 clause[108] -23 5 -8
c LOG 0 watch 14 blit -50 in irredundant size 3 clause[109] 14 -50 -18
c LOG 0 watch -50 blit 14 in irredundant size 3 clause[109] 14 -50 -18
c LOG 0 watch -39 blit -48 in irredundant size 16 clause[110] -39 -48 -13 -11 -26 -19 -38 -8 21 44 -20 -28 7 -18 -45 -25
c LOG 0 watch -48 blit -39 in irredundant size 16 clause[110] -39 -48 -13 -11 -26 -19 -38 -8 21 44 -20 -28 7 -18 -45 -25
c LOG 0 watch -37 blit -12 in irredundant size 3 clause[111] -37 -12 -33
c LOG 0 watch -12 blit -37 in irredundant size 3 clause[111] -37 -12 -33
c LOG 0 watch -12 blit -51 in irredundant size 3 clause[112] -12 -51 40
c LOG 0 watch -51 blit -12 in irredundant size 3 clause[112] -12 -51 40
c LOG 0 watch 19 blit -20 in irredundant size 3 clause[113] 19 -20 -3
c LOG 0 watch -20 blit 19 in irredundant size 3 clause[113] 19 -20 -3
c LOG 0 watch -36 blit -26 in irredundant size 3 clause[114] -36 -26 43
c LOG 0 watch -26 blit -36 in irredundant size 3 clause[114] -36 -26 43
c LOG 0 watch -34 blit 5 in irredundant size 3 clause[115] -34 5 -10
c LOG 0 watch 5 blit -34 in irredundant size 3 clause[115] -34 5 -10
c LOG 0 watch 13 blit 25 in irredundant size 3 clause[116] 13 25 -10
c LOG 0 watch 25 blit 13 in irredundant size 3 clause[116] 13 25 -10
c LOG 0 watch -39 blit -42 in irredundant size 3 clause[117] -39 -42 17
c LOG 0 watch -42 blit -39 in irredundant size 3 clause[117] -39 -42 17
c LOG 0 watch -19 blit -12 in irredundant size 3 clause[118] -19 -12 34
c LOG 0 watch -12 blit -19 in irredundant size 3 clause[118] -19 -12 34
c LOG 0 watch -48 blit -35 in irredundant size 3 clause[119] -48 -35 18
c LOG 0 watch -35 blit -48 in irredundant size 3 clause[119] -48 -35 18
c LOG 0 watch 48 blit -3 in irredundant size 3 clause[120] 48 -3 10
c LOG 0 watch -3 blit 48 in irredundant size 3 clause[120] 48 -3 10
c LOG 0 watch 45 blit -48 in irredundant size 3 clause[121] 45 -48 33
c LOG 0 watch -48 blit 45 in irredundant size 3 clause[121] 45 -48 33
c LOG 0 watch -9 blit 44 in irredundant size 3 clause[122] -9 44 -8
c LOG 0 watch 44 blit -9 in irredundant size 3 clause[122] -9 44 -8
c LOG 0 watch 11 blit 47 in irredundant size 3 clause[123] 11 47 -33
c LOG 0 watch 47 blit 11 in irredundant size 3 clause[123] 11 47 -33
c LOG 0 watch -23 blit -31 in irredundant size 3 clause[124] -23 -31 -4
c LOG 0 watch -31 blit -23 in irredundant size 3 clause[124] -23 -31 -4
c LOG 0 watch -11 blit -2 in irredundant size 3 clause[125] -11 -2 -30
c LOG 0 watch -2 blit -11 in irredundant size 3 clause[125] -11 -2 -30
c LOG 0 watch -14 blit 30 in irredundant size 3 clause[126] -14 30 -40
c LOG 0 watch 30 blit -14 in irredundant size 3 clause[126] -14 30 -40
c LOG 0 watch 15 blit -50 in irredundant size 3 clause[127] 15 -50 -42
c LOG 0 watch -50 blit 15 in irredundant size 3 clause[127] 15 -50 -42
c LOG 0 watch -26 blit 48 in irredundant size 3 clause[128] -26 48 -10
c LOG 0 watch 48 blit -26 in irredundant size 3 clause[128] -26 48 -10
c LOG 0 watch 31 blit -14 in irredundant size 3 clause[129] 31 -14 18
c LOG 0 watch -14 blit 31 in irredundant size 3 clause[129] 31 -14 18
c LOG 0 watch -9 blit -19 in irredundant size 3 clause[130] -9 -19 16
c LOG 0 watch -19 blit -9 in irredundant size 3 clause[130] -9 -19 16
c LOG 0 watch 16 blit 15 in irredundant size 3 clause[131] 16 15 20
c LOG 0 watch 15 blit 16 in irredundant size 3 clause[131] 16 15 20
c LOG 0 watch 50 blit 35 in irredundant size 4 clause[132] 50 35 -4 -45
c LOG 0 watch 35 blit 50 in irredundant size 4 clause[132] 50 35 -4 -45
c LOG 0 watch 11 blit 1 in irredundant size 3 clause[133] 11 1 32
c LOG 0 watch 1 blit 11 in irredundant size 3 clause[133] 11 1 32
c LOG 0 watch 1 blit 40 in irredundant size 3 clause[134] 1 40 -2
c LOG 0 watch 40 blit 1 in irredundant size 3 clause[134] 1 40 -2
c LOG 0 watch 20 blit -43 in irredundant size 4 clause[135] 20 -43 -51 32
c LOG 0 watch -43 blit 20 in irredundant size 4 clause[135] 20 -43 -51 32
c LOG 0 watch -41 blit 25 in irredundant size 6 clause[136] -41 25 -8 -17 -22 -26
c LOG 0 watch 25 blit -41 in irredundant size 6 clause[136] -41 25 -8 -17 -22 -26
c LOG 0 watch 30 blit -38 in irredundant size 3 clause[137] 30 -38 -12
c LOG 0 watch -38 blit 30 in irredundant size 3 clause[137] 30 -38 -12
c LOG 0 watch 45 blit -38 in irredundant size 3 clause[139] 45 -38 17
c LOG 0 watch -38 blit 45 in irredundant size 3 clause[139] 45 -38 17
c LOG 0 watch 34 blit -16 in irredundant size 3 clause[140] 34 -16 -29
c LOG 0 watch -16 blit 34 in irredundant size 3 clause[140] 34 -16 -29
c LOG 0 watch 40 blit 30 in irredundant size 3 clause[141] 40 30 31
c LOG 0 watch 30 blit 40 in irredundant size 3 clause[141] 40 30 31
c LOG 0 watch 3 blit 35 in irredundant size 3 clause[142] 3 35 8
c LOG 0 watch 35 blit 3 in irredundant size 3 clause[142] 3 35 8
c LOG 0 watch 39 blit 7 in irredundant size 3 clause[143] 39 7 -19
c LOG 0 watch 7 blit 39 in irredundant size 3 clause[143] 39 7 -19
c LOG 0 watch -43 blit 3 in irredundant size 3 clause[144] -43 3 -12
c LOG 0 watch 3 blit -43 in irredundant size 3 clause[144] -43 3 -12
c LOG 0 watch -12 blit 51 in irredundant size 3 clause[145] -12 51 -5
c LOG 0 watch 51 blit -12 in irredundant size 3 clause[145] -12 51 -5
c LOG 0 watch 22 blit -30 in irredundant size 3 clause[146] 22 -30 38
c LOG 0 watch -30 blit 22 in irredundant size 3 clause[146] 22 -30 38
c LOG 0 watch -17 blit -37 in irredundant size 3 clause[147] -17 -37 28
c LOG 0 watch -37 blit -17 in irredundant size 3 clause[147] -17 -37 28
c LOG 0 watch -31 blit -24 in irredundant size 3 clause[148] -31 -24 -30
c LOG 0 watch -24 blit -31 in irredundant size 3 clause[148] -31 -24 -30
c LOG 0 watch 29 blit -45 in irredundant size 3 clause[149] 29 -45 8
c LOG 0 watch -45 blit 29 in irredundant size 3 clause[149] 29 -45 8
c LOG 0 watch -33 blit 16 in irredundant size 3 clause[150] -33 16 -13
c LOG 0 watch 16 blit -33 in irredundant size 3 clause[150] -33 16 -13
c LOG 0 watch 27 blit 1 in irredundant size 4 clause[151] 27 1 2 -16
c LOG 0 watch 1 blit 27 in irredundant size 4 clause[151] 27 1 2 -16
c LOG 0 watch 21 blit 23 in irredundant size 3 clause[152] 21 23 37
c LOG 0 watch 23 blit 21 in irredundant size 3 clause[152] 21 23 37
c LOG 0 watch 33 blit -20 in irredundant size 3 clause[153] 33 -20 32
c LOG 0 watch -20 blit 33 in irredundant size 3 clause[153] 33 -20 32
c LOG 0 watch -30 blit -48 in irredundant size 3 clause[154] -30 -48 -25
c LOG 0 watch -48 blit -30 in irredundant size 3 clause[154] -30 -48 -25
c LOG 0 watch -24 blit 16 in irredundant size 3 clause[155] -24 16 26
c LOG 0 watch 16 blit -24 in irredundant size 3 clause[155] -24 16 26
c LOG 0 watch -16 blit 4 in irredundant size 3 clause[156] -16 4 8
c LOG 0 watch 4 blit -16 in irredundant size 3 clause[156] -16 4 8
c LOG 0 watch 45 blit -13 in irredundant size 3 clause[157] 45 -13 6
c LOG 0 watch -13 blit 45 in irredundant size 3 clause[157] 45 -13 6
c LOG 0 watch 24 blit 22 in irredundant size 3 clause[158] 24 22 -8
c LOG 0 watch 22 blit 24 in irredundant size 3 clause[158] 24 22 -8
c LOG 0 watch -8 blit 14 in irredundant size 3 clause[159] -8 14 -33
c LOG 0 watch 14 blit -8 in irredundant size 3 clause[159] -8 14 -33
c LOG 0 watch 25 blit -11 in irredundant size 3 clause[160] 25 -11 -8
c LOG 0 watch -11 blit 25 in irredundant size 3 clause[160] 25 -11 -8
c LOG 0 watch -30 blit 43 in irredundant size 3 clause[161] -30 43 -40
c LOG 0 watch 43 blit -30 in irredundant size 3 clause[161] -30 43 -40
c LOG 0 watch -9 blit -43 in irredundant size 3 clause[162] -9 -43 -16
c LOG 0 watch -43 blit -9 in irredundant size 3 clause[162] -9 -43 -16
c LOG 0 watch 15 blit 44 in irredundant size 3 clause[163] 15 44 -16
c LOG 0 watch 44 blit 15 in irredundant size 3 clause[163] 15 44 -16
c LOG 0 watch 34 blit 45 in irredundant size 3 clause[164] 34 45 24
c LOG 0 watch 45 blit 34 in irredundant size 3 clause[164] 34 45 24
c LOG 0 watch 3 blit 31 in irredundant size 8 clause[165] 3 31 8 27 -23 14 -47 -17
c LOG 0 watch 31 blit 3 in irredundant size 8 clause[165] 3 31 8 27 -23 14 -47 -17
c LOG 0 watch -12 blit 20 in irredundant size 3 clause[166] -12 20 -25
c LOG 0 watch 20 blit -12 in irredundant size 3 clause[166] -12 20 -25
c LOG 0 watch 1 blit 2 in irredundant size 3 clause[167] 1 2 3
c LOG 0 watch 2 blit 1 in irredundant size 3 clause[167] 1 2 3
c LOG 0 watch 47 blit 48 in irredundant size 8 clause[168] 47 48 11 35 50 -31 -27 -5
c LOG 0 watch 48 blit 47 in irredundant size 8 clause[168] 47 48 11 35 50 -31 -27 -5
c LOG 0 watch 42 blit 37 in irredundant size 3 clause[169] 42 37 11
c LOG 0 watch 37 blit 42 in irredundant size 3 clause[169] 42 37 11
c LOG 0 watch -9 blit 43 in irredundant size 3 clause[170] -9 43 -40
c LOG 0 watch 43 blit -9 in irredundant size 3 clause[170] -9 43 -40
c LOG 0 watch 43 blit -41 in irredundant size 3 clause[171] 43 -41 -8
c LOG 0 watch -41 blit 43 in irredundant size 3 clause[171] 43 -41 -8
c LOG 0 watch 11 blit 36 in irredundant size 3 clause[172] 11 36 50
c LOG 0 watch 36 blit 11 in irredundant size 3 clause[172] 11 36 50
c LOG 0 watch 10 blit -34 in irredundant size 3 clause[173] 10 -34 -44
c LOG 0 watch -34 blit 10 in irredundant size 3 clause[173] 10 -34 -44
c LOG 0 watch 15 blit 21 in irredundant size 3 clause[174] 15 21 26
c LOG 0 watch 21 blit 15 in irredundant size 3 clause[174] 15 21 26
c LOG 0 watch -13 blit 15 in irredundant size 3 clause[175] -13 15 28
c LOG 0 watch 15 blit -13 in irredundant size 3 clause[175] -13 15 28
c LOG 0 watch -4 blit 32 in irredundant size 3 clause[176] -4 32 26
c LOG 0 watch 32 blit -4 in irredundant size 3 clause[176] -4 32 26
c LOG 0 watch 43 blit 3 in irredundant size 3 clause[177] 43 3 40
c LOG 0 watch 3 blit 43 in irredundant size 3 clause[177] 43 3 40
c LOG 0 watch -11 blit -12 in irredundant size 3 clause[178] -11 -12 4
c LOG 0 watch -12 blit -11 in irredundant size 3 clause[178] -11 -12 4
c LOG 0 watch -20 blit 31 in irredundant size 3 clause[179] -20 31 17
c LOG 0 watch 31 blit -20 in irredundant size 3 clause[179] -20 31 17
c LOG 0 watch 18 blit 4 in irredundant size 3 clause[180] 18 4 6
c LOG 0 watch 4 blit 18 in irredundant size 3 clause[180] 18 4 6
c LOG 0 watch 48 blit -14 in irredundant size 3 clause[181] 48 -14 -10
c LOG 0 watch -14 blit 48 in irredundant size 3 clause[181] 48 -14 -10
c LOG 0 watch 42 blit -11 in irredundant size 3 clause[182] 42 -11 -16
c LOG 0 watch -11 blit 42 in irredundant size 3 clause[182] 42 -11 -16
c LOG 0 watch 51 blit -35 in irredundant size 3 clause[183] 51 -35 -16
c LOG 0 watch -35 blit 51 in irredundant size 3 clause[183] 51 -35 -16
c LOG 0 watch -29 blit 4 in irredundant size 3 clause[184] -29 4 -45
c LOG 0 watch 4 blit -29 in irredundant size 3 clause[184] -29 4 -45
c LOG 0 watch -47 blit -50 in irredundant size 3 clause[185] -47 -50 36
c LOG 0 watch -50 blit -47 in irredundant size 3 clause[185] -47 -50 36
c LOG 0 watch 43 blit -30 in irredundant size 3 clause[186] 43 -30 26
c LOG 0 watch -30 blit 43 in irredundant size 3 clause[186] 43 -30 26
c LOG 0 watch -21 blit -26 in irredundant size 3 clause[187] -21 -26 -6
c LOG 0 watch -26 blit -21 in irredundant size 3 clause[187] -21 -26 -6
c LOG 0 watch 50 blit -34 in irredundant size 4 clause[188] 50 -34 23 -40
c LOG 0 watch -34 blit 50 in irredundant size 4 clause[188] 50 -34 23 -40
c LOG 0 watch 1 blit 30 in irredundant size 4 clause[189] 1 30 -25 -14
c LOG 0 watch 30 blit 1 in irredundant size 4 clause[189] 1 30 -25 -14
c LOG 0 watch 43 blit 21 in irredundant size 3 clause[190] 43 21 30
c LOG 0 watch 21 blit 43 in irredundant size 3 clause[190] 43 21 30
c LOG 0 watch 18 blit 47 in irredundant size 3 clause[191] 18 47 -35
c LOG 0 watch 47 blit 18 in irredundant size 3 clause[191] 18 47 -35
c LOG 0 watch 50 blit 7 in irredundant size 3 clause[192] 50 7 -27
c LOG 0 watch 7 blit 50 in irredundant size 3 clause[192] 50 7 -27
c LOG 0 watch -7 blit -28 in irredundant size 3 clause[193] -7 -28 14
c LOG 0 watch -28 blit -7 in irredundant size 3 clause[193] -7 -28 14
c LOG 0 watch -29 blit -33 in irredundant size 4 clause[194] -29 -33 -51 -41
c LOG 0 watch -33 blit -29 in irredundant size 4 clause[194] -29 -33 -51 -41
c LOG 0 watch -35 blit -44 in irredundant size 3 clause[195] -35 -44 17
c LOG 0 watch -44 blit -35 in irredundant size 3 clause[195] -35 -44 17
c LOG 0 watch 47 blit -5 in irredundant size 3 clause[196] 47 -5 -45
c LOG 0 watch -5 blit 47 in irredundant size 3 clause[196] 47 -5 -45
c LOG 0 watch -42 blit -22 in irredundant size 3 clause[197] -42 -22 25
c LOG 0 watch -22 blit -42 in irredundant size 3 clause[197] -42 -22 25
c LOG 0 watch 21 blit 47 in irredundant size 4 clause[198] 21 47 25 9
c LOG 0 watch 47 blit 21 in irredundant size 4 clause[198] 21 47 25 9
c LOG 0 watch 50 blit 16 in irredundant size 3 clause[199] 50 16 -37
c LOG 0 watch 16 blit 50 in irredundant size 3 clause[199] 50 16 -37
c LOG 0 watch 1 blit -28 in irredundant size 3 clause[200] 1 -28 36
c LOG 0 watch -28 blit 1 in irredundant size 3 clause[200] 1 -28 36
c LOG 0 watch -32 blit 40 in irredundant size 3 clause[201] -32 40 -36
c LOG 0 watch 40 blit -32 in irredundant size 3 clause[201] -32 40 -36
c LOG 0 watch -42 blit -35 in irredundant size 3 clause[202] -42 -35 4
c LOG 0 watch -35 blit -42 in irredundant size 3 clause[202] -42 -35 4
c LOG 0 watch 32 blit 34 in irredundant size 3 clause[203] 32 34 26
c LOG 0 watch 34 blit 32 in irredundant size 3 clause[203] 32 34 26
c LOG 0 watch -19 blit 14 in irredundant size 3 clause[204] -19 14 -10
c LOG 0 watch 14 blit -19 in irredundant size 3 clause[204] -19 14 -10
c LOG 0 watch -13 blit 28 in glue 5 redundant size 6 clause[205] -13 28 -15 26 17 6
c LOG 0 watch 28 blit -13 in glue 5 redundant size 6 clause[205] -13 28 -15 26 17 6
c LOG 0 watch -31 blit -13 in irredundant size 3 clause[207] -31 -13 44
c LOG 0 watch -13 blit -31 in irredundant size 3 clause[207] -31 -13 44
c LOG 0 watch 32 blit 26 in irredundant size 3 clause[208] 32 26 27
c LOG 0 watch 26 blit 32 in irredundant size 3 clause[208] 32 26 27
c LOG 0 watch -3 blit 49 in irredundant size 14 clause[209] -3 49 -50 -28 34 41 -26 52 -13 -46 35 -53 -14 5
c LOG 0 watch 49 blit -3 in irredundant size 14 clause[209] -3 49 -50 -28 34 41 -26 52 -13 -46 35 -53 -14 5
c LOG 0 watch -46 blit -44 in irredundant size 3 clause[210] -46 -44 53
c LOG 0 watch -44 blit -46 in irredundant size 3 clause[210] -46 -44 53
c LOG 0 watch -46 blit 21 in irredundant size 3 clause[211] -46 21 -23
c LOG 0 watch 21 blit -46 in irredundant size 3 clause[211] -46 21 -23
c LOG 0 watch 42 blit 37 in irredundant size 3 clause[212] 42 37 5
c LOG 0 watch 37 blit 42 in irredundant size 3 clause[212] 42 37 5
c LOG 0 watch -44 blit -36 in irredundant size 3 clause[213] -44 -36 3
c LOG 0 watch -36 blit -44 in irredundant size 3 clause[213] -44 -36 3
c LOG 0 watch 54 blit 34 in irredundant size 3 clause[214] 54 34 35
c LOG 0 watch 34 blit 54 in irredundant size 3 clause[214] 54 34 35
c LOG 0 watch 47 blit -14 in irredundant size 3 clause[215] 47 -14 -21
c LOG 0 watch -14 blit 47 in irredundant size 3 clause[215] 47 -14 -21
c LOG 0 watch -30 blit -10 in irredundant size 3 clause[216] -30 -10 -18
c LOG 0 watch -10 blit -30 in irredundant size 3 clause[216] -30 -10 -18
c LOG 0 watch -26 blit 27 in irredundant size 3 clause[217] -26 27 -15
c LOG 0 watch 27 blit -26 in irredundant size 3 clause[217] -26 27 -15
c LOG 0 watch -44 blit 23 in irredundant size 3 clause[218] -44 23 -21
c LOG 0 watch 23 blit -44 in irredundant size 3 clause[218] -44 23 -21
c LOG 0 watch 24 blit -23 in irredundant size 3 clause[219] 24 -23 -27
c LOG 0 watch -23 blit 24 in irredundant size 3 clause[219] 24 -23 -27
c LOG 0 watch -56 blit -5 in irredundant size 3 clause[220] -56 -5 22
c LOG 0 watch -5 blit -56 in irredundant size 3 clause[220] -56 -5 22
c LOG 0 watch -49 blit 24 in irredundant size 3 clause[221] -49 24 -15
c LOG 0 watch 24 blit -49 in irredundant size 3 clause[221] -49 24 -15
c LOG 0 watch -10 blit 57 in irredundant size 3 clause[222] -10 57 -41
c LOG 0 watch 57 blit -10 in irredundant size 3 clause[222] -10 57 -41
c LOG 0 watch 46 blit 44 in irredundant size 3 clause[223] 46 44 -36
c LOG 0 watch 44 blit 46 in irredundant size 3 clause[223] 46 44 -36
c LOG 0 watch 18 blit 21 in irredundant size 3 clause[224] 18 21 -36
c LOG 0 watch 21 blit 18 in irredundant size 3 clause[224] 18 21 -36
c LOG 0 watch -47 blit -30 in irredundant size 3 clause[225] -47 -30 27
c LOG 0 watch -30 blit -47 in irredundant size 3 clause[225] -47 -30 27
c LOG 0 watch -26 blit 2 in irredundant size 3 clause[226] -26 2 24
c LOG 0 watch 2 blit -26 in irredundant size 3 clause[226] -26 2 24
c LOG 0 watch -51 blit -58 in irredundant size 8 clause[227] -51 -58 -26 44 49 23 -15 -10
c LOG 0 watch -58 blit -51 in irredundant size 8 clause[227] -51 -58 -26 44 49 23 -15 -10
c LOG 0 watch -25 blit 32 in irredundant size 3 clause[228] -25 32 56
c LOG 0 watch 32 blit -25 in irredundant size 3 clause[228] -25 32 56
c LOG 0 watch -44 blit -53 in irredundant size 3 clause[229] -44 -53 58
c LOG 0 watch -53 blit -44 in irredundant size 3 clause[229] -44 -53 58
c LOG 0 watch 31 blit 22 in irredundant size 3 clause[230] 31 22 -37
c LOG 0 watch 22 blit 31 in irredundant size 3 clause[230] 31 22 -37
c LOG 0 watch 53 blit -41 in irredundant size 3 clause[231] 53 -41 51
c LOG 0 watch -41 blit 53 in irredundant size 3 clause[231] 53 -41 51
c LOG 0 watch 46 blit -45 in irredundant size 3 clause[232] 46 -45 -53
c LOG 0 watch -45 blit 46 in irredundant size 3 clause[232] 46 -45 -53
c LOG 0 watch 8 blit -56 in irredundant size 3 clause[233] 8 -56 49
c LOG 0 watch -56 blit 8 in irredundant size 3 clause[233] 8 -56 49
c LOG 0 watch 58 blit 59 in irredundant size 3 clause[234] 58 59 60
c LOG 0 watch 59 blit 58 in irredundant size 3 clause[234] 58 59 60
c LOG 0 watch 3 blit 47 in irredundant size 3 clause[235] 3 47 37
c LOG 0 watch 47 blit 3 in irredundant size 3 clause[235] 3 47 37
c LOG 0 watch -57 blit 25 in irredundant size 3 clause[236] -57 25 3
c LOG 0 watch 25 blit -57 in irredundant size 3 clause[236] -57 25 3
c LOG 0 watch 42 blit -47 in irredundant size 3 clause[237] 42 -47 -56
c LOG 0 watch -47 blit 42 in irredundant size 3 clause[237] 42 -47 -56
c LOG 0 watch -51 blit -31 in irredundant size 3 clause[238] -51 -31 -3
c LOG 0 watch -31 blit -51 in irredundant size 3 clause[238] -51 -31 -3
c LOG 0 watch 53 blit -13 in irredundant size 3 clause[239] 53 -13 -45
c LOG 0 watch -13 blit 53 in irredundant size 3 clause[239] 53 -13 -45
c LOG 0 watch -59 blit 49 in irredundant size 3 clause[240] -59 49 -13
c LOG 0 watch 49 blit -59 in irredundant size 3 clause[240] -59 49 -13
c LOG 0 watch 14 blit -34 in irredundant size 18 clause[241] 14 -34 -58 -13 15 -54 57 22 -18 50 -44 -1 9 -41 -45 27 -59 38
c LOG 0 watch -34 blit 14 in irredundant size 18 clause[241] 14 -34 -58 -13 15 -54 57 22 -18 50 -44 -1 9 -41 -45 27 -59 38
c LOG 0 watch -28 blit -8 in irredundant size 3 clause[242] -28 -8 1
c LOG 0 watch -8 blit -28 in irredundant size 3 clause[242] -28 -8 1
c LOG 0 watch 38 blit 23 in irredundant size 3 clause[243] 38 23 -35
c LOG 0 watch 23 blit 38 in irredundant size 3 clause[243] 38 23 -35
c LOG 0 watch -51 blit 49 in irredundant size 3 clause[244] -51 49 46
c LOG 0 watch 49 blit -51 in irredundant size 3 clause[244] -51 49 46
c LOG 0 watch -38 blit 56 in irredundant size 3 clause[245] -38 56 -58
c LOG 0 watch 56 blit -38 in irredundant size 3 clause[245] -38 56 -58
c LOG 0 watch -21 blit 27 in irredundant size 3 clause[246] -21 27 -24
c LOG 0 watch 27 blit -21 in irredundant size 3 clause[246] -21 27 -24
c LOG 0 watch -18 blit -21 in irredundant size 3 clause[247] -18 -21 -47
c LOG 0 watch -21 blit -18 in irredundant size 3 clause[247] -18 -21 -47
c LOG 0 watch -10 blit -38 in irredundant size 3 clause[248] -10 -38 -8
c LOG 0 watch -38 blit -10 in irredundant size 3 clause[248] -10 -38 -8
c LOG 0 watch 5 blit -26 in irredundant size 3 clause[249] 5 -26 -52
c LOG 0 watch -26 blit 5 in irredundant size 3 clause[249] 5 -26 -52
c LOG 0 watch -3 blit 31 in irredundant size 3 clause[250] -3 31 26
c LOG 0 watch 31 blit -3 in irredundant size 3 clause[250] -3 31 26
c LOG 0 watch 58 blit 28 in irredundant size 3 clause[251] 58 28 2
c LOG 0 watch 28 blit 58 in irredundant size 3 clause[251] 58 28 2
c LOG 0 watch 60 blit -35 in irredundant size 3 clause[252] 60 -35 36
c LOG 0 watch -35 blit 60 in irredundant size 3 clause[252] 60 -35 36
c LOG 0 watch 31 blit 34 in irredundant size 3 clause[253] 31 34 -52
c LOG 0 watch 34 blit 31 in irredundant size 3 clause[253] 31 34 -52
c LOG 0 watch 51 blit -2 in irredundant size 3 clause[254] 51 -2 10
c LOG 0 watch -2 blit 51 in irredundant size 3 clause[254] 51 -2 10
c LOG 0 watch 36 blit -28 in irredundant size 19 clause[255] 36 -28 -24 10 52 -37 -9 -32 -58 -5 -44 22 15 -60 -40 47 18 -53 41
c LOG 0 watch -28 blit 36 in irredundant size 19 clause[255] 36 -28 -24 10 52 -37 -9 -32 -58 -5 -44 22 15 -60 -40 47 18 -53 41
c LOG 0 watch 51 blit -18 in irredundant size 3 clause[256] 51 -18 -57
c LOG 0 watch -18 blit 51 in irredundant size 3 clause[256] 51 -18 -57
c LOG 0 watch 60 blit 45 in irredundant size 3 clause[257] 60 45 -23
c LOG 0 watch 45 blit 60 in irredundant size 3 clause[257] 60 45 -23
c LOG 0 watch -60 blit 18 in irredundant size 3 clause[258] -60 18 40
c LOG 0 watch 18 blit -60 in irredundant size 3 clause[258] -60 18 40
c LOG 0 watch 59 blit 5 in irredundant size 3 clause[259] 59 5 50
c LOG 0 watch 5 blit 59 in irredundant size 3 clause[259] 59 5 50
c LOG 0 watch 2 blit -18 in irredundant size 3 clause[260] 2 -18 40
c LOG 0 watch -18 blit 2 in irredundant size 3 clause[260] 2 -18 40
c LOG 0 watch -47 blit -58 in irredundant size 3 clause[261] -47 -58 13
c LOG 0 watch -58 blit -47 in irredundant size 3 clause[261] -47 -58 13
c LOG 0 watch -23 blit -26 in irredundant size 3 clause[262] -23 -26 -44
c LOG 0 watch -26 blit -23 in irredundant size 3 clause[262] -23 -26 -44
c LOG 0 watch -9 blit -51 in irredundant size 14 clause[263] -9 -51 35 23 -30 44 -62 -59 56 -26 -52 27 -1 10
c LOG 0 watch -51 blit -9 in irredundant size 14 clause[263] -9 -51 35 23 -30 44 -62 -59 56 -26 -52 27 -1 10
c LOG 0 watch 1 blit -34 in irredundant size 3 clause[264] 1 -34 51
c LOG 0 watch -34 blit 1 in irredundant size 3 clause[264] 1 -34 51
c LOG 0 watch -60 blit -44 in irredundant size 3 clause[265] -60 -44 -51
c LOG 0 watch -44 blit -60 in irredundant size 3 clause[265] -60 -44 -51
c LOG 0 watch -8 blit -62 in irredundant size 3 clause[266] -8 -62 -35
c LOG 0 watch -62 blit -8 in irredundant size 3 clause[266] -8 -62 -35
c LOG 0 watch 13 blit 18 in irredundant size 3 clause[267] 13 18 -14
c LOG 0 watch 18 blit 13 in irredundant size 3 clause[267] 13 18 -14
c LOG 0 watch -37 blit 10 in irredundant size 3 clause[268] -37 10 54
c LOG 0 watch 10 blit -37 in irredundant size 3 clause[268] -37 10 54
c LOG 0 watch 13 blit 2 in irredundant size 3 clause[269] 13 2 52
c LOG 0 watch 2 blit 13 in irredundant size 3 clause[269] 13 2 52
c LOG 0 watch 62 blit 37 in irredundant size 4 clause[270] 62 37 -45 36
c LOG 0 watch 37 blit 62 in irredundant size 4 clause[270] 62 37 -45 36
c LOG 0 watch -37 blit -18 in irredundant size 3 clause[271] -37 -18 30
c LOG 0 watch -18 blit -37 in irredundant size 3 clause[271] -37 -18 30
c LOG 0 watch -44 blit 36 in irredundant size 3 clause[272] -44 36 -13
c LOG 0 watch 36 blit -44 in irredundant size 3 clause[272] -44 36 -13
c LOG 0 watch 18 blit 59 in irredundant size 3 clause[273] 18 59 -2
c LOG 0 watch 59 blit 18 in irredundant size 3 clause[273] 18 59 -2
c LOG 0 watch 13 blit 56 in irredundant size 3 clause[274] 13 56 36
c LOG 0 watch 56 blit 13 in irredundant size 3 clause[274] 13 56 36
c LOG 0 watch 31 blit 35 in irredundant size 3 clause[275] 31 35 8
c LOG 0 watch 35 blit 31 in irredundant size 3 clause[275] 31 35 8
c LOG 0 watch 22 blit 46 in irredundant size 3 clause[276] 22 46 -23
c LOG 0 watch 46 blit 22 in irredundant size 3 clause[276] 22 46 -23
c LOG 0 watch 35 blit 3 in irredundant size 3 clause[277] 35 3 -50
c LOG 0 watch 3 blit 35 in irredundant size 3 clause[277] 35 3 -50
c LOG 0 watch 37 blit -59 in irredundant size 15 clause[278] 37 -59 31 5 -40 2 18 -56 -27 51 13 21 -22 32 -60
c LOG 0 watch -59 blit 37 in irredundant size 15 clause[278] 37 -59 31 5 -40 2 18 -56 -27 51 13 21 -22 32 -60
c LOG 0 watch 21 blit -42 in irredundant size 7 clause[279] 21 -42 53 -56 45 -50 31
c LOG 0 watch -42 blit 21 in irredundant size 7 clause[279] 21 -42 53 -56 45 -50 31
c LOG 0 watch -27 blit 47 in irredundant size 3 clause[280] -27 47 -21
c LOG 0 watch 47 blit -27 in irredundant size 3 clause[280] -27 47 -21
c LOG 0 watch 38 blit 46 in irredundant size 3 clause[281] 38 46 -30
c LOG 0 watch 46 blit 38 in irredundant size 3 clause[281] 38 46 -30
c LOG 0 watch 26 blit -9 in irredundant size 3 clause[282] 26 -9 -1
c LOG 0 watch -9 blit 26 in irredundant size 3 clause[282] 26 -9 -1
c LOG 0 watch 54 blit -34 in irredundant size 3 clause[283] 54 -34 23
c LOG 0 watch -34 blit 54 in irredundant size 3 clause[283] 54 -34 23
c LOG 0 watch 22 blit 47 in irredundant size 3 clause[284] 22 47 38
c LOG 0 watch 47 blit 22 in irredundant size 3 clause[284] 22 47 38
c LOG 0 watch -14 blit -34 in irredundant size 3 clause[285] -14 -34 -18
c LOG 0 watch -34 blit -14 in irredundant size 3 clause[285] -14 -34 -18
c LOG 0 watch 59 blit 58 in irredundant size 3 clause[286] 59 58 56
c LOG 0 watch 58 blit 59 in irredundant size 3 clause[286] 59 58 56
c LOG 0 watch 21 blit 18 in irredundant size 3 clause[287] 21 18 -27
c LOG 0 watch 18 blit 21 in irredundant size 3 clause[287] 21 18 -27
c LOG 0 watch 38 blit 52 in irredundant size 3 clause[288] 38 52 -30
c LOG 0 watch 52 blit 38 in irredundant size 3 clause[288] 38 52 -30
c LOG 0 watch 54 blit 10 in irredundant size 4 clause[289] 54 10 -37 -21
c LOG 0 watch 10 blit 54 in irredundant size 4 clause[289] 54 10 -37 -21
c LOG 0 watch 28 blit -59 in irredundant size 3 clause[290] 28 -59 42
c LOG 0 watch -59 blit 28 in irredundant size 3 clause[290] 28 -59 42
c LOG 0 watch -14 blit 45 in irredundant size 3 clause[291] -14 45 -13
c LOG 0 watch 45 blit -14 in irredundant size 3 clause[291] -14 45 -13
c LOG 0 watch 51 blit -13 in irredundant size 3 clause[292] 51 -13 -41
c LOG 0 watch -13 blit 51 in irredundant size 3 clause[292] 51 -13 -41
c LOG 0 watch 54 blit 28 in irredundant size 3 clause[293] 54 28 34
c LOG 0 watch 28 blit 54 in irredundant size 3 clause[293] 54 28 34
c LOG 0 watch 30 blit -10 in irredundant size 3 clause[294] 30 -10 -5
c LOG 0 watch -10 blit 30 in irredundant size 3 clause[294] 30 -10 -5
c LOG 0 watch 8 blit -31 in irredundant size 3 clause[295] 8 -31 22
c LOG 0 watch -31 blit 8 in irredundant size 3 clause[295] 8 -31 22
c LOG 0 watch -9 blit -44 in irredundant size 3 clause[296] -9 -44 3
c LOG 0 watch -44 blit -9 in irredundant size 3 clause[296] -9 -44 3
c LOG 0 watch -41 blit -24 in irredundant size 3 clause[297] -41 -24 -54
c LOG 0 watch -24 blit -41 in irredundant size 3 clause[297] -41 -24 -54
c LOG 0 watch 42 blit 22 in irredundant size 8 clause[298] 42 22 -1 -14 -44 -60 3 -8
c LOG 0 watch 22 blit 42 in irredundant size 8 clause[298] 42 22 -1 -14 -44 -60 3 -8
c LOG 0 watch 23 blit 22 in irredundant size 4 clause[299] 23 22 -14 13
c LOG 0 watch 22 blit 23 in irredundant size 4 clause[299] 23 22 -14 13
c LOG 0 watch 24 blit 1 in irredundant size 3 clause[300] 24 1 13
c LOG 0 watch 1 blit 24 in irredundant size 3 clause[300] 24 1 13
c LOG 0 watch 21 blit 10 in irredundant size 4 clause[301] 21 10 -51 -31
c LOG 0 watch 10 blit 21 in irredundant size 4 clause[301] 21 10 -51 -31
c LOG 0 watch 25 blit -54 in irredundant size 3 clause[302] 25 -54 -60
c LOG 0 watch -54 blit 25 in irredundant size 3 clause[302] 25 -54 -60
c LOG 0 watch -42 blit 2 in irredundant size 3 clause[303] -42 2 34
c LOG 0 watch 2 blit -42 in irredundant size 3 clause[303] -42 2 34
c LOG 0 watch 62 blit -51 in irredundant size 3 clause[304] 62 -51 -25
c LOG 0 watch -51 blit 62 in irredundant size 3 clause[304] 62 -51 -25
c LOG 0 watch 1 blit 34 in irredundant size 3 clause[305] 1 34 -9
c LOG 0 watch 34 blit 1 in irredundant size 3 clause[305] 1 34 -9
c LOG 0 watch 45 blit 60 in irredundant size 3 clause[306] 45 60 -2
c LOG 0 watch 60 blit 45 in irredundant size 3 clause[306] 45 60 -2
c LOG 0 watch -1 blit -24 in irredundant size 3 clause[307] -1 -24 5
c LOG 0 watch -24 blit -1 in irredundant size 3 clause[307] -1 -24 5
c LOG 0 watch -38 blit -34 in irredundant size 3 clause[308] -38 -34 54
c LOG 0 watch -34 blit -38 in irredundant size 3 clause[308] -38 -34 54
c LOG 0 watch -22 blit 45 in irredundant size 3 clause[309] -22 45 38
c LOG 0 watch 45 blit -22 in irredundant size 3 clause[309] -22 45 38
c LOG 0 watch 46 blit -41 in irredundant size 3 clause[310] 46 -41 10
c LOG 0 watch -41 blit 46 in irredundant size 3 clause[310] 46 -41 10
c LOG 0 watch -45 blit 27 in irredundant size 4 clause[311] -45 27 38 -52
c LOG 0 watch 27 blit -45 in irredundant size 4 clause[311] -45 27 38 -52
c LOG 0 watch 51 blit 44 in irredundant size 20 clause[312] 51 44 -46 -25 -35 -34 -26 -42 10 -21 9 -56 15 58 -3 -18 -22 -54 24 -50
c LOG 0 watch 44 blit 51 in irredundant size 20 clause[312] 51 44 -46 -25 -35 -34 -26 -42 10 -21 9 -56 15 58 -3 -18 -22 -54 24 -50
c LOG 0 watch -2 blit -30 in irredundant size 14 clause[313] -2 -30 -57 -23 52 -41 -50 18 58 21 -9 -51 36 49
c LOG 0 watch -30 blit -2 in irredundant size 14 clause[313] -2 -30 -57 -23 52 -41 -50 18 58 21 -9 -51 36 49
c LOG 0 watch 35 blit 24 in irredundant size 3 clause[314] 35 24 53
c LOG 0 watch 24 blit 35 in irredundant size 3 clause[314] 35 24 53
c LOG 0 watch -54 blit 24 in irredundant size 3 clause[315] -54 24 -53
c LOG 0 watch 24 blit -54 in irredundant size 3 clause[315] -54 24 -53
c LOG 0 watch 3 blit 40 in irredundant size 3 clause[316] 3 40 -47
c LOG 0 watch 40 blit 3 in irredundant size 3 clause[316] 3 40 -47
c LOG 0 watch -8 blit 54 in irredundant size 3 clause[317] -8 54 -34
c LOG 0 watch 54 blit -8 in irredundant size 3 clause[317] -8 54 -34
c LOG 0 watch 3 blit 8 in irredundant size 3 clause[318] 3 8 -38
c LOG 0 watch 8 blit 3 in irredundant size 3 clause[318] 3 8 -38
c LOG 0 watch -24 blit -59 in irredundant size 3 clause[319] -24 -59 53
c LOG 0 watch -59 blit -24 in irredundant size 3 clause[319] -24 -59 53
c LOG 0 watch 45 blit 27 in irredundant size 3 clause[320] 45 27 54
c LOG 0 watch 27 blit 45 in irredundant size 3 clause[320] 45 27 54
c LOG 0 watch -45 blit 62 in irredundant size 3 clause[321] -45 62 21
c LOG 0 watch 62 blit -45 in irredundant size 3 clause[321] -45 62 21
c LOG 0 watch -45 blit 25 in irredundant size 3 clause[322] -45 25 27
c LOG 0 watch 25 blit -45 in irredundant size 3 clause[322] -45 25 27
c LOG 0 watch -35 blit 8 in irredundant size 16 clause[323] -35 8 -15 -38 47 -41 58 1 3 21 32 -25 14 5 54 51
c LOG 0 watch 8 blit -35 in irredundant size 16 clause[323] -35 8 -15 -38 47 -41 58 1 3 21 32 -25 14 5 54 51
c LOG 0 watch -62 blit 13 in irredundant size 3 clause[324] -62 13 -18
c LOG 0 watch 13 blit -62 in irredundant size 3 clause[324] -62 13 -18
c LOG 0 watch 31 blit -40 in irredundant size 3 clause[325] 31 -40 27
c LOG 0 watch -40 blit 31 in irredundant size 3 clause[325] 31 -40 27
c LOG 0 watch 42 blit 30 in irredundant size 3 clause[327] 42 30 13
c LOG 0 watch 30 blit 42 in irredundant size 3 clause[327] 42 30 13
c LOG 0 watch -52 blit 13 in irredundant size 3 clause[328] -52 13 18
c LOG 0 watch 13 blit -52 in irredundant size 3 clause[328] -52 13 18
c LOG 0 watch -5 blit -56 in irredundant size 3 clause[329] -5 -56 44
c LOG 0 watch -56 blit -5 in irredundant size 3 clause[329] -5 -56 44
c LOG 0 watch -25 blit 36 in irredundant size 3 clause[330] -25 36 -54
c LOG 0 watch 36 blit -25 in irredundant size 3 clause[330] -25 36 -54
c LOG 0 watch 36 blit -34 in irredundant size 3 clause[331] 36 -34 -5
c LOG 0 watch -34 blit 36 in irredundant size 3 clause[331] 36 -34 -5
c LOG 0 watch -37 blit -34 in irredundant size 3 clause[332] -37 -34 42
c LOG 0 watch -34 blit -37 in irredundant size 3 clause[332] -37 -34 42
c LOG 0 watch -13 blit 31 in irredundant size 3 clause[333] -13 31 57
c LOG 0 watch 31 blit -13 in irredundant size 3 clause[333] -13 31 57
c LOG 0 watch 45 blit 24 in irredundant size 20 clause[334] 45 24 5 -10 -22 -3 -57 51 -14 -21 2 54 -27 -9 -15 49 -8 44 -23 -47
c LOG 0 watch 24 blit 45 in irredundant size 20 clause[334] 45 24 5 -10 -22 -3 -57 51 -14 -21 2 54 -27 -9 -15 49 -8 44 -23 -47
c LOG 0 watch 8 blit 51 in irredundant size 3 clause[335] 8 51 -31
c LOG 0 watch 51 blit 8 in irredundant size 3 clause[335] 8 51 -31
c LOG 0 watch 9 blit 52 in irredundant size 3 clause[336] 9 52 8
c LOG 0 watch 52 blit 9 in irredundant size 3 clause[336] 9 52 8
c LOG 0 watch 58 blit -21 in irredundant size 3 clause[337] 58 -21 14
c LOG 0 watch -21 blit 58 in irredundant size 3 clause[337] 58 -21 14
c LOG 0 watch 56 blit -24 in irredundant size 3 clause[338] 56 -24 -14
c LOG 0 watch -24 blit 56 in irredundant size 3 clause[338] 56 -24 -14
c LOG 0 watch 37 blit -41 in irredundant size 3 clause[339] 37 -41 26
c LOG 0 watch -41 blit 37 in irredundant size 3 clause[339] 37 -41 26
c LOG 0 watch 54 blit -35 in irredundant size 3 clause[340] 54 -35 -53
c LOG 0 watch -35 blit 54 in irredundant size 3 clause[340] 54 -35 -53
c LOG 0 watch 57 blit -50 in irredundant size 3 clause[341] 57 -50 28
c LOG 0 watch -50 blit 57 in irredundant size 3 clause[341] 57 -50 28
c LOG 0 watch 41 blit -32 in irredundant size 3 clause[342] 41 -32 42
c LOG 0 watch -32 blit 41 in irredundant size 3 clause[342] 41 -32 42
c LOG 0 watch -14 blit 56 in irredundant size 14 clause[343] -14 56 26 -57 40 31 62 -42 3 -44 30 49 24 60
c LOG 0 watch 56 blit -14 in irredundant size 14 clause[343] -14 56 26 -57 40 31 62 -42 3 -44 30 49 24 60
c LOG 0 watch 47 blit 37 in irredundant size 3 clause[344] 47 37 -14
c LOG 0 watch 37 blit 47 in irredundant size 3 clause[344] 47 37 -14
c LOG 0 watch 57 blit -59 in irredundant size 3 clause[345] 57 -59 9
c LOG 0 watch -59 blit 57 in irredundant size 3 clause[345] 57 -59 9
c LOG 0 watch -2 blit 49 in irredundant size 3 clause[346] -2 49 13
c LOG 0 watch 49 blit -2 in irredundant size 3 clause[346] -2 49 13
c LOG 0 watch 24 blit 30 in irredundant size 3 clause[347] 24 30 47
c LOG 0 watch 30 blit 24 in irredundant size 3 clause[347] 24 30 47
c LOG 0 watch -54 blit 49 in irredundant size 3 clause[348] -54 49 37
c LOG 0 watch 49 blit -54 in irredundant size 3 clause[348] -54 49 37
c LOG 0 watch -45 blit -59 in irredundant size 3 clause[349] -45 -59 -8
c LOG 0 watch -59 blit -45 in irredundant size 3 clause[349] -45 -59 -8
c LOG 0 watch 22 blit 42 in irredundant size 3 clause[350] 22 42 -3
c LOG 0 watch 42 blit 22 in irredundant size 3 clause[350] 22 42 -3
c LOG 0 watch 8 blit -37 in irredundant size 3 clause[351] 8 -37 -28
c LOG 0 watch -37 blit 8 in irredundant size 3 clause[351] 8 -37 -28
c LOG 0 watch 53 blit -18 in irredundant size 3 clause[352] 53 -18 -10
c LOG 0 watch -18 blit 53 in irredundant size 3 clause[352] 53 -18 -10
c LOG 0 watch 35 blit 5 in irredundant size 3 clause[353] 35 5 54
c LOG 0 watch 5 blit 35 in irredundant size 3 clause[353] 35 5 54
c LOG 0 watch -27 blit 45 in irredundant size 3 clause[354] -27 45 25
c LOG 0 watch 45 blit -27 in irredundant size 3 clause[354] -27 45 25
c LOG 0 watch 22 blit -32 in irredundant size 3 clause[355] 22 -32 -21
c LOG 0 watch -32 blit 22 in irredundant size 3 clause[355] 22 -32 -21
c LOG 0 watch -3 blit 21 in irredundant size 3 clause[356] -3 21 58
c LOG 0 watch 21 blit -3 in irredundant size 3 clause[356] -3 21 58
c LOG 0 watch -2 blit -36 in irredundant size 3 clause[357] -2 -36 49
c LOG 0 watch -36 blit -2 in irredundant size 3 clause[357] -2 -36 49
c LOG 0 watch -40 blit 41 in irredundant size 3 clause[358] -40 41 3
c LOG 0 watch 41 blit -40 in irredundant size 3 clause[358] -40 41 3
c LOG 0 watch 56 blit 28 in irredundant size 3 clause[359] 56 28 -26
c LOG 0 watch 28 blit 56 in irredundant size 3 clause[359] 56 28 -26
c LOG 0 watch 60 blit 35 in irredundant size 3 clause[360] 60 35 1
c LOG 0 watch 35 blit 60 in irredundant size 3 clause[360] 60 35 1
c LOG 0 watch -5 blit 37 in irredundant size 3 clause[361] -5 37 50
c LOG 0 watch 37 blit -5 in irredundant size 3 clause[361] -5 37 50
c LOG 0 watch 14 blit -34 in irredundant size 3 clause[362] 14 -34 35
c LOG 0 watch -34 blit 14 in irredundant size 3 clause[362] 14 -34 35
c LOG 0 watch -25 blit 57 in irredundant size 3 clause[363] -25 57 -31
c LOG 0 watch 57 blit -25 in irredundant size 3 clause[363] -25 57 -31
c LOG 0 watch 9 blit -35 in irredundant size 3 clause[364] 9 -35 -31
c LOG 0 watch -35 blit 9 in irredundant size 3 clause[364] 9 -35 -31
c LOG 0 watch -40 blit 47 in irredundant size 3 clause[365] -40 47 -34
c LOG 0 watch 47 blit -40 in irredundant size 3 clause[365] -40 47 -34
c LOG 0 watch 8 blit 18 in irredundant size 3 clause[366] 8 18 23
c LOG 0 watch 18 blit 8 in irredundant size 3 clause[366] 8 18 23
c LOG 0 watch 59 blit -45 in irredundant size 3 clause[367] 59 -45 26
c LOG 0 watch -45 blit 59 in irredundant size 3 clause[367] 59 -45 26
c LOG 0 watch -51 blit -30 in irredundant size 3 clause[368] -51 -30 34
c LOG 0 watch -30 blit -51 in irredundant size 3 clause[368] -51 -30 34
c LOG 0 watch 34 blit 18 in irredundant size 3 clause[369] 34 18 30
c LOG 0 watch 18 blit 34 in irredundant size 3 clause[369] 34 18 30
c LOG 0 watch 57 blit 21 in irredundant size 3 clause[370] 57 21 3
c LOG 0 watch 21 blit 57 in irredundant size 3 clause[370] 57 21 3
c LOG 0 watch 8 blit -10 in irredundant size 3 clause[371] 8 -10 3
c LOG 0 watch -10 blit 8 in irredundant size 3 clause[371] 8 -10 3
c LOG 0 watch -5 blit 51 in irredundant size 20 clause[372] -5 51 -52 -53 -2 -21 -14 58 32 -10 35 -62 26 -23 -57 50 -28 41 -18 34
c LOG 0 watch 51 blit -5 in irredundant size 20 clause[372] -5 51 -52 -53 -2 -21 -14 58 32 -10 35 -62 26 -23 -57 50 -28 41 -18 34
c LOG 0 watch -53 blit -30 in irredundant size 3 clause[373] -53 -30 -35
c LOG 0 watch -30 blit -53 in irredundant size 3 clause[373] -53 -30 -35
c LOG 0 watch -41 blit -28 in irredundant size 3 clause[374] -41 -28 -57
c LOG 0 watch -28 blit -41 in irredundant size 3 clause[374] -41 -28 -57
c LOG 0 watch -50 blit 57 in irredundant size 15 clause[375] -50 57 -40 -26 25 35 3 41 60 -5 49 -37 -18 51 1
c LOG 0 watch 57 blit -50 in irredundant size 15 clause[375] -50 57 -40 -26 25 35 3 41 60 -5 49 -37 -18 51 1
c LOG 0 watch -53 blit 44 in irredundant size 4 clause[376] -53 44 18 9
c LOG 0 watch 44 blit -53 in irredundant size 4 clause[376] -53 44 18 9
c LOG 0 watch 36 blit 27 in irredundant size 3 clause[377] 36 27 -31
c LOG 0 watch 27 blit 36 in irredundant size 3 clause[377] 36 27 -31
c LOG 0 watch 51 blit -62 in irredundant size 3 clause[378] 51 -62 36
c LOG 0 watch -62 blit 51 in irredundant size 3 clause[378] 51 -62 36
c LOG 0 watch 49 blit -56 in irredundant size 3 clause[379] 49 -56 5
c LOG 0 watch -56 blit 49 in irredundant size 3 clause[379] 49 -56 5
c LOG 0 watch -60 blit -26 in irredundant size 3 clause[380] -60 -26 50
c LOG 0 watch -26 blit -60 in irredundant size 3 clause[380] -60 -26 50
c LOG 0 watch -35 blit -14 in irredundant size 3 clause[381] -35 -14 41
c LOG 0 watch -14 blit -35 in irredundant size 3 clause[381] -35 -14 41
c LOG 0 watch -62 blit -42 in irredundant size 3 clause[382] -62 -42 36
c LOG 0 watch -42 blit -62 in irredundant size 3 clause[382] -62 -42 36
c LOG 0 watch -37 blit 21 in irredundant size 3 clause[383] -37 21 15
c LOG 0 watch 21 blit -37 in irredundant size 3 clause[383] -37 21 15
c LOG 0 watch -25 blit -37 in irredundant size 14 clause[384] -25 -37 -60 54 23 36 22 -53 -42 -47 30 3 2 10
c LOG 0 watch -37 blit -25 in irredundant size 14 clause[384] -25 -37 -60 54 23 36 22 -53 -42 -47 30 3 2 10
c LOG 0 watch 15 blit -23 in irredundant size 3 clause[385] 15 -23 41
c LOG 0 watch -23 blit 15 in irredundant size 3 clause[385] 15 -23 41
c LOG 0 watch 22 blit -1 in irredundant size 3 clause[386] 22 -1 56
c LOG 0 watch -1 blit 22 in irredundant size 3 clause[386] 22 -1 56
c LOG 0 watch 1 blit 25 in irredundant size 3 clause[387] 1 25 -2
c LOG 0 watch 25 blit 1 in irredundant size 3 clause[387] 1 25 -2
c LOG 0 watch 31 blit 40 in irredundant size 3 clause[388] 31 40 50
c LOG 0 watch 40 blit 31 in irredundant size 3 clause[388] 31 40 50
c LOG 0 watch 54 blit -37 in irredundant size 3 clause[389] 54 -37 -30
c LOG 0 watch -37 blit 54 in irredundant size 3 clause[389] 54 -37 -30
c LOG 0 watch 54 blit -26 in irredundant size 3 clause[390] 54 -26 44
c LOG 0 watch -26 blit 54 in irredundant size 3 clause[390] 54 -26 44
c LOG 0 watch 32 blit -49 in irredundant size 3 clause[391] 32 -49 3
c LOG 0 watch -49 blit 32 in irredundant size 3 clause[391] 32 -49 3
c LOG 0 watch -40 blit 57 in irredundant size 3 clause[392] -40 57 13
c LOG 0 watch 57 blit -40 in irredundant size 3 clause[392] -40 57 13
c LOG 0 watch 5 blit -46 in irredundant size 3 clause[393] 5 -46 31
c LOG 0 watch -46 blit 5 in irredundant size 3 clause[393] 5 -46 31
c LOG 0 watch -32 blit -54 in irredundant size 3 clause[394] -32 -54 -45
c LOG 0 watch -54 blit -32 in irredundant size 3 clause[394] -32 -54 -45
c LOG 0 watch 58 blit -23 in irredundant size 3 clause[395] 58 -23 -50
c LOG 0 watch -23 blit 58 in irredundant size 3 clause[395] 58 -23 -50
c LOG 0 watch 47 blit -45 in irredundant size 3 clause[396] 47 -45 56
c LOG 0 watch -45 blit 47 in irredundant size 3 clause[396] 47 -45 56
c LOG 0 watch -59 blit -30 in irredundant size 4 clause[397] -59 -30 34 -60
c LOG 0 watch -30 blit -59 in irredundant size 4 clause[397] -59 -30 34 -60
c LOG 0 watch 59 blit 37 in irredundant size 3 clause[398] 59 37 -38
c LOG 0 watch 37 blit 59 in irredundant size 3 clause[398] 59 37 -38
c LOG 0 mu1 -30 -> 138 irredundant size 2 clause[138] -30 -11
c LOG 0 mu1 25 -> 326 irredundant size 2 clause[326] -22 25
c LOG 0 mu1 43 -> 88 irredundant size 2 clause[88] 43 -24
c LOG 0 mu1 -22 -> 326 irredundant size 2 clause[326] -22 25
c LOG 0 mu1 -36 -> 399 irredundant size 2 clause[399] -36 25
c LOG 0 mu1 -11 -> 138 irredundant size 2 clause[138] -30 -11
c LOG 0 mu1 25 -> 399 irredundant size 2 clause[399] -36 25
c LOG 0 mu1 -24 -> 88 irredundant size 2 clause[88] 43 -24
c LOG 0 found 0 units
c LOG 0 mu1 -36 -> 399 irredundant size 2 clause[399] -36 25
c [congruence-1] found 0 equivalences
c LOG 0 propagating at least 0 units
c LOG 0 gate not found in table gate[0] (arity: 2) 0 := And 24 -43
c LOG 0 gate not found in table gate[0] (arity: 2) 0 := And 11 30
c LOG 0 gate not found in table gate[0] (arity: 2) 0 := And 22 -25
c LOG 0 gate not found in table gate[0] (arity: 2) 0 := And -25 36
c LOG 0 propagated 0 congruence units
c LOG 0 propagated 0 congruence equivalences
c LOG 0 watching all clauses
c LOG 0 watch 43 blit -24 in irredundant size 2 clause[88] 43 -24
c LOG 0 watch -24 blit 43 in irredundant size 2 clause[88] 43 -24
c LOG 0 watch -30 blit -11 in irredundant size 2 clause[138] -30 -11
c LOG 0 watch -11 blit -30 in irredundant size 2 clause[138] -30 -11
c LOG 0 watch -22 blit 25 in irredundant size 2 clause[326] -22 25
c LOG 0 watch 25 blit -22 in irredundant size 2 clause[326] -22 25
c LOG 0 watch -36 blit 25 in irredundant size 2 clause[399] -36 25
c LOG 0 watch 25 blit -36 in irredundant size 2 clause[399] -36 25
c LOG 0 watch -1 blit 2 in irredundant size 3 clause[1] -1 2 3
c LOG 0 watch 2 blit -1 in irredundant size 3 clause[1] -1 2 3
c LOG 0 watch -4 blit 3 in irredundant size 3 clause[2] -4 3 -5
c LOG 0 watch 3 blit -4 in irredundant size 3 clause[2] -4 3 -5
c LOG 0 watch 7 blit -8 in irredundant size 3 clause[3] 7 -8 6
c LOG 0 watch -8 blit 7 in irredundant size 3 clause[3] 7 -8 6
c LOG 0 watch -9 blit 11 in irredundant size 3 clause[4] -9 11 -10
c LOG 0 watch 11 blit -9 in irredundant size 3 clause[4] -9 11 -10
c LOG 0 watch 2 blit 12 in irredundant size 3 clause[5] 2 12 13
c LOG 0 watch 12 blit 2 in irredundant size 3 clause[5] 2 12 13
c LOG 0 watch 14 blit -16 in irredundant size 3 clause[6] 14 -16 -15
c LOG 0 watch -16 blit 14 in irredundant size 3 clause[6] 14 -16 -15
c LOG 0 watch -17 blit -18 in irredundant size 3 clause[7] -17 -18 -19
c LOG 0 watch -18 blit -17 in irredundant size 3 clause[7] -17 -18 -19
c LOG 0 watch -20 blit 12 in irredundant size 3 clause[8] -20 12 -15
c LOG 0 watch 12 blit -20 in irredundant size 3 clause[8] -20 12 -15
c LOG 0 watch 21 blit 22 in irredundant size 3 clause[9] 21 22 23
c LOG 0 watch 22 blit 21 in irredundant size 3 clause[9] 21 22 23
c LOG 0 watch -24 blit -12 in irredundant size 3 clause[10] -24 -12 -25
c LOG 0 watch -12 blit -24 in irredundant size 3 clause[10] -24 -12 -25
c LOG 0 watch 4 blit -26 in irredundant size 15 clause[11] 4 -26 27 28 -29 18 -30 -2 -7 -31 -8 -13 25 20 -23
c LOG 0 watch -26 blit 4 in irredundant size 15 clause[11] 4 -26 27 28 -29 18 -30 -2 -7 -31 -8 -13 25 20 -23
c LOG 0 watch -24 blit -23 in irredundant size 3 clause[12] -24 -23 30
c LOG 0 watch -23 blit -24 in irredundant size 3 clause[12] -24 -23 30
c LOG 0 watch 32 blit -2 in irredundant size 3 clause[13] 32 -2 -16
c LOG 0 watch -2 blit 32 in irredundant size 3 clause[13] 32 -2 -16
c LOG 0 watch 27 blit -14 in irredundant size 3 clause[14] 27 -14 -33
c LOG 0 watch -14 blit 27 in irredundant size 3 clause[14] 27 -14 -33
c LOG 0 watch -32 blit -34 in irredundant size 3 clause[15] -32 -34 -7
c LOG 0 watch -34 blit -32 in irredundant size 3 clause[15] -32 -34 -7
c LOG 0 watch -20 blit -35 in irredundant size 3 clause[16] -20 -35 -15
c LOG 0 watch -35 blit -20 in irredundant size 3 clause[16] -20 -35 -15
c LOG 0 watch 36 blit -14 in irredundant size 3 clause[17] 36 -14 -33
c LOG 0 watch -14 blit 36 in irredundant size 3 clause[17] 36 -14 -33
c LOG 0 watch -29 blit -5 in irredundant size 3 clause[18] -29 -5 -12
c LOG 0 watch -5 blit -29 in irredundant size 3 clause[18] -29 -5 -12
c LOG 0 watch -37 blit -38 in irredundant size 3 clause[19] -37 -38 8
c LOG 0 watch -38 blit -37 in irredundant size 3 clause[19] -37 -38 8
c LOG 0 watch 19 blit -27 in irredundant size 3 clause[20] 19 -27 -11
c LOG 0 watch -27 blit 19 in irredundant size 3 clause[20] 19 -27 -11
c LOG 0 watch 1 blit -6 in irredundant size 4 clause[21] 1 -6 23 -39
c LOG 0 watch -6 blit 1 in irredundant size 4 clause[21] 1 -6 23 -39
c LOG 0 watch -30 blit 19 in irredundant size 3 clause[22] -30 19 36
c LOG 0 watch 19 blit -30 in irredundant size 3 clause[22] -30 19 36
c LOG 0 watch 9 blit 19 in irredundant size 3 clause[23] 9 19 -13
c LOG 0 watch 19 blit 9 in irredundant size 3 clause[23] 9 19 -13
c LOG 0 watch 37 blit 40 in irredundant size 3 clause[24] 37 40 -35
c LOG 0 watch 40 blit 37 in irredundant size 3 clause[24] 37 40 -35
c LOG 0 watch -41 blit 24 in irredundant size 3 clause[25] -41 24 -40
c LOG 0 watch 24 blit -41 in irredundant size 3 clause[25] -41 24 -40
c LOG 0 watch -26 blit -37 in irredundant size 19 clause[26] -26 -37 35 23 -10 -38 -4 8 24 -40 12 42 -18 29 36 -39 41 19 -15
c LOG 0 watch -37 blit -26 in irredundant size 19 clause[26] -26 -37 35 23 -10 -38 -4 8 24 -40 12 42 -18 29 36 -39 41 19 -15
c LOG 0 watch 25 blit -9 in irredundant size 3 clause[27] 25 -9 -33
c LOG 0 watch -9 blit 25 in irredundant size 3 clause[27] 25 -9 -33
c LOG 0 watch 18 blit -21 in irredundant size 3 clause[28] 18 -21 29
c LOG 0 watch -21 blit 18 in irredundant size 3 clause[28] 18 -21 29
c LOG 0 watch 9 blit 32 in irredundant size 3 clause[29] 9 32 8
c LOG 0 watch 32 blit 9 in irredundant size 3 clause[29] 9 32 8
c LOG 0 watch -2 blit -43 in irredundant size 3 clause[30] -2 -43 -42
c LOG 0 watch -43 blit -2 in irredundant size 3 clause[30] -2 -43 -42
c LOG 0 watch 5 blit 3 in irredundant size 3 clause[31] 5 3 40
c LOG 0 watch 3 blit 5 in irredundant size 3 clause[31] 5 3 40
c LOG 0 watch -23 blit -33 in irredundant size 19 clause[32] -23 -33 -25 24 -44 38 -2 -11 -9 34 20 43 -45 15 -21 -36 5 30 -17
c LOG 0 watch -33 blit -23 in irredundant size 19 clause[32] -23 -33 -25 24 -44 38 -2 -11 -9 34 20 43 -45 15 -21 -36 5 30 -17
c LOG 0 watch -8 blit -4 in irredundant size 3 clause[33] -8 -4 21
c LOG 0 watch -4 blit -8 in irredundant size 3 clause[33] -8 -4 21
c LOG 0 watch -12 blit -36 in irredundant size 3 clause[34] -12 -36 26
c LOG 0 watch -36 blit -12 in irredundant size 3 clause[34] -12 -36 26
c LOG 0 watch 34 blit 41 in irredundant size 3 clause[35] 34 41 -23
c LOG 0 watch 41 blit 34 in irredundant size 3 clause[35] 34 41 -23
c LOG 0 watch -44 blit 18 in irredundant size 3 clause[36] -44 18 -13
c LOG 0 watch 18 blit -44 in irredundant size 3 clause[36] -44 18 -13
c LOG 0 watch -27 blit -9 in irredundant size 4 clause[37] -27 -9 -19 -1
c LOG 0 watch -9 blit -27 in irredundant size 4 clause[37] -27 -9 -19 -1
c LOG 0 watch 27 blit 30 in irredundant size 3 clause[38] 27 30 32
c LOG 0 watch 30 blit 27 in irredundant size 3 clause[38] 27 30 32
c LOG 0 watch 12 blit 38 in irredundant size 3 clause[39] 12 38 28
c LOG 0 watch 38 blit 12 in irredundant size 3 clause[39] 12 38 28
c LOG 0 watch 20 blit -19 in irredundant size 3 clause[40] 20 -19 28
c LOG 0 watch -19 blit 20 in irredundant size 3 clause[40] 20 -19 28
c LOG 0 watch 21 blit 2 in irredundant size 3 clause[41] 21 2 17
c LOG 0 watch 2 blit 21 in irredundant size 3 clause[41] 21 2 17
c LOG 0 watch -36 blit 18 in irredundant size 3 clause[42] -36 18 -10
c LOG 0 watch 18 blit -36 in irredundant size 3 clause[42] -36 18 -10
c LOG 0 watch 33 blit 4 in irredundant size 3 clause[43] 33 4 -45
c LOG 0 watch 4 blit 33 in irredundant size 3 clause[43] 33 4 -45
c LOG 0 watch 7 blit 23 in irredundant size 3 clause[44] 7 23 -45
c LOG 0 watch 23 blit 7 in irredundant size 3 clause[44] 7 23 -45
c LOG 0 watch 19 blit 35 in irredundant size 3 clause[45] 19 35 -33
c LOG 0 watch 35 blit 19 in irredundant size 3 clause[45] 19 35 -33
c LOG 0 watch 3 blit -18 in irredundant size 3 clause[46] 3 -18 2
c LOG 0 watch -18 blit 3 in irredundant size 3 clause[46] 3 -18 2
c LOG 0 watch -30 blit 43 in irredundant size 3 clause[47] -30 43 6
c LOG 0 watch 43 blit -30 in irredundant size 3 clause[47] -30 43 6
c LOG 0 watch 41 blit 37 in irredundant size 4 clause[48] 41 37 17 29
c LOG 0 watch 37 blit 41 in irredundant size 4 clause[48] 41 37 17 29
c LOG 0 watch 38 blit 37 in irredundant size 3 clause[49] 38 37 8
c LOG 0 watch 37 blit 38 in irredundant size 3 clause[49] 38 37 8
c LOG 0 watch 12 blit -47 in irredundant size 3 clause[50] 12 -47 29
c LOG 0 watch -47 blit 12 in irredundant size 3 clause[50] 12 -47 29
c LOG 0 watch 18 blit 42 in irredundant size 3 clause[51] 18 42 -15
c LOG 0 watch 42 blit 18 in irredundant size 3 clause[51] 18 42 -15
c LOG 0 watch 23 blit 18 in irredundant size 3 clause[52] 23 18 -14
c LOG 0 watch 18 blit 23 in irredundant size 3 clause[52] 23 18 -14
c LOG 0 watch -4 blit 19 in irredundant size 3 clause[53] -4 19 -18
c LOG 0 watch 19 blit -4 in irredundant size 3 clause[53] -4 19 -18
c LOG 0 watch -26 blit -48 in irredundant size 3 clause[54] -26 -48 -35
c LOG 0 watch -48 blit -26 in irredundant size 3 clause[54] -26 -48 -35
c LOG 0 watch -43 blit -39 in irredundant size 3 clause[55] -43 -39 4
c LOG 0 watch -39 blit -43 in irredundant size 3 clause[55] -43 -39 4
c LOG 0 watch 22 blit -36 in irredundant size 3 clause[56] 22 -36 25
c LOG 0 watch -36 blit 22 in irredundant size 3 clause[56] 22 -36 25
c LOG 0 watch -50 blit -42 in irredundant size 3 clause[57] -50 -42 30
c LOG 0 watch -42 blit -50 in irredundant size 3 clause[57] -50 -42 30
c LOG 0 watch -23 blit -31 in irredundant size 3 clause[58] -23 -31 -40
c LOG 0 watch -31 blit -23 in irredundant size 3 clause[58] -23 -31 -40
c LOG 0 watch -25 blit -8 in irredundant size 3 clause[59] -25 -8 -10
c LOG 0 watch -8 blit -25 in irredundant size 3 clause[59] -25 -8 -10
c LOG 0 watch -32 blit -28 in irredundant size 3 clause[60] -32 -28 -43
c LOG 0 watch -28 blit -32 in irredundant size 3 clause[60] -32 -28 -43
c LOG 0 watch 22 blit 31 in irredundant size 3 clause[61] 22 31 -25
c LOG 0 watch 31 blit 22 in irredundant size 3 clause[61] 22 31 -25
c LOG 0 watch -33 blit 3 in irredundant size 3 clause[62] -33 3 6
c LOG 0 watch 3 blit -33 in irredundant size 3 clause[62] -33 3 6
c LOG 0 watch 33 blit 21 in irredundant size 3 clause[63] 33 21 -47
c LOG 0 watch 21 blit 33 in irredundant size 3 clause[63] 33 21 -47
c LOG 0 watch -42 blit -31 in irredundant size 3 clause[64] -42 -31 26
c LOG 0 watch -31 blit -42 in irredundant size 3 clause[64] -42 -31 26
c LOG 0 watch 23 blit 34 in irredundant size 3 clause[65] 23 34 16
c LOG 0 watch 34 blit 23 in irredundant size 3 clause[65] 23 34 16
c LOG 0 watch 8 blit -16 in irredundant size 3 clause[66] 8 -16 51
c LOG 0 watch -16 blit 8 in irredundant size 3 clause[66] 8 -16 51
c LOG 0 watch -36 blit 38 in irredundant size 3 clause[67] -36 38 -26
c LOG 0 watch 38 blit -36 in irredundant size 3 clause[67] -36 38 -26
c LOG 0 watch 35 blit -39 in irredundant size 3 clause[68] 35 -39 -27
c LOG 0 watch -39 blit 35 in irredundant size 3 clause[68] 35 -39 -27
c LOG 0 watch -29 blit 25 in irredundant size 20 clause[69] -29 25 17 -40 -23 -24 -13 -26 39 37 34 30 -32 48 8 -42 -10 -19 -16 -22
c LOG 0 watch 25 blit -29 in irredundant size 20 clause[69] -29 25 17 -40 -23 -24 -13 -26 39 37 34 30 -32 48 8 -42 -10 -19 -16 -22
c LOG 0 watch 44 blit -20 in irredundant size 3 clause[70] 44 -20 48
c LOG 0 watch -20 blit 44 in irredundant size 3 clause[70] 44 -20 48
c LOG 0 watch -24 blit 45 in irredundant size 3 clause[71] -24 45 -7
c LOG 0 watch 45 blit -24 in irredundant size 3 clause[71] -24 45 -7
c LOG 0 watch 3 blit -14 in irredundant size 3 clause[72] 3 -14 43
c LOG 0 watch -14 blit 3 in irredundant size 3 clause[72] 3 -14 43
c LOG 0 watch -23 blit -31 in irredundant size 3 clause[73] -23 -31 -50
c LOG 0 watch -31 blit -23 in irredundant size 3 clause[73] -23 -31 -50
c LOG 0 watch -41 blit 5 in irredundant size 4 clause[74] -41 5 14 2
c LOG 0 watch 5 blit -41 in irredundant size 4 clause[74] -41 5 14 2
c LOG 0 watch -41 blit 47 in irredundant size 3 clause[75] -41 47 16
c LOG 0 watch 47 blit -41 in irredundant size 3 clause[75] -41 47 16
c LOG 0 watch 48 blit 45 in irredundant size 3 clause[76] 48 45 3
c LOG 0 watch 45 blit 48 in irredundant size 3 clause[76] 48 45 3
c LOG 0 watch -8 blit 7 in irredundant size 3 clause[77] -8 7 28
c LOG 0 watch 7 blit -8 in irredundant size 3 clause[77] -8 7 28
c LOG 0 watch 23 blit -1 in irredundant size 3 clause[78] 23 -1 35
c LOG 0 watch -1 blit 23 in irredundant size 3 clause[78] 23 -1 35
c LOG 0 watch -11 blit 12 in irredundant size 3 clause[79] -11 12 40
c LOG 0 watch 12 blit -11 in irredundant size 3 clause[79] -11 12 40
c LOG 0 watch -8 blit 50 in irredundant size 3 clause[80] -8 50 45
c LOG 0 watch 50 blit -8 in irredundant size 3 clause[80] -8 50 45
c LOG 0 watch -12 blit -14 in irredundant size 3 clause[81] -12 -14 -33
c LOG 0 watch -14 blit -12 in irredundant size 3 clause[81] -12 -14 -33
c LOG 0 watch 42 blit 21 in irredundant size 3 clause[82] 42 21 -19
c LOG 0 watch 21 blit 42 in irredundant size 3 clause[82] 42 21 -19
c LOG 0 watch 10 blit 31 in irredundant size 3 clause[83] 10 31 -23
c LOG 0 watch 31 blit 10 in irredundant size 3 clause[83] 10 31 -23
c LOG 0 watch -4 blit -13 in irredundant size 3 clause[84] -4 -13 6
c LOG 0 watch -13 blit -4 in irredundant size 3 clause[84] -4 -13 6
c LOG 0 watch 44 blit -11 in irredundant size 3 clause[85] 44 -11 39
c LOG 0 watch -11 blit 44 in irredundant size 3 clause[85] 44 -11 39
c LOG 0 watch -7 blit -32 in irredundant size 3 clause[86] -7 -32 17
c LOG 0 watch -32 blit -7 in irredundant size 3 clause[86] -7 -32 17
c LOG 0 watch -18 blit 25 in irredundant size 3 clause[87] -18 25 13
c LOG 0 watch 25 blit -18 in irredundant size 3 clause[87] -18 25 13
c LOG 0 watch 44 blit -34 in irredundant size 3 clause[89] 44 -34 42
c LOG 0 watch -34 blit 44 in irredundant size 3 clause[89] 44 -34 42
c LOG 0 watch 43 blit -19 in irredundant size 3 clause[90] 43 -19 -31
c LOG 0 watch -19 blit 43 in irredundant size 3 clause[90] 43 -19 -31
c LOG 0 watch -6 blit 26 in irredundant size 3 clause[91] -6 26 15
c LOG 0 watch 26 blit -6 in irredundant size 3 clause[91] -6 26 15
c LOG 0 watch 34 blit -22 in irredundant size 3 clause[92] 34 -22 37
c LOG 0 watch -22 blit 34 in irredundant size 3 clause[92] 34 -22 37
c LOG 0 watch 20 blit 7 in irredundant size 3 clause[93] 20 7 27
c LOG 0 watch 7 blit 20 in irredundant size 3 clause[93] 20 7 27
c LOG 0 watch -12 blit -9 in irredundant size 3 clause[94] -12 -9 -10
c LOG 0 watch -9 blit -12 in irredundant size 3 clause[94] -12 -9 -10
c LOG 0 watch 43 blit -20 in irredundant size 3 clause[95] 43 -20 21
c LOG 0 watch -20 blit 43 in irredundant size 3 clause[95] 43 -20 21
c LOG 0 watch -41 blit -9 in irredundant size 11 clause[96] -41 -9 -10 6 -14 -24 -1 -45 39 -16 38
c LOG 0 watch -9 blit -41 in irredundant size 11 clause[96] -41 -9 -10 6 -14 -24 -1 -45 39 -16 38
c LOG 0 watch 47 blit -11 in irredundant size 3 clause[97] 47 -11 15
c LOG 0 watch -11 blit 47 in irredundant size 3 clause[97] 47 -11 15
c LOG 0 watch -39 blit 1 in irredundant size 3 clause[98] -39 1 29
c LOG 0 watch 1 blit -39 in irredundant size 3 clause[98] -39 1 29
c LOG 0 watch -27 blit -34 in irredundant size 3 clause[99] -27 -34 -16
c LOG 0 watch -34 blit -27 in irredundant size 3 clause[99] -27 -34 -16
c LOG 0 watch -19 blit 38 in irredundant size 3 clause[100] -19 38 -24
c LOG 0 watch 38 blit -19 in irredundant size 3 clause[100] -19 38 -24
c LOG 0 watch -29 blit 20 in irredundant size 3 clause[101] -29 20 -37
c LOG 0 watch 20 blit -29 in irredundant size 3 clause[101] -29 20 -37
c LOG 0 watch -2 blit -9 in irredundant size 3 clause[102] -2 -9 29
c LOG 0 watch -9 blit -2 in irredundant size 3 clause[102] -2 -9 29
c LOG 0 watch -48 blit 45 in irredundant size 3 clause[103] -48 45 -22
c LOG 0 watch 45 blit -48 in irredundant size 3 clause[103] -48 45 -22
c LOG 0 watch -24 blit 22 in irredundant size 3 clause[104] -24 22 -16
c LOG 0 watch 22 blit -24 in irredundant size 3 clause[104] -24 22 -16
c LOG 0 watch 41 blit -28 in irredundant size 3 clause[105] 41 -28 -34
c LOG 0 watch -28 blit 41 in irredundant size 3 clause[105] 41 -28 -34
c LOG 0 watch 11 blit 38 in irredundant size 3 clause[106] 11 38 -31
c LOG 0 watch 38 blit 11 in irredundant size 3 clause[106] 11 38 -31
c LOG 0 watch -31 blit -24 in irredundant size 3 clause[107] -31 -24 -38
c LOG 0 watch -24 blit -31 in irredundant size 3 clause[107] -31 -24 -38
c LOG 0 watch -23 blit 5 in irredundant size 3 clause[108] -23 5 -8
c LOG 0 watch 5 blit -23 in irredundant size 3 clause[108] -23 5 -8
c LOG 0 watch 14 blit -50 in irredundant size 3 clause[109] 14 -50 -18
c LOG 0 watch -50 blit 14 in irredundant size 3 clause[109] 14 -50 -18
c LOG 0 watch -39 blit -48 in irredundant size 16 clause[110] -39 -48 -13 -11 -26 -19 -38 -8 21 44 -20 -28 7 -18 -45 -25
c LOG 0 watch -48 blit -39 in irredundant size 16 clause[110] -39 -48 -13 -11 -26 -19 -38 -8 21 44 -20 -28 7 -18 -45 -25
c LOG 0 watch -37 blit -12 in irredundant size 3 clause[111] -37 -12 -33
c LOG 0 watch -12 blit -37 in irredundant size 3 clause[111] -37 -12 -33
c LOG 0 watch -12 blit -51 in irredundant size 3 clause[112] -12 -51 40
c LOG 0 watch -51 blit -12 in irredundant size 3 clause[112] -12 -51 40
c LOG 0 watch 19 blit -20 in irredundant size 3 clause[113] 19 -20 -3
c LOG 0 watch -20 blit 19 in irredundant size 3 clause[113] 19 -20 -3
c LOG 0 watch -36 blit -26 in irredundant size 3 clause[114] -36 -26 43
c LOG 0 watch -26 blit -36 in irredundant size 3 clause[114] -36 -26 43
c LOG 0 watch -34 blit 5 in irredundant size 3 clause[115] -34 5 -10
c LOG 0 watch 5 blit -34 in irredundant size 3 clause[115] -34 5 -10
c LOG 0 watch 13 blit 25 in irredundant size 3 clause[116] 13 25 -10
c LOG 0 watch 25 blit 13 in irredundant size 3 clause[116] 13 25 -10
c LOG 0 watch -39 blit -42 in irredundant size 3 clause[117] -39 -42 17
c LOG 0 watch -42 blit -39 in irredundant size 3 clause[117] -39 -42 17
c LOG 0 watch -19 blit -12 in irredundant size 3 clause[118] -19 -12 34
c LOG 0 watch -12 blit -19 in irredundant size 3 clause[118] -19 -12 34
c LOG 0 watch -48 blit -35 in irredundant size 3 clause[119] -48 -35 18
c LOG 0 watch -35 blit -48 in irredundant size 3 clause[119] -48 -35 18
c LOG 0 watch 48 blit -3 in irredundant size 3 clause[120] 48 -3 10
c LOG 0 watch -3 blit 48 in irredundant size 3 clause[120] 48 -3 10
c LOG 0 watch 45 blit -48 in irredundant size 3 clause[121] 45 -48 33
c LOG 0 watch -48 blit 45 in irredundant size 3 clause[121] 45 -48 33
c LOG 0 watch -9 blit 44 in irredundant size 3 clause[122] -9 44 -8
c LOG 0 watch 44 blit -9 in irredundant size 3 clause[122] -9 44 -8
c LOG 0 watch 11 blit 47 in irredundant size 3 clause[123] 11 47 -33
c LOG 0 watch 47 blit 11 in irredundant size 3 clause[123] 11 47 -33
c LOG 0 watch -23 blit -31 in irredundant size 3 clause[124] -23 -31 -4
c LOG 0 watch -31 blit -23 in irredundant size 3 clause[124] -23 -31 -4
c LOG 0 watch -11 blit -2 in irredundant size 3 clause[125] -11 -2 -30
c LOG 0 watch -2 blit -11 in irredundant size 3 clause[125] -11 -2 -30
c LOG 0 watch -14 blit 30 in irredundant size 3 clause[126] -14 30 -40
c LOG 0 watch 30 blit -14 in irredundant size 3 clause[126] -14 30 -40
c LOG 0 watch 15 blit -50 in irredundant size 3 clause[127] 15 -50 -42
c LOG 0 watch -50 blit 15 in irredundant size 3 clause[127] 15 -50 -42
c LOG 0 watch -26 blit 48 in irredundant size 3 clause[128] -26 48 -10
c LOG 0 watch 48 blit -26 in irredundant size 3 clause[128] -26 48 -10
c LOG 0 watch 31 blit -14 in irredundant size 3 clause[129] 31 -14 18
c LOG 0 watch -14 blit 31 in irredundant size 3 clause[129] 31 -14 18
c LOG 0 watch -9 blit -19 in irredundant size 3 clause[130] -9 -19 16
c LOG 0 watch -19 blit -9 in irredundant size 3 clause[130] -9 -19 16
c LOG 0 watch 16 blit 15 in irredundant size 3 clause[131] 16 15 20
c LOG 0 watch 15 blit 16 in irredundant size 3 clause[131] 16 15 20
c LOG 0 watch 50 blit 35 in irredundant size 4 clause[132] 50 35 -4 -45
c LOG 0 watch 35 blit 50 in irredundant size 4 clause[132] 50 35 -4 -45
c LOG 0 watch 11 blit 1 in irredundant size 3 clause[133] 11 1 32
c LOG 0 watch 1 blit 11 in irredundant size 3 clause[133] 11 1 32
c LOG 0 watch 1 blit 40 in irredundant size 3 clause[134] 1 40 -2
c LOG 0 watch 40 blit 1 in irredundant size 3 clause[134] 1 40 -2
c LOG 0 watch 20 blit -43 in irredundant size 4 clause[135] 20 -43 -51 32
c LOG 0 watch -43 blit 20 in irredundant size 4 clause[135] 20 -43 -51 32
c LOG 0 watch -41 blit 25 in irredundant size 6 clause[136] -41 25 -8 -17 -22 -26
c LOG 0 watch 25 blit -41 in irredundant size 6 clause[136] -41 25 -8 -17 -22 -26
c LOG 0 watch 30 blit -38 in irredundant size 3 clause[137] 30 -38 -12
c LOG 0 watch -38 blit 30 in irredundant size 3 clause[137] 30 -38 -12
c LOG 0 watch 45 blit -38 in irredundant size 3 clause[139] 45 -38 17
c LOG 0 watch -38 blit 45 in irredundant size 3 clause[139] 45 -38 17
c LOG 0 watch 34 blit -16 in irredundant size 3 clause[140] 34 -16 -29
c LOG 0 watch -16 blit 34 in irredundant size 3 clause[140] 34 -16 -29
c LOG 0 watch 40 blit 30 in irredundant size 3 clause[141] 40 30 31
c LOG 0 watch 30 blit 40 in irredundant size 3 clause[141] 40 30 31
c LOG 0 watch 3 blit 35 in irredundant size 3 clause[142] 3 35 8
c LOG 0 watch 35 blit 3 in irredundant size 3 clause[142] 3 35 8
c LOG 0 watch 39 blit 7 in irredundant size 3 clause[143] 39 7 -19
c LOG 0 watch 7 blit 39 in irredundant size 3 clause[143] 39 7 -19
c LOG 0 watch -43 blit 3 in irredundant size 3 clause[144] -43 3 -12
c LOG 0 watch 3 blit -43 in irredundant size 3 clause[144] -43 3 -12
c LOG 0 watch -12 blit 51 in irredundant size 3 clause[145] -12 51 -5
c LOG 0 watch 51 blit -12 in irredundant size 3 clause[145] -12 51 -5
c LOG 0 watch 22 blit -30 in irredundant size 3 clause[146] 22 -30 38
c LOG 0 watch -30 blit 22 in irredundant size 3 clause[146] 22 -30 38
c LOG 0 watch -17 blit -37 in irredundant size 3 clause[147] -17 -37 28
c LOG 0 watch -37 blit -17 in irredundant size 3 clause[147] -17 -37 28
c LOG 0 watch -31 blit -24 in irredundant size 3 clause[148] -31 -24 -30
c LOG 0 watch -24 blit -31 in irredundant size 3 clause[148] -31 -24 -30
c LOG 0 watch 29 blit -45 in irredundant size 3 clause[149] 29 -45 8
c LOG 0 watch -45 blit 29 in irredundant size 3 clause[149] 29 -45 8
c LOG 0 watch -33 blit 16 in irredundant size 3 clause[150] -33 16 -13
c LOG 0 watch 16 blit -33 in irredundant size 3 clause[150] -33 16 -13
c LOG 0 watch 27 blit 1 in irredundant size 4 clause[151] 27 1 2 -16
c LOG 0 watch 1 blit 27 in irredundant size 4 clause[151] 27 1 2 -16
c LOG 0 watch 21 blit 23 in irredundant size 3 clause[152] 21 23 37
c LOG 0 watch 23 blit 21 in irredundant size 3 clause[152] 21 23 37
c LOG 0 watch 33 blit -20 in irredundant size 3 clause[153] 33 -20 32
c LOG 0 watch -20 blit 33 in irredundant size 3 clause[153] 33 -20 32
c LOG 0 watch -30 blit -48 in irredundant size 3 clause[154] -30 -48 -25
c LOG 0 watch -48 blit -30 in irredundant size 3 clause[154] -30 -48 -25
c LOG 0 watch -24 blit 16 in irredundant size 3 clause[155] -24 16 26
c LOG 0 watch 16 blit -24 in irredundant size 3 clause[155] -24 16 26
c LOG 0 watch -16 blit 4 in irredundant size 3 clause[156] -16 4 8
c LOG 0 watch 4 blit -16 in irredundant size 3 clause[156] -16 4 8
c LOG 0 watch 45 blit -13 in irredundant size 3 clause[157] 45 -13 6
c LOG 0 watch -13 blit 45 in irredundant size 3 clause[157] 45 -13 6
c LOG 0 watch 24 blit 22 in irredundant size 3 clause[158] 24 22 -8
c LOG 0 watch 22 blit 24 in irredundant size 3 clause[158] 24 22 -8
c LOG 0 watch -8 blit 14 in irredundant size 3 clause[159] -8 14 -33
c LOG 0 watch 14 blit -8 in irredundant size 3 clause[159] -8 14 -33
c LOG 0 watch 25 blit -11 in irredundant size 3 clause[160] 25 -11 -8
c LOG 0 watch -11 blit 25 in irredundant size 3 clause[160] 25 -11 -8
c LOG 0 watch -30 blit 43 in irredundant size 3 clause[161] -30 43 -40
c LOG 0 watch 43 blit -30 in irredundant size 3 clause[161] -30 43 -40
c LOG 0 watch -9 blit -43 in irredundant size 3 clause[162] -9 -43 -16
c LOG 0 watch -43 blit -9 in irredundant size 3 clause[162] -9 -43 -16
c LOG 0 watch 15 blit 44 in irredundant size 3 clause[163] 15 44 -16
c LOG 0 watch 44 blit 15 in irredundant size 3 clause[163] 15 44 -16
c LOG 0 watch 34 blit 45 in irredundant size 3 clause[164] 34 45 24
c LOG 0 watch 45 blit 34 in irredundant size 3 clause[164] 34 45 24
c LOG 0 watch 3 blit 31 in irredundant size 8 clause[165] 3 31 8 27 -23 14 -47 -17
c LOG 0 watch 31 blit 3 in irredundant size 8 clause[165] 3 31 8 27 -23 14 -47 -17
c LOG 0 watch -12 blit 20 in irredundant size 3 clause[166] -12 20 -25
c LOG 0 watch 20 blit -12 in irredundant size 3 clause[166] -12 20 -25
c LOG 0 watch 1 blit 2 in irredundant size 3 clause[167] 1 2 3
c LOG 0 watch 2 blit 1 in irredundant size 3 clause[167] 1 2 3
c LOG 0 watch 47 blit 48 in irredundant size 8 clause[168] 47 48 11 35 50 -31 -27 -5
c LOG 0 watch 48 blit 47 in irredundant size 8 clause[168] 47 48 11 35 50 -31 -27 -5
c LOG 0 watch 42 blit 37 in irredundant size 3 clause[169] 42 37 11
c LOG 0 watch 37 blit 42 in irredundant size 3 clause[169] 42 37 11
c LOG 0 watch -9 blit 43 in irredundant size 3 clause[170] -9 43 -40
c LOG 0 watch 43 blit -9 in irredundant size 3 clause[170] -9 43 -40
c LOG 0 watch 43 blit -41 in irredundant size 3 clause[171] 43 -41 -8
c LOG 0 watch -41 blit 43 in irredundant size 3 clause[171] 43 -41 -8
c LOG 0 watch 11 blit 36 in irredundant size 3 clause[172] 11 36 50
c LOG 0 watch 36 blit 11 in irredundant size 3 clause[172] 11 36 50
c LOG 0 watch 10 blit -34 in irredundant size 3 clause[173] 10 -34 -44
c LOG 0 watch -34 blit 10 in irredundant size 3 clause[173] 10 -34 -44
c LOG 0 watch 15 blit 21 in irredundant size 3 clause[174] 15 21 26
c LOG 0 watch 21 blit 15 in irredundant size 3 clause[174] 15 21 26
c LOG 0 watch -13 blit 15 in irredundant size 3 clause[175] -13 15 28
c LOG 0 watch 15 blit -13 in irredundant size 3 clause[175] -13 15 28
c LOG 0 watch -4 blit 32 in irredundant size 3 clause[176] -4 32 26
c LOG 0 watch 32 blit -4 in irredundant size 3 clause[176] -4 32 26
c LOG 0 watch 43 blit 3 in irredundant size 3 clause[177] 43 3 40
c LOG 0 watch 3 blit 43 in irredundant size 3 clause[177] 43 3 40
c LOG 0 watch -11 blit -12 in irredundant size 3 clause[178] -11 -12 4
c LOG 0 watch -12 blit -11 in irredundant size 3 clause[178] -11 -12 4
c LOG 0 watch -20 blit 31 in irredundant size 3 clause[179] -20 31 17
c LOG 0 watch 31 blit -20 in irredundant size 3 clause[179] -20 31 17
c LOG 0 watch 18 blit 4 in irredundant size 3 clause[180] 18 4 6
c LOG 0 watch 4 blit 18 in irredundant size 3 clause[180] 18 4 6
c LOG 0 watch 48 blit -14 in irredundant size 3 clause[181] 48 -14 -10
c LOG 0 watch -14 blit 48 in irredundant size 3 clause[181] 48 -14 -10
c LOG 0 watch 42 blit -11 in irredundant size 3 clause[182] 42 -11 -16
c LOG 0 watch -11 blit 42 in irredundant size 3 clause[182] 42 -11 -16
c LOG 0 watch 51 blit -35 in irredundant size 3 clause[183] 51 -35 -16
c LOG 0 watch -35 blit 51 in irredundant size 3 clause[183] 51 -35 -16
c LOG 0 watch -29 blit 4 in irredundant size 3 clause[184] -29 4 -45
c LOG 0 watch 4 blit -29 in irredundant size 3 clause[184] -29 4 -45
c LOG 0 watch -47 blit -50 in irredundant size 3 clause[185] -47 -50 36
c LOG 0 watch -50 blit -47 in irredundant size 3 clause[185] -47 -50 36
c LOG 0 watch 43 blit -30 in irredundant size 3 clause[186] 43 -30 26
c LOG 0 watch -30 blit 43 in irredundant size 3 clause[186] 43 -30 26
c LOG 0 watch -21 blit -26 in irredundant size 3 clause[187] -21 -26 -6
c LOG 0 watch -26 blit -21 in irredundant size 3 clause[187] -21 -26 -6
c LOG 0 watch 50 blit -34 in irredundant size 4 clause[188] 50 -34 23 -40
c LOG 0 watch -34 blit 50 in irredundant size 4 clause[188] 50 -34 23 -40
c LOG 0 watch 1 blit 30 in irredundant size 4 clause[189] 1 30 -25 -14
c LOG 0 watch 30 blit 1 in irredundant size 4 clause[189] 1 30 -25 -14
c LOG 0 watch 43 blit 21 in irredundant size 3 clause[190] 43 21 30
c LOG 0 watch 21 blit 43 in irredundant size 3 clause[190] 43 21 30
c LOG 0 watch 18 blit 47 in irredundant size 3 clause[191] 18 47 -35
c LOG 0 watch 47 blit 18 in irredundant size 3 clause[191] 18 47 -35
c LOG 0 watch 50 blit 7 in irredundant size 3 clause[192] 50 7 -27
c LOG 0 watch 7 blit 50 in irredundant size 3 clause[192] 50 7 -27
c LOG 0 watch -7 blit -28 in irredundant size 3 clause[193] -7 -28 14
c LOG 0 watch -28 blit -7 in irredundant size 3 clause[193] -7 -28 14
c LOG 0 watch -29 blit -33 in irredundant size 4 clause[194] -29 -33 -51 -41
c LOG 0 watch -33 blit -29 in irredundant size 4 clause[194] -29 -33 -51 -41
c LOG 0 watch -35 blit -44 in irredundant size 3 clause[195] -35 -44 17
c LOG 0 watch -44 blit -35 in irredundant size 3 clause[195] -35 -44 17
c LOG 0 watch 47 blit -5 in irredundant size 3 clause[196] 47 -5 -45
c LOG 0 watch -5 blit 47 in irredundant size 3 clause[196] 47 -5 -45
c LOG 0 watch -42 blit -22 in irredundant size 3 clause[197] -42 -22 25
c LOG 0 watch -22 blit -42 in irredundant size 3 clause[197] -42 -22 25
c LOG 0 watch 21 blit 47 in irredundant size 4 clause[198] 21 47 25 9
c LOG 0 watch 47 blit 21 in irredundant size 4 clause[198] 21 47 25 9
c LOG 0 watch 50 blit 16 in irredundant size 3 clause[199] 50 16 -37
c LOG 0 watch 16 blit 50 in irredundant size 3 clause[199] 50 16 -37
c LOG 0 watch 1 blit -28 in irredundant size 3 clause[200] 1 -28 36
c LOG 0 watch -28 blit 1 in irredundant size 3 clause[200] 1 -28 36
c LOG 0 watch -32 blit 40 in irredundant size 3 clause[201] -32 40 -36
c LOG 0 watch 40 blit -32 in irredundant size 3 clause[201] -32 40 -36
c LOG 0 watch -42 blit -35 in irredundant size 3 clause[202] -42 -35 4
c LOG 0 watch -35 blit -42 in irredundant size 3 clause[202] -42 -35 4
c LOG 0 watch 32 blit 34 in irredundant size 3 clause[203] 32 34 26
c LOG 0 watch 34 blit 32 in irredundant size 3 clause[203] 32 34 26
c LOG 0 watch -19 blit 14 in irredundant size 3 clause[204] -19 14 -10
c LOG 0 watch 14 blit -19 in irredundant size 3 clause[204] -19 14 -10
c LOG 0 watch -13 blit 28 in glue 5 redundant size 6 clause[205] -13 28 -15 26 17 6
c LOG 0 watch 28 blit -13 in glue 5 redundant size 6 clause[205] -13 28 -15 26 17 6
c LOG 0 watch -31 blit -13 in irredundant size 3 clause[207] -31 -13 44
c LOG 0 watch -13 blit -31 in irredundant size 3 clause[207] -31 -13 44
c LOG 0 watch 32 blit 26 in irredundant size 3 clause[208] 32 26 27
c LOG 0 watch 26 blit 32 in irredundant size 3 clause[208] 32 26 27
c LOG 0 watch -3 blit 49 in irredundant size 14 clause[209] -3 49 -50 -28 34 41 -26 52 -13 -46 35 -53 -14 5
c LOG 0 watch 49 blit -3 in irredundant size 14 clause[209] -3 49 -50 -28 34 41 -26 52 -13 -46 35 -53 -14 5
c LOG 0 watch -46 blit -44 in irredundant size 3 clause[210] -46 -44 53
c LOG 0 watch -44 blit -46 in irredundant size 3 clause[210] -46 -44 53
c LOG 0 watch -46 blit 21 in irredundant size 3 clause[211] -46 21 -23
c LOG 0 watch 21 blit -46 in irredundant size 3 clause[211] -46 21 -23
c LOG 0 watch 42 blit 37 in irredundant size 3 clause[212] 42 37 5
c LOG 0 watch 37 blit 42 in irredundant size 3 clause[212] 42 37 5
c LOG 0 watch -44 blit -36 in irredundant size 3 clause[213] -44 -36 3
c LOG 0 watch -36 blit -44 in irredundant size 3 clause[213] -44 -36 3
c LOG 0 watch 54 blit 34 in irredundant size 3 clause[214] 54 34 35
c LOG 0 watch 34 blit 54 in irredundant size 3 clause[214] 54 34 35
c LOG 0 watch 47 blit -14 in irredundant size 3 clause[215] 47 -14 -21
c LOG 0 watch -14 blit 47 in irredundant size 3 clause[215] 47 -14 -21
c LOG 0 watch -30 blit -10 in irredundant size 3 clause[216] -30 -10 -18
c LOG 0 watch -10 blit -30 in irredundant size 3 clause[216] -30 -10 -18
c LOG 0 watch -26 blit 27 in irredundant size 3 clause[217] -26 27 -15
c LOG 0 watch 27 blit -26 in irredundant size 3 clause[217] -26 27 -15
c LOG 0 watch -44 blit 23 in irredundant size 3 clause[218] -44 23 -21
c LOG 0 watch 23 blit -44 in irredundant size 3 clause[218] -44 23 -21
c LOG 0 watch 24 blit -23 in irredundant size 3 clause[219] 24 -23 -27
c LOG 0 watch -23 blit 24 in irredundant size 3 clause[219] 24 -23 -27
c LOG 0 watch -56 blit -5 in irredundant size 3 clause[220] -56 -5 22
c LOG 0 watch -5 blit -56 in irredundant size 3 clause[220] -56 -5 22
c LOG 0 watch -49 blit 24 in irredundant size 3 clause[221] -49 24 -15
c LOG 0 watch 24 blit -49 in irredundant size 3 clause[221] -49 24 -15
c LOG 0 watch -10 blit 57 in irredundant size 3 clause[222] -10 57 -41
c LOG 0 watch 57 blit -10 in irredundant size 3 clause[222] -10 57 -41
c LOG 0 watch 46 blit 44 in irredundant size 3 clause[223] 46 44 -36
c LOG 0 watch 44 blit 46 in irredundant size 3 clause[223] 46 44 -36
c LOG 0 watch 18 blit 21 in irredundant size 3 clause[224] 18 21 -36
c LOG 0 watch 21 blit 18 in irredundant size 3 clause[224] 18 21 -36
c LOG 0 watch -47 blit -30 in irredundant size 3 clause[225] -47 -30 27
c LOG 0 watch -30 blit -47 in irredundant size 3 clause[225] -47 -30 27
c LOG 0 watch -26 blit 2 in irredundant size 3 clause[226] -26 2 24
c LOG 0 watch 2 blit -26 in irredundant size 3 clause[226] -26 2 24
c LOG 0 watch -51 blit -58 in irredundant size 8 clause[227] -51 -58 -26 44 49 23 -15 -10
c LOG 0 watch -58 blit -51 in irredundant size 8 clause[227] -51 -58 -26 44 49 23 -15 -10
c LOG 0 watch -25 blit 32 in irredundant size 3 clause[228] -25 32 56
c LOG 0 watch 32 blit -25 in irredundant size 3 clause[228] -25 32 56
c LOG 0 watch -44 blit -53 in irredundant size 3 clause[229] -44 -53 58
c LOG 0 watch -53 blit -44 in irredundant size 3 clause[229] -44 -53 58
c LOG 0 watch 31 blit 22 in irredundant size 3 clause[230] 31 22 -37
c LOG 0 watch 22 blit 31 in irredundant size 3 clause[230] 31 22 -37
c LOG 0 watch 53 blit -41 in irredundant size 3 clause[231] 53 -41 51
c LOG 0 watch -41 blit 53 in irredundant size 3 clause[231] 53 -41 51
c LOG 0 watch 46 blit -45 in irredundant size 3 clause[232] 46 -45 -53
c LOG 0 watch -45 blit 46 in irredundant size 3 clause[232] 46 -45 -53
c LOG 0 watch 8 blit -56 in irredundant size 3 clause[233] 8 -56 49
c LOG 0 watch -56 blit 8 in irredundant size 3 clause[233] 8 -56 49
c LOG 0 watch 58 blit 59 in irredundant size 3 clause[234] 58 59 60
c LOG 0 watch 59 blit 58 in irredundant size 3 clause[234] 58 59 60
c LOG 0 watch 3 blit 47 in irredundant size 3 clause[235] 3 47 37
c LOG 0 watch 47 blit 3 in irredundant size 3 clause[235] 3 47 37
c LOG 0 watch -57 blit 25 in irredundant size 3 clause[236] -57 25 3
c LOG 0 watch 25 blit -57 in irredundant size 3 clause[236] -57 25 3
c LOG 0 watch 42 blit -47 in irredundant size 3 clause[237] 42 -47 -56
c LOG 0 watch -47 blit 42 in irredundant size 3 clause[237] 42 -47 -56
c LOG 0 watch -51 blit -31 in irredundant size 3 clause[238] -51 -31 -3
c LOG 0 watch -31 blit -51 in irredundant size 3 clause[238] -51 -31 -3
c LOG 0 watch 53 blit -13 in irredundant size 3 clause[239] 53 -13 -45
c LOG 0 watch -13 blit 53 in irredundant size 3 clause[239] 53 -13 -45
c LOG 0 watch -59 blit 49 in irredundant size 3 clause[240] -59 49 -13
c LOG 0 watch 49 blit -59 in irredundant size 3 clause[240] -59 49 -13
c LOG 0 watch 14 blit -34 in irredundant size 18 clause[241] 14 -34 -58 -13 15 -54 57 22 -18 50 -44 -1 9 -41 -45 27 -59 38
c LOG 0 watch -34 blit 14 in irredundant size 18 clause[241] 14 -34 -58 -13 15 -54 57 22 -18 50 -44 -1 9 -41 -45 27 -59 38
c LOG 0 watch -28 blit -8 in irredundant size 3 clause[242] -28 -8 1
c LOG 0 watch -8 blit -28 in irredundant size 3 clause[242] -28 -8 1
c LOG 0 watch 38 blit 23 in irredundant size 3 clause[243] 38 23 -35
c LOG 0 watch 23 blit 38 in irredundant size 3 clause[243] 38 23 -35
c LOG 0 watch -51 blit 49 in irredundant size 3 clause[244] -51 49 46
c LOG 0 watch 49 blit -51 in irredundant size 3 clause[244] -51 49 46
c LOG 0 watch -38 blit 56 in irredundant size 3 clause[245] -38 56 -58
c LOG 0 watch 56 blit -38 in irredundant size 3 clause[245] -38 56 -58
c LOG 0 watch -21 blit 27 in irredundant size 3 clause[246] -21 27 -24
c LOG 0 watch 27 blit -21 in irredundant size 3 clause[246] -21 27 -24
c LOG 0 watch -18 blit -21 in irredundant size 3 clause[247] -18 -21 -47
c LOG 0 watch -21 blit -18 in irredundant size 3 clause[247] -18 -21 -47
c LOG 0 watch -10 blit -38 in irredundant size 3 clause[248] -10 -38 -8
c LOG 0 watch -38 blit -10 in irredundant size 3 clause[248] -10 -38 -8
c LOG 0 watch 5 blit -26 in irredundant size 3 clause[249] 5 -26 -52
c LOG 0 watch -26 blit 5 in irredundant size 3 clause[249] 5 -26 -52
c LOG 0 watch -3 blit 31 in irredundant size 3 clause[250] -3 31 26
c LOG 0 watch 31 blit -3 in irredundant size 3 clause[250] -3 31 26
c LOG 0 watch 58 blit 28 in irredundant size 3 clause[251] 58 28 2
c LOG 0 watch 28 blit 58 in irredundant size 3 clause[251] 58 28 2
c LOG 0 watch 60 blit -35 in irredundant size 3 clause[252] 60 -35 36
c LOG 0 watch -35 blit 60 in irredundant size 3 clause[252] 60 -35 36
c LOG 0 watch 31 blit 34 in irredundant size 3 clause[253] 31 34 -52
c LOG 0 watch 34 blit 31 in irredundant size 3 clause[253] 31 34 -52
c LOG 0 watch 51 blit -2 in irredundant size 3 clause[254] 51 -2 10
c LOG 0 watch -2 blit 51 in irredundant size 3 clause[254] 51 -2 10
c LOG 0 watch 36 blit -28 in irredundant size 19 clause[255] 36 -28 -24 10 52 -37 -9 -32 -58 -5 -44 22 15 -60 -40 47 18 -53 41
c LOG 0 watch -28 blit 36 in irredundant size 19 clause[255] 36 -28 -24 10 52 -37 -9 -32 -58 -5 -44 22 15 -60 -40 47 18 -53 41
c LOG 0 watch 51 blit -18 in irredundant size 3 clause[256] 51 -18 -57
c LOG 0 watch -18 blit 51 in irredundant size 3 clause[256] 51 -18 -57
c LOG 0 watch 60 blit 45 in irredundant size 3 clause[257] 60 45 -23
c LOG 0 watch 45 blit 60 in irredundant size 3 clause[257] 60 45 -23
c LOG 0 watch -60 blit 18 in irredundant size 3 clause[258] -60 18 40
c LOG 0 watch 18 blit -60 in irredundant size 3 clause[258] -60 18 40
c LOG 0 watch 59 blit 5 in irredundant size 3 clause[259] 59 5 50
c LOG 0 watch 5 blit 59 in irredundant size 3 clause[259] 59 5 50
c LOG 0 watch 2 blit -18 in irredundant size 3 clause[260] 2 -18 40
c LOG 0 watch -18 blit 2 in irredundant size 3 clause[260] 2 -18 40
c LOG 0 watch -47 blit -58 in irredundant size 3 clause[261] -47 -58 13
c LOG 0 watch -58 blit -47 in irredundant size 3 clause[261] -47 -58 13
c LOG 0 watch -23 blit -26 in irredundant size 3 clause[262] -23 -26 -44
c LOG 0 watch -26 blit -23 in irredundant size 3 clause[262] -23 -26 -44
c LOG 0 watch -9 blit -51 in irredundant size 14 clause[263] -9 -51 35 23 -30 44 -62 -59 56 -26 -52 27 -1 10
c LOG 0 watch -51 blit -9 in irredundant size 14 clause[263] -9 -51 35 23 -30 44 -62 -59 56 -26 -52 27 -1 10
c LOG 0 watch 1 blit -34 in irredundant size 3 clause[264] 1 -34 51
c LOG 0 watch -34 blit 1 in irredundant size 3 clause[264] 1 -34 51
c LOG 0 watch -60 blit -44 in irredundant size 3 clause[265] -60 -44 -51
c LOG 0 watch -44 blit -60 in irredundant size 3 clause[265] -60 -44 -51
c LOG 0 watch -8 blit -62 in irredundant size 3 clause[266] -8 -62 -35
c LOG 0 watch -62 blit -8 in irredundant size 3 clause[266] -8 -62 -35
c LOG 0 watch 13 blit 18 in irredundant size 3 clause[267] 13 18 -14
c LOG 0 watch 18 blit 13 in irredundant size 3 clause[267] 13 18 -14
c LOG 0 watch -37 blit 10 in irredundant size 3 clause[268] -37 10 54
c LOG 0 watch 10 blit -37 in irredundant size 3 clause[268] -37 10 54
c LOG 0 watch 13 blit 2 in irredundant size 3 clause[269] 13 2 52
c LOG 0 watch 2 blit 13 in irredundant size 3 clause[269] 13 2 52
c LOG 0 watch 62 blit 37 in irredundant size 4 clause[270] 62 37 -45 36
c LOG 0 watch 37 blit 62 in irredundant size 4 clause[270] 62 37 -45 36
c LOG 0 watch -37 blit -18 in irredundant size 3 clause[271] -37 -18 30
c LOG 0 watch -18 blit -37 in irredundant size 3 clause[271] -37 -18 30
c LOG 0 watch -44 blit 36 in irredundant size 3 clause[272] -44 36 -13
c LOG 0 watch 36 blit -44 in irredundant size 3 clause[272] -44 36 -13
c LOG 0 watch 18 blit 59 in irredundant size 3 clause[273] 18 59 -2
c LOG 0 watch 59 blit 18 in irredundant size 3 clause[273] 18 59 -2
c LOG 0 watch 13 blit 56 in irredundant size 3 clause[274] 13 56 36
c LOG 0 watch 56 blit 13 in irredundant size 3 clause[274] 13 56 36
c LOG 0 watch 31 blit 35 in irredundant size 3 clause[275] 31 35 8
c LOG 0 watch 35 blit 31 in irredundant size 3 clause[275] 31 35 8
c LOG 0 watch 22 blit 46 in irredundant size 3 clause[276] 22 46 -23
c LOG 0 watch 46 blit 22 in irredundant size 3 clause[276] 22 46 -23
c LOG 0 watch 35 blit 3 in irredundant size 3 clause[277] 35 3 -50
c LOG 0 watch 3 blit 35 in irredundant size 3 clause[277] 35 3 -50
c LOG 0 watch 37 blit -59 in irredundant size 15 clause[278] 37 -59 31 5 -40 2 18 -56 -27 51 13 21 -22 32 -60
c LOG 0 watch -59 blit 37 in irredundant size 15 clause[278] 37 -59 31 5 -40 2 18 -56 -27 51 13 21 -22 32 -60
c LOG 0 watch 21 blit -42 in irredundant size 7 clause[279] 21 -42 53 -56 45 -50 31
c LOG 0 watch -42 blit 21 in irredundant size 7 clause[279] 21 -42 53 -56 45 -50 31
c LOG 0 watch -27 blit 47 in irredundant size 3 clause[280] -27 47 -21
c LOG 0 watch 47 blit -27 in irredundant size 3 clause[280] -27 47 -21
c LOG 0 watch 38 blit 46 in irredundant size 3 clause[281] 38 46 -30
c LOG 0 watch 46 blit 38 in irredundant size 3 clause[281] 38 46 -30
c LOG 0 watch 26 blit -9 in irredundant size 3 clause[282] 26 -9 -1
c LOG 0 watch -9 blit 26 in irredundant size 3 clause[282] 26 -9 -1
c LOG 0 watch 54 blit -34 in irredundant size 3 clause[283] 54 -34 23
c LOG 0 watch -34 blit 54 in irredundant size 3 clause[283] 54 -34 23
c LOG 0 watch 22 blit 47 in irredundant size 3 clause[284] 22 47 38
c LOG 0 watch 47 blit 22 in irredundant size 3 clause[284] 22 47 38
c LOG 0 watch -14 blit -34 in irredundant size 3 clause[285] -14 -34 -18
c LOG 0 watch -34 blit -14 in irredundant size 3 clause[285] -14 -34 -18
c LOG 0 watch 59 blit 58 in irredundant size 3 clause[286] 59 58 56
c LOG 0 watch 58 blit 59 in irredundant size 3 clause[286] 59 58 56
c LOG 0 watch 21 blit 18 in irredundant size 3 clause[287] 21 18 -27
c LOG 0 watch 18 blit 21 in irredundant size 3 clause[287] 21 18 -27
c LOG 0 watch 38 blit 52 in irredundant size 3 clause[288] 38 52 -30
c LOG 0 watch 52 blit 38 in irredundant size 3 clause[288] 38 52 -30
c LOG 0 watch 54 blit 10 in irredundant size 4 clause[289] 54 10 -37 -21
c LOG 0 watch 10 blit 54 in irredundant size 4 clause[289] 54 10 -37 -21
c LOG 0 watch 28 blit -59 in irredundant size 3 clause[290] 28 -59 42
c LOG 0 watch -59 blit 28 in irredundant size 3 clause[290] 28 -59 42
c LOG 0 watch -14 blit 45 in irredundant size 3 clause[291] -14 45 -13
c LOG 0 watch 45 blit -14 in irredundant size 3 clause[291] -14 45 -13
c LOG 0 watch 51 blit -13 in irredundant size 3 clause[292] 51 -13 -41
c LOG 0 watch -13 blit 51 in irredundant size 3 clause[292] 51 -13 -41
c LOG 0 watch 54 blit 28 in irredundant size 3 clause[293] 54 28 34
c LOG 0 watch 28 blit 54 in irredundant size 3 clause[293] 54 28 34
c LOG 0 watch 30 blit -10 in irredundant size 3 clause[294] 30 -10 -5
c LOG 0 watch -10 blit 30 in irredundant size 3 clause[294] 30 -10 -5
c LOG 0 watch 8 blit -31 in irredundant size 3 clause[295] 8 -31 22
c LOG 0 watch -31 blit 8 in irredundant size 3 clause[295] 8 -31 22
c LOG 0 watch -9 blit -44 in irredundant size 3 clause[296] -9 -44 3
c LOG 0 watch -44 blit -9 in irredundant size 3 clause[296] -9 -44 3
c LOG 0 watch -41 blit -24 in irredundant size 3 clause[297] -41 -24 -54
c LOG 0 watch -24 blit -41 in irredundant size 3 clause[297] -41 -24 -54
c LOG 0 watch 42 blit 22 in irredundant size 8 clause[298] 42 22 -1 -14 -44 -60 3 -8
c LOG 0 watch 22 blit 42 in irredundant size 8 clause[298] 42 22 -1 -14 -44 -60 3 -8
c LOG 0 watch 23 blit 22 in irredundant size 4 clause[299] 23 22 -14 13
c LOG 0 watch 22 blit 23 in irredundant size 4 clause[299] 23 22 -14 13
c LOG 0 watch 24 blit 1 in irredundant size 3 clause[300] 24 1 13
c LOG 0 watch 1 blit 24 in irredundant size 3 clause[300] 24 1 13
c LOG 0 watch 21 blit 10 in irredundant size 4 clause[301] 21 10 -51 -31
c LOG 0 watch 10 blit 21 in irredundant size 4 clause[301] 21 10 -51 -31
c LOG 0 watch 25 blit -54 in irredundant size 3 clause[302] 25 -54 -60
c LOG 0 watch -54 blit 25 in irredundant size 3 clause[302] 25 -54 -60
c LOG 0 watch -42 blit 2 in irredundant size 3 clause[303] -42 2 34
c LOG 0 watch 2 blit -42 in irredundant size 3 clause[303] -42 2 34
c LOG 0 watch 62 blit -51 in irredundant size 3 clause[304] 62 -51 -25
c LOG 0 watch -51 blit 62 in irredundant size 3 clause[304] 62 -51 -25
c LOG 0 watch 1 blit 34 in irredundant size 3 clause[305] 1 34 -9
c LOG 0 watch 34 blit 1 in irredundant size 3 clause[305] 1 34 -9
c LOG 0 watch 45 blit 60 in irredundant size 3 clause[306] 45 60 -2
c LOG 0 watch 60 blit 45 in irredundant size 3 clause[306] 45 60 -2
c LOG 0 watch -1 blit -24 in irredundant size 3 clause[307] -1 -24 5
c LOG 0 watch -24 blit -1 in irredundant size 3 clause[307] -1 -24 5
c LOG 0 watch -38 blit -34 in irredundant size 3 clause[308] -38 -34 54
c LOG 0 watch -34 blit -38 in irredundant size 3 clause[308] -38 -34 54
c LOG 0 watch -22 blit 45 in irredundant size 3 clause[309] -22 45 38
c LOG 0 watch 45 blit -22 in irredundant size 3 clause[309] -22 45 38
c LOG 0 watch 46 blit -41 in irredundant size 3 clause[310] 46 -41 10
c LOG 0 watch -41 blit 46 in irredundant size 3 clause[310] 46 -41 10
c LOG 0 watch -45 blit 27 in irredundant size 4 clause[311] -45 27 38 -52
c LOG 0 watch 27 blit -45 in irredundant size 4 clause[311] -45 27 38 -52
c LOG 0 watch 51 blit 44 in irredundant size 20 clause[312] 51 44 -46 -25 -35 -34 -26 -42 10 -21 9 -56 15 58 -3 -18 -22 -54 24 -50
c LOG 0 watch 44 blit 51 in irredundant size 20 clause[312] 51 44 -46 -25 -35 -34 -26 -42 10 -21 9 -56 15 58 -3 -18 -22 -54 24 -50
c LOG 0 watch -2 blit -30 in irredundant size 14 clause[313] -2 -30 -57 -23 52 -41 -50 18 58 21 -9 -51 36 49
c LOG 0 watch -30 blit -2 in irredundant size 14 clause[313] -2 -30 -57 -23 52 -41 -50 18 58 21 -9 -51 36 49
c LOG 0 watch 35 blit 24 in irredundant size 3 clause[314] 35 24 53
c LOG 0 watch 24 blit 35 in irredundant size 3 clause[314] 35 24 53
c LOG 0 watch -54 blit 24 in irredundant size 3 clause[315] -54 24 -53
c LOG 0 watch 24 blit -54 in irredundant size 3 clause[315] -54 24 -53
c LOG 0 watch 3 blit 40 in irredundant size 3 clause[316] 3 40 -47
c LOG 0 watch 40 blit 3 in irredundant size 3 clause[316] 3 40 -47
c LOG 0 watch -8 blit 54 in irredundant size 3 clause[317] -8 54 -34
c LOG 0 watch 54 blit -8 in irredundant size 3 clause[317] -8 54 -34
c LOG 0 watch 3 blit 8 in irredundant size 3 clause[318] 3 8 -38
c LOG 0 watch 8 blit 3 in irredundant size 3 clause[318] 3 8 -38
c LOG 0 watch -24 blit -59 in irredundant size 3 clause[319] -24 -59 53
c LOG 0 watch -59 blit -24 in irredundant size 3 clause[319] -24 -59 53
c LOG 0 watch 45 blit 27 in irredundant size 3 clause[320] 45 27 54
c LOG 0 watch 27 blit 45 in irredundant size 3 clause[320] 45 27 54
c LOG 0 watch -45 blit 62 in irredundant size 3 clause[321] -45 62 21
c LOG 0 watch 62 blit -45 in irredundant size 3 clause[321] -45 62 21
c LOG 0 watch -45 blit 25 in irredundant size 3 clause[322] -45 25 27
c LOG 0 watch 25 blit -45 in irredundant size 3 clause[322] -45 25 27
c LOG 0 watch -35 blit 8 in irredundant size 16 clause[323] -35 8 -15 -38 47 -41 58 1 3 21 32 -25 14 5 54 51
c LOG 0 watch 8 blit -35 in irredundant size 16 clause[323] -35 8 -15 -38 47 -41 58 1 3 21 32 -25 14 5 54 51
c LOG 0 watch -62 blit 13 in irredundant size 3 clause[324] -62 13 -18
c LOG 0 watch 13 blit -62 in irredundant size 3 clause[324] -62 13 -18
c LOG 0 watch 31 blit -40 in irredundant size 3 clause[325] 31 -40 27
c LOG 0 watch -40 blit 31 in irredundant size 3 clause[325] 31 -40 27
c LOG 0 watch 42 blit 30 in irredundant size 3 clause[327] 42 30 13
c LOG 0 watch 30 blit 42 in irredundant size 3 clause[327] 42 30 13
c LOG 0 watch -52 blit 13 in irredundant size 3 clause[328] -52 13 18
c LOG 0 watch 13 blit -52 in irredundant size 3 clause[328] -52 13 18
c LOG 0 watch -5 blit -56 in irredundant size 3 clause[329] -5 -56 44
c LOG 0 watch -56 blit -5 in irredundant size 3 clause[329] -5 -56 44
c LOG 0 watch -25 blit 36 in irredundant size 3 clause[330] -25 36 -54
c LOG 0 watch 36 blit -25 in irredundant size 3 clause[330] -25 36 -54
c LOG 0 watch 36 blit -34 in irredundant size 3 clause[331] 36 -34 -5
c LOG 0 watch -34 blit 36 in irredundant size 3 clause[331] 36 -34 -5
c LOG 0 watch -37 blit -34 in irredundant size 3 clause[332] -37 -34 42
c LOG 0 watch -34 blit -37 in irredundant size 3 clause[332] -37 -34 42
c LOG 0 watch -13 blit 31 in irredundant size 3 clause[333] -13 31 57
c LOG 0 watch 31 blit -13 in irredundant size 3 clause[333] -13 31 57
c LOG 0 watch 45 blit 24 in irredundant size 20 clause[334] 45 24 5 -10 -22 -3 -57 51 -14 -21 2 54 -27 -9 -15 49 -8 44 -23 -47
c LOG 0 watch 24 blit 45 in irredundant size 20 clause[334] 45 24 5 -10 -22 -3 -57 51 -14 -21 2 54 -27 -9 -15 49 -8 44 -23 -47
c LOG 0 watch 8 blit 51 in irredundant size 3 clause[335] 8 51 -31
c LOG 0 watch 51 blit 8 in irredundant size 3 clause[335] 8 51 -31
c LOG 0 watch 9 blit 52 in irredundant size 3 clause[336] 9 52 8
c LOG 0 watch 52 blit 9 in irredundant size 3 clause[336] 9 52 8
c LOG 0 watch 58 blit -21 in irredundant size 3 clause[337] 58 -21 14
c LOG 0 watch -21 blit 58 in irredundant size 3 clause[337] 58 -21 14
c LOG 0 watch 56 blit -24 in irredundant size 3 clause[338] 56 -24 -14
c LOG 0 watch -24 blit 56 in irredundant size 3 clause[338] 56 -24 -14
c LOG 0 watch 37 blit -41 in irredundant size 3 clause[339] 37 -41 26
c LOG 0 watch -41 blit 37 in irredundant size 3 clause[339] 37 -41 26
c LOG 0 watch 54 blit -35 in irredundant size 3 clause[340] 54 -35 -53
c LOG 0 watch -35 blit 54 in irredundant size 3 clause[340] 54 -35 -53
c LOG 0 watch 57 blit -50 in irredundant size 3 clause[341] 57 -50 28
c LOG 0 watch -50 blit 57 in irredundant size 3 clause[341] 57 -50 28
c LOG 0 watch 41 blit -32 in irredundant size 3 clause[342] 41 -32 42
c LOG 0 watch -32 blit 41 in irredundant size 3 clause[342] 41 -32 42
c LOG 0 watch -14 blit 56 in irredundant size 14 clause[343] -14 56 26 -57 40 31 62 -42 3 -44 30 49 24 60
c LOG 0 watch 56 blit -14 in irredundant size 14 clause[343] -14 56 26 -57 40 31 62 -42 3 -44 30 49 24 60
c LOG 0 watch 47 blit 37 in irredundant size 3 clause[344] 47 37 -14
c LOG 0 watch 37 blit 47 in irredundant size 3 clause[344] 47 37 -14
c LOG 0 watch 57 blit -59 in irredundant size 3 clause[345] 57 -59 9
c LOG 0 watch -59 blit 57 in irredundant size 3 clause[345] 57 -59 9
c LOG 0 watch -2 blit 49 in irredundant size 3 clause[346] -2 49 13
c LOG 0 watch 49 blit -2 in irredundant size 3 clause[346] -2 49 13
c LOG 0 watch 24 blit 30 in irredundant size 3 clause[347] 24 30 47
c LOG 0 watch 30 blit 24 in irredundant size 3 clause[347] 24 30 47
c LOG 0 watch -54 blit 49 in irredundant size 3 clause[348] -54 49 37
c LOG 0 watch 49 blit -54 in irredundant size 3 clause[348] -54 49 37
c LOG 0 watch -45 blit -59 in irredundant size 3 clause[349] -45 -59 -8
c LOG 0 watch -59 blit -45 in irredundant size 3 clause[349] -45 -59 -8
c LOG 0 watch 22 blit 42 in irredundant size 3 clause[350] 22 42 -3
c LOG 0 watch 42 blit 22 in irredundant size 3 clause[350] 22 42 -3
c LOG 0 watch 8 blit -37 in irredundant size 3 clause[351] 8 -37 -28
c LOG 0 watch -37 blit 8 in irredundant size 3 clause[351] 8 -37 -28
c LOG 0 watch 53 blit -18 in irredundant size 3 clause[352] 53 -18 -10
c LOG 0 watch -18 blit 53 in irredundant size 3 clause[352] 53 -18 -10
c LOG 0 watch 35 blit 5 in irredundant size 3 clause[353] 35 5 54
c LOG 0 watch 5 blit 35 in irredundant size 3 clause[353] 35 5 54
c LOG 0 watch -27 blit 45 in irredundant size 3 clause[354] -27 45 25
c LOG 0 watch 45 blit -27 in irredundant size 3 clause[354] -27 45 25
c LOG 0 watch 22 blit -32 in irredundant size 3 clause[355] 22 -32 -21
c LOG 0 watch -32 blit 22 in irredundant size 3 clause[355] 22 -32 -21
c LOG 0 watch -3 blit 21 in irredundant size 3 clause[356] -3 21 58
c LOG 0 watch 21 blit -3 in irredundant size 3 clause[356] -3 21 58
c LOG 0 watch -2 blit -36 in irredundant size 3 clause[357] -2 -36 49
c LOG 0 watch -36 blit -2 in irredundant size 3 clause[357] -2 -36 49
c LOG 0 watch -40 blit 41 in irredundant size 3 clause[358] -40 41 3
c LOG 0 watch 41 blit -40 in irredundant size 3 clause[358] -40 41 3
c LOG 0 watch 56 blit 28 in irredundant size 3 clause[359] 56 28 -26
c LOG 0 watch 28 blit 56 in irredundant size 3 clause[359] 56 28 -26
c LOG 0 watch 60 blit 35 in irredundant size 3 clause[360] 60 35 1
c LOG 0 watch 35 blit 60 in irredundant size 3 clause[360] 60 35 1
c LOG 0 watch -5 blit 37 in irredundant size 3 clause[361] -5 37 50
c LOG 0 watch 37 blit -5 in irredundant size 3 clause[361] -5 37 50
c LOG 0 watch 14 blit -34 in irredundant size 3 clause[362] 14 -34 35
c LOG 0 watch -34 blit 14 in irredundant size 3 clause[362] 14 -34 35
c LOG 0 watch -25 blit 57 in irredundant size 3 clause[363] -25 57 -31
c LOG 0 watch 57 blit -25 in irredundant size 3 clause[363] -25 57 -31
c LOG 0 watch 9 blit -35 in irredundant size 3 clause[364] 9 -35 -31
c LOG 0 watch -35 blit 9 in irredundant size 3 clause[364] 9 -35 -31
c LOG 0 watch -40 blit 47 in irredundant size 3 clause[365] -40 47 -34
c LOG 0 watch 47 blit -40 in irredundant size 3 clause[365] -40 47 -34
c LOG 0 watch 8 blit 18 in irredundant size 3 clause[366] 8 18 23
c LOG 0 watch 18 blit 8 in irredundant size 3 clause[366] 8 18 23
c LOG 0 watch 59 blit -45 in irredundant size 3 clause[367] 59 -45 26
c LOG 0 watch -45 blit 59 in irredundant size 3 clause[367] 59 -45 26
c LOG 0 watch -51 blit -30 in irredundant size 3 clause[368] -51 -30 34
c LOG 0 watch -30 blit -51 in irredundant size 3 clause[368] -51 -30 34
c LOG 0 watch 34 blit 18 in irredundant size 3 clause[369] 34 18 30
c LOG 0 watch 18 blit 34 in irredundant size 3 clause[369] 34 18 30
c LOG 0 watch 57 blit 21 in irredundant size 3 clause[370] 57 21 3
c LOG 0 watch 21 blit 57 in irredundant size 3 clause[370] 57 21 3
c LOG 0 watch 8 blit -10 in irredundant size 3 clause[371] 8 -10 3
c LOG 0 watch -10 blit 8 in irredundant size 3 clause[371] 8 -10 3
c LOG 0 watch -5 blit 51 in irredundant size 20 clause[372] -5 51 -52 -53 -2 -21 -14 58 32 -10 35 -62 26 -23 -57 50 -28 41 -18 34
c LOG 0 watch 51 blit -5 in irredundant size 20 clause[372] -5 51 -52 -53 -2 -21 -14 58 32 -10 35 -62 26 -23 -57 50 -28 41 -18 34
c LOG 0 watch -53 blit -30 in irredundant size 3 clause[373] -53 -30 -35
c LOG 0 watch -30 blit -53 in irredundant size 3 clause[373] -53 -30 -35
c LOG 0 watch -41 blit -28 in irredundant size 3 clause[374] -41 -28 -57
c LOG 0 watch -28 blit -41 in irredundant size 3 clause[374] -41 -28 -57
c LOG 0 watch -50 blit 57 in irredundant size 15 clause[375] -50 57 -40 -26 25 35 3 41 60 -5 49 -37 -18 51 1
c LOG 0 watch 57 blit -50 in irredundant size 15 clause[375] -50 57 -40 -26 25 35 3 41 60 -5 49 -37 -18 51 1
c LOG 0 watch -53 blit 44 in irredundant size 4 clause[376] -53 44 18 9
c LOG 0 watch 44 blit -53 in irredundant size 4 clause[376] -53 44 18 9
c LOG 0 watch 36 blit 27 in irredundant size 3 clause[377] 36 27 -31
c LOG 0 watch 27 blit 36 in irredundant size 3 clause[377] 36 27 -31
c LOG 0 watch 51 blit -62 in irredundant size 3 clause[378] 51 -62 36
c LOG 0 watch -62 blit 51 in irredundant size 3 clause[378] 51 -62 36
c LOG 0 watch 49 blit -56 in irredundant size 3 clause[379] 49 -56 5
c LOG 0 watch -56 blit 49 in irredundant size 3 clause[379] 49 -56 5
c LOG 0 watch -60 blit -26 in irredundant size 3 clause[380] -60 -26 50
c LOG 0 watch -26 blit -60 in irredundant size 3 clause[380] -60 -26 50
c LOG 0 watch -35 blit -14 in irredundant size 3 clause[381] -35 -14 41
c LOG 0 watch -14 blit -35 in irredundant size 3 clause[381] -35 -14 41
c LOG 0 watch -62 blit -42 in irredundant size 3 clause[382] -62 -42 36
c LOG 0 watch -42 blit -62 in irredundant size 3 clause[382] -62 -42 36
c LOG 0 watch -37 blit 21 in irredundant size 3 clause[383] -37 21 15
c LOG 0 watch 21 blit -37 in irredundant size 3 clause[383] -37 21 15
c LOG 0 watch -25 blit -37 in irredundant size 14 clause[384] -25 -37 -60 54 23 36 22 -53 -42 -47 30 3 2 10
c LOG 0 watch -37 blit -25 in irredundant size 14 clause[384] -25 -37 -60 54 23 36 22 -53 -42 -47 30 3 2 10
c LOG 0 watch 15 blit -23 in irredundant size 3 clause[385] 15 -23 41
c LOG 0 watch -23 blit 15 in irredundant size 3 clause[385] 15 -23 41
c LOG 0 watch 22 blit -1 in irredundant size 3 clause[386] 22 -1 56
c LOG 0 watch -1 blit 22 in irredundant size 3 clause[386] 22 -1 56
c LOG 0 watch 1 blit 25 in irredundant size 3 clause[387] 1 25 -2
c LOG 0 watch 25 blit 1 in irredundant size 3 clause[387] 1 25 -2
c LOG 0 watch 31 blit 40 in irredundant size 3 clause[388] 31 40 50
c LOG 0 watch 40 blit 31 in irredundant size 3 clause[388] 31 40 50
c LOG 0 watch 54 blit -37 in irredundant size 3 clause[389] 54 -37 -30
c LOG 0 watch -37 blit 54 in irredundant size 3 clause[389] 54 -37 -30
c LOG 0 watch 54 blit -26 in irredundant size 3 clause[390] 54 -26 44
c LOG 0 watch -26 blit 54 in irredundant size 3 clause[390] 54 -26 44
c LOG 0 watch 32 blit -49 in irredundant size 3 clause[391] 32 -49 3
c LOG 0 watch -49 blit 32 in irredundant size 3 clause[391] 32 -49 3
c LOG 0 watch -40 blit 57 in irredundant size 3 clause[392] -40 57 13
c LOG 0 watch 57 blit -40 in irredundant size 3 clause[392] -40 57 13
c LOG 0 watch 5 blit -46 in irredundant size 3 clause[393] 5 -46 31
c LOG 0 watch -46 blit 5 in irredundant size 3 clause[393] 5 -46 31
c LOG 0 watch -32 blit -54 in irredundant size 3 clause[394] -32 -54 -45
c LOG 0 watch -54 blit -32 in irredundant size 3 clause[394] -32 -54 -45
c LOG 0 watch 58 blit -23 in irredundant size 3 clause[395] 58 -23 -50
c LOG 0 watch -23 blit 58 in irredundant size 3 clause[395] 58 -23 -50
c LOG 0 watch 47 blit -45 in irredundant size 3 clause[396] 47 -45 56
c LOG 0 watch -45 blit 47 in irredundant size 3 clause[396] 47 -45 56
c LOG 0 watch -59 blit -30 in irredundant size 4 clause[397] -59 -30 34 -60
c LOG 0 watch -30 blit -59 in irredundant size 4 clause[397] -59 -30 34 -60
c LOG 0 watch 59 blit 37 in irredundant size 3 clause[398] 59 37 -38
c LOG 0 watch 37 blit 59 in irredundant size 3 clause[398] 59 37 -38
c LOG 0 reset occurrence lists
c LOG 0 reset two-sided occurrence counters
c [congruence-phase-1] merged 0 literals
c LOG 0 starting propagate
c LOG 0 STOP PROFILE[simplify]
c c  0.89  0  8 0   0  0    0    1 1.2 6 5 2 6 54%  397  65 54%
c LOG 0 termination asynchronously forced
c LOG 0 termination asynchronously forced
c LOG 0 termination asynchronously forced
c LOG 0 termination asynchronously forced
c LOG 0 termination asynchronously forced
c LOG 0 termination asynchronously forced
c [preprocessing-0] finished with 65 variables and 397 clauses
c P  0.89  0  8 0   0  0    0    1 1.2 6 5 2 6 54%  397  65 54%
c [preprocessing-1] starting round 0 with 65 variables and 397 clauses
c LOG 0 starting propagate
c LOG 0 termination asynchronously forced
c LOG 0 termination asynchronously forced
c LOG 0 starting propagate
c LOG 0 delaying congruence 0 more times
c LOG 0 termination asynchronously forced
c LOG 0 termination asynchronously forced
c LOG 0 termination asynchronously forced
c LOG 0 termination asynchronously forced
c LOG 0 termination asynchronously forced
c LOG 0 termination asynchronously forced
c LOG 0 termination asynchronously forced
c LOG 0 termination asynchronously forced
c LOG 0 starting propagate
c [elim-phase-1] starting at most 2 elimination rounds
c LOG 0 starting propagate
c LOG 0 reset watcher tables
c LOG 0 termination asynchronously forced
c LOG 0 initialized watcher tables
c LOG 0 watching all clauses
c LOG 0 watch 43 blit -24 in irredundant size 2 clause[88] 43 -24
c LOG 0 watch -24 blit 43 in irredundant size 2 clause[88] 43 -24
c LOG 0 watch -30 blit -11 in irredundant size 2 clause[138] -30 -11
c LOG 0 watch -11 blit -30 in irredundant size 2 clause[138] -30 -11
c LOG 0 watch -22 blit 25 in irredundant size 2 clause[326] -22 25
c LOG 0 watch 25 blit -22 in irredundant size 2 clause[326] -22 25
c LOG 0 watch -36 blit 25 in irredundant size 2 clause[399] -36 25
c LOG 0 watch 25 blit -36 in irredundant size 2 clause[399] -36 25
c LOG 0 watch -1 blit 2 in irredundant size 3 clause[1] -1 2 3
c LOG 0 watch 2 blit -1 in irredundant size 3 clause[1] -1 2 3
c LOG 0 watch -4 blit 3 in irredundant size 3 clause[2] -4 3 -5
c LOG 0 watch 3 blit -4 in irredundant size 3 clause[2] -4 3 -5
c LOG 0 watch 7 blit -8 in irredundant size 3 clause[3] 7 -8 6
c LOG 0 watch -8 blit 7 in irredundant size 3 clause[3] 7 -8 6
c LOG 0 watch -9 blit 11 in irredundant size 3 clause[4] -9 11 -10
c LOG 0 watch 11 blit -9 in irredundant size 3 clause[4] -9 11 -10
c LOG 0 watch 2 blit 12 in irredundant size 3 clause[5] 2 12 13
c LOG 0 watch 12 blit 2 in irredundant size 3 clause[5] 2 12 13
c LOG 0 watch 14 blit -16 in irredundant size 3 clause[6] 14 -16 -15
c LOG 0 watch -16 blit 14 in irredundant size 3 clause[6] 14 -16 -15
c LOG 0 watch -17 blit -18 in irredundant size 3 clause[7] -17 -18 -19
c LOG 0 watch -18 blit -17 in irredundant size 3 clause[7] -17 -18 -19
c LOG 0 watch -20 blit 12 in irredundant size 3 clause[8] -20 12 -15
c LOG 0 watch 12 blit -20 in irredundant size 3 clause[8] -20 12 -15
c LOG 0 watch 21 blit 22 in irredundant size 3 clause[9] 21 22 23
c LOG 0 watch 22 blit 21 in irredundant size 3 clause[9] 21 22 23
c LOG 0 watch -24 blit -12 in irredundant size 3 clause[10] -24 -12 -25
c LOG 0 watch -12 blit -24 in irredundant size 3 clause[10] -24 -12 -25
c LOG 0 watch 4 blit -26 in irredundant size 15 clause[11] 4 -26 27 28 -29 18 -30 -2 -7 -31 -8 -13 25 20 -23
c LOG 0 watch -26 blit 4 in irredundant size 15 clause[11] 4 -26 27 28 -29 18 -30 -2 -7 -31 -8 -13 25 20 -23
c LOG 0 watch -24 blit -23 in irredundant size 3 clause[12] -24 -23 30
c LOG 0 watch -23 blit -24 in irredundant size 3 clause[12] -24 -23 30
c LOG 0 watch 32 blit -2 in irredundant size 3 clause[13] 32 -2 -16
c LOG 0 watch -2 blit 32 in irredundant size 3 clause[13] 32 -2 -16
c LOG 0 watch 27 blit -14 in irredundant size 3 clause[14] 27 -14 -33
c LOG 0 watch -14 blit 27 in irredundant size 3 clause[14] 27 -14 -33
c LOG 0 watch -32 blit -34 in irredundant size 3 clause[15] -32 -34 -7
c LOG 0 watch -34 blit -32 in irredundant size 3 clause[15] -32 -34 -7
c LOG 0 watch -20 blit -35 in irredundant size 3 clause[16] -20 -35 -15
c LOG 0 watch -35 blit -20 in irredundant size 3 clause[16] -20 -35 -15
c LOG 0 watch 36 blit -14 in irredundant size 3 clause[17] 36 -14 -33
c LOG 0 watch -14 blit 36 in irredundant size 3 clause[17] 36 -14 -33
c LOG 0 watch -29 blit -5 in irredundant size 3 clause[18] -29 -5 -12
c LOG 0 watch -5 blit -29 in irredundant size 3 clause[18] -29 -5 -12
c LOG 0 watch -37 blit -38 in irredundant size 3 clause[19] -37 -38 8
c LOG 0 watch -38 blit -37 in irredundant size 3 clause[19] -37 -38 8
c LOG 0 watch 19 blit -27 in irredundant size 3 clause[20] 19 -27 -11
c LOG 0 watch -27 blit 19 in irredundant size 3 clause[20] 19 -27 -11
c LOG 0 watch 1 blit -6 in irredundant size 4 clause[21] 1 -6 23 -39
c LOG 0 watch -6 blit 1 in irredundant size 4 clause[21] 1 -6 23 -39
c LOG 0 watch -30 blit 19 in irredundant size 3 clause[22] -30 19 36
c LOG 0 watch 19 blit -30 in irredundant size 3 clause[22] -30 19 36
c LOG 0 watch 9 blit 19 in irredundant size 3 clause[23] 9 19 -13
c LOG 0 watch 19 blit 9 in irredundant size 3 clause[23] 9 19 -13
c LOG 0 watch 37 blit 40 in irredundant size 3 clause[24] 37 40 -35
c LOG 0 watch 40 blit 37 in irredundant size 3 clause[24] 37 40 -35
c LOG 0 watch -41 blit 24 in irredundant size 3 clause[25] -41 24 -40
c LOG 0 watch 24 blit -41 in irredundant size 3 clause[25] -41 24 -40
c LOG 0 watch -26 blit -37 in irredundant size 19 clause[26] -26 -37 35 23 -10 -38 -4 8 24 -40 12 42 -18 29 36 -39 41 19 -15
c LOG 0 watch -37 blit -26 in irredundant size 19 clause[26] -26 -37 35 23 -10 -38 -4 8 24 -40 12 42 -18 29 36 -39 41 19 -15
c LOG 0 watch 25 blit -9 in irredundant size 3 clause[27] 25 -9 -33
ASYNC TERMINATE TRIGGERED <------------------------------------------------------------------------------
c LOG 0 watch -9 blit 25 in irredundant size 3 clause[27] 25 -9 -33
c LOG 0 watch 18 blit -21 in irredundant size 3 clause[28] 18 -21 29
c LOG 0 watch -21 blit 18 in irredundant size 3 clause[28] 18 -21 29
c LOG 0 watch 9 blit 32 in irredundant size 3 clause[29] 9 32 8
c LOG 0 watch 32 blit 9 in irredundant size 3 clause[29] 9 32 8
c LOG 0 watch -2 blit -43 in irredundant size 3 clause[30] -2 -43 -42
c LOG 0 watch -43 blit -2 in irredundant size 3 clause[30] -2 -43 -42
c LOG 0 watch 5 blit 3 in irredundant size 3 clause[31] 5 3 40
c LOG 0 watch 3 blit 5 in irredundant size 3 clause[31] 5 3 40
c LOG 0 watch -23 blit -33 in irredundant size 19 clause[32] -23 -33 -25 24 -44 38 -2 -11 -9 34 20 43 -45 15 -21 -36 5 30 -17
c LOG 0 watch -33 blit -23 in irredundant size 19 clause[32] -23 -33 -25 24 -44 38 -2 -11 -9 34 20 43 -45 15 -21 -36 5 30 -17
c LOG 0 watch -8 blit -4 in irredundant size 3 clause[33] -8 -4 21
c LOG 0 watch -4 blit -8 in irredundant size 3 clause[33] -8 -4 21
c LOG 0 watch -12 blit -36 in irredundant size 3 clause[34] -12 -36 26
c LOG 0 watch -36 blit -12 in irredundant size 3 clause[34] -12 -36 26
c LOG 0 watch 34 blit 41 in irredundant size 3 clause[35] 34 41 -23
c LOG 0 watch 41 blit 34 in irredundant size 3 clause[35] 34 41 -23
c LOG 0 watch -44 blit 18 in irredundant size 3 clause[36] -44 18 -13
c LOG 0 watch 18 blit -44 in irredundant size 3 clause[36] -44 18 -13
c LOG 0 watch -27 blit -9 in irredundant size 4 clause[37] -27 -9 -19 -1
c LOG 0 watch -9 blit -27 in irredundant size 4 clause[37] -27 -9 -19 -1
c LOG 0 watch 27 blit 30 in irredundant size 3 clause[38] 27 30 32
c LOG 0 watch 30 blit 27 in irredundant size 3 clause[38] 27 30 32
c LOG 0 watch 12 blit 38 in irredundant size 3 clause[39] 12 38 28
c LOG 0 watch 38 blit 12 in irredundant size 3 clause[39] 12 38 28
c LOG 0 watch 20 blit -19 in irredundant size 3 clause[40] 20 -19 28
c LOG 0 watch -19 blit 20 in irredundant size 3 clause[40] 20 -19 28
c LOG 0 watch 21 blit 2 in irredundant size 3 clause[41] 21 2 17
c LOG 0 watch 2 blit 21 in irredundant size 3 clause[41] 21 2 17
c LOG 0 watch -36 blit 18 in irredundant size 3 clause[42] -36 18 -10
c LOG 0 watch 18 blit -36 in irredundant size 3 clause[42] -36 18 -10
c LOG 0 watch 33 blit 4 in irredundant size 3 clause[43] 33 4 -45
c LOG 0 watch 4 blit 33 in irredundant size 3 clause[43] 33 4 -45
c LOG 0 watch 7 blit 23 in irredundant size 3 clause[44] 7 23 -45
c LOG 0 watch 23 blit 7 in irredundant size 3 clause[44] 7 23 -45
c LOG 0 watch 19 blit 35 in irredundant size 3 clause[45] 19 35 -33
c LOG 0 watch 35 blit 19 in irredundant size 3 clause[45] 19 35 -33
c LOG 0 watch 3 blit -18 in irredundant size 3 clause[46] 3 -18 2
c LOG 0 watch -18 blit 3 in irredundant size 3 clause[46] 3 -18 2
c LOG 0 watch -30 blit 43 in irredundant size 3 clause[47] -30 43 6
c LOG 0 watch 43 blit -30 in irredundant size 3 clause[47] -30 43 6
c LOG 0 watch 41 blit 37 in irredundant size 4 clause[48] 41 37 17 29
c LOG 0 watch 37 blit 41 in irredundant size 4 clause[48] 41 37 17 29
c LOG 0 watch 38 blit 37 in irredundant size 3 clause[49] 38 37 8
c LOG 0 watch 37 blit 38 in irredundant size 3 clause[49] 38 37 8
c LOG 0 watch 12 blit -47 in irredundant size 3 clause[50] 12 -47 29
c LOG 0 watch -47 blit 12 in irredundant size 3 clause[50] 12 -47 29
c LOG 0 watch 18 blit 42 in irredundant size 3 clause[51] 18 42 -15
c LOG 0 watch 42 blit 18 in irredundant size 3 clause[51] 18 42 -15
c LOG 0 watch 23 blit 18 in irredundant size 3 clause[52] 23 18 -14
c LOG 0 watch 18 blit 23 in irredundant size 3 clause[52] 23 18 -14
c LOG 0 watch -4 blit 19 in irredundant size 3 clause[53] -4 19 -18
c LOG 0 watch 19 blit -4 in irredundant size 3 clause[53] -4 19 -18
c LOG 0 watch -26 blit -48 in irredundant size 3 clause[54] -26 -48 -35
c LOG 0 watch -48 blit -26 in irredundant size 3 clause[54] -26 -48 -35
c LOG 0 watch -43 blit -39 in irredundant size 3 clause[55] -43 -39 4
c LOG 0 watch -39 blit -43 in irredundant size 3 clause[55] -43 -39 4
c LOG 0 watch 22 blit -36 in irredundant size 3 clause[56] 22 -36 25
c LOG 0 watch -36 blit 22 in irredundant size 3 clause[56] 22 -36 25
c LOG 0 watch -50 blit -42 in irredundant size 3 clause[57] -50 -42 30
c LOG 0 watch -42 blit -50 in irredundant size 3 clause[57] -50 -42 30
c LOG 0 watch -23 blit -31 in irredundant size 3 clause[58] -23 -31 -40
c LOG 0 watch -31 blit -23 in irredundant size 3 clause[58] -23 -31 -40
c LOG 0 watch -25 blit -8 in irredundant size 3 clause[59] -25 -8 -10
c LOG 0 watch -8 blit -25 in irredundant size 3 clause[59] -25 -8 -10
c LOG 0 watch -32 blit -28 in irredundant size 3 clause[60] -32 -28 -43
c LOG 0 watch -28 blit -32 in irredundant size 3 clause[60] -32 -28 -43
c LOG 0 watch 22 blit 31 in irredundant size 3 clause[61] 22 31 -25
c LOG 0 watch 31 blit 22 in irredundant size 3 clause[61] 22 31 -25
c LOG 0 watch -33 blit 3 in irredundant size 3 clause[62] -33 3 6
c LOG 0 watch 3 blit -33 in irredundant size 3 clause[62] -33 3 6
c LOG 0 watch 33 blit 21 in irredundant size 3 clause[63] 33 21 -47
c LOG 0 watch 21 blit 33 in irredundant size 3 clause[63] 33 21 -47
c LOG 0 watch -42 blit -31 in irredundant size 3 clause[64] -42 -31 26
c LOG 0 watch -31 blit -42 in irredundant size 3 clause[64] -42 -31 26
c LOG 0 watch 23 blit 34 in irredundant size 3 clause[65] 23 34 16
c LOG 0 watch 34 blit 23 in irredundant size 3 clause[65] 23 34 16
c LOG 0 watch 8 blit -16 in irredundant size 3 clause[66] 8 -16 51
c LOG 0 watch -16 blit 8 in irredundant size 3 clause[66] 8 -16 51
c LOG 0 watch -36 blit 38 in irredundant size 3 clause[67] -36 38 -26
c LOG 0 watch 38 blit -36 in irredundant size 3 clause[67] -36 38 -26
c LOG 0 watch 35 blit -39 in irredundant size 3 clause[68] 35 -39 -27
c LOG 0 watch -39 blit 35 in irredundant size 3 clause[68] 35 -39 -27
c LOG 0 watch -29 blit 25 in irredundant size 20 clause[69] -29 25 17 -40 -23 -24 -13 -26 39 37 34 30 -32 48 8 -42 -10 -19 -16 -22
c LOG 0 watch 25 blit -29 in irredundant size 20 clause[69] -29 25 17 -40 -23 -24 -13 -26 39 37 34 30 -32 48 8 -42 -10 -19 -16 -22
c LOG 0 watch 44 blit -20 in irredundant size 3 clause[70] 44 -20 48
c LOG 0 watch -20 blit 44 in irredundant size 3 clause[70] 44 -20 48
c LOG 0 watch -24 blit 45 in irredundant size 3 clause[71] -24 45 -7
c LOG 0 watch 45 blit -24 in irredundant size 3 clause[71] -24 45 -7
c LOG 0 watch 3 blit -14 in irredundant size 3 clause[72] 3 -14 43
c LOG 0 watch -14 blit 3 in irredundant size 3 clause[72] 3 -14 43
c LOG 0 watch -23 blit -31 in irredundant size 3 clause[73] -23 -31 -50
c LOG 0 watch -31 blit -23 in irredundant size 3 clause[73] -23 -31 -50
c LOG 0 watch -41 blit 5 in irredundant size 4 clause[74] -41 5 14 2
c LOG 0 watch 5 blit -41 in irredundant size 4 clause[74] -41 5 14 2
c LOG 0 watch -41 blit 47 in irredundant size 3 clause[75] -41 47 16
c LOG 0 watch 47 blit -41 in irredundant size 3 clause[75] -41 47 16
c LOG 0 watch 48 blit 45 in irredundant size 3 clause[76] 48 45 3
c LOG 0 watch 45 blit 48 in irredundant size 3 clause[76] 48 45 3
c LOG 0 watch -8 blit 7 in irredundant size 3 clause[77] -8 7 28
c LOG 0 watch 7 blit -8 in irredundant size 3 clause[77] -8 7 28
c LOG 0 watch 23 blit -1 in irredundant size 3 clause[78] 23 -1 35
c LOG 0 watch -1 blit 23 in irredundant size 3 clause[78] 23 -1 35
c LOG 0 watch -11 blit 12 in irredundant size 3 clause[79] -11 12 40
c LOG 0 watch 12 blit -11 in irredundant size 3 clause[79] -11 12 40
c LOG 0 watch -8 blit 50 in irredundant size 3 clause[80] -8 50 45
c LOG 0 watch 50 blit -8 in irredundant size 3 clause[80] -8 50 45
c LOG 0 watch -12 blit -14 in irredundant size 3 clause[81] -12 -14 -33
c LOG 0 watch -14 blit -12 in irredundant size 3 clause[81] -12 -14 -33
c LOG 0 watch 42 blit 21 in irredundant size 3 clause[82] 42 21 -19
c LOG 0 watch 21 blit 42 in irredundant size 3 clause[82] 42 21 -19
c LOG 0 watch 10 blit 31 in irredundant size 3 clause[83] 10 31 -23
c LOG 0 watch 31 blit 10 in irredundant size 3 clause[83] 10 31 -23
c LOG 0 watch -4 blit -13 in irredundant size 3 clause[84] -4 -13 6
c LOG 0 watch -13 blit -4 in irredundant size 3 clause[84] -4 -13 6
c LOG 0 watch 44 blit -11 in irredundant size 3 clause[85] 44 -11 39
c LOG 0 watch -11 blit 44 in irredundant size 3 clause[85] 44 -11 39
c LOG 0 watch -7 blit -32 in irredundant size 3 clause[86] -7 -32 17
c LOG 0 watch -32 blit -7 in irredundant size 3 clause[86] -7 -32 17
c LOG 0 watch -18 blit 25 in irredundant size 3 clause[87] -18 25 13
c LOG 0 watch 25 blit -18 in irredundant size 3 clause[87] -18 25 13
c LOG 0 watch 44 blit -34 in irredundant size 3 clause[89] 44 -34 42
c LOG 0 watch -34 blit 44 in irredundant size 3 clause[89] 44 -34 42
c LOG 0 watch 43 blit -19 in irredundant size 3 clause[90] 43 -19 -31
c LOG 0 watch -19 blit 43 in irredundant size 3 clause[90] 43 -19 -31
c LOG 0 watch -6 blit 26 in irredundant size 3 clause[91] -6 26 15
c LOG 0 watch 26 blit -6 in irredundant size 3 clause[91] -6 26 15
c LOG 0 watch 34 blit -22 in irredundant size 3 clause[92] 34 -22 37
c LOG 0 watch -22 blit 34 in irredundant size 3 clause[92] 34 -22 37
c LOG 0 watch 20 blit 7 in irredundant size 3 clause[93] 20 7 27
c LOG 0 watch 7 blit 20 in irredundant size 3 clause[93] 20 7 27
c LOG 0 watch -12 blit -9 in irredundant size 3 clause[94] -12 -9 -10
c LOG 0 watch -9 blit -12 in irredundant size 3 clause[94] -12 -9 -10
c LOG 0 watch 43 blit -20 in irredundant size 3 clause[95] 43 -20 21
c LOG 0 watch -20 blit 43 in irredundant size 3 clause[95] 43 -20 21
c LOG 0 watch -41 blit -9 in irredundant size 11 clause[96] -41 -9 -10 6 -14 -24 -1 -45 39 -16 38
c LOG 0 watch -9 blit -41 in irredundant size 11 clause[96] -41 -9 -10 6 -14 -24 -1 -45 39 -16 38
c LOG 0 watch 47 blit -11 in irredundant size 3 clause[97] 47 -11 15
c LOG 0 watch -11 blit 47 in irredundant size 3 clause[97] 47 -11 15
c LOG 0 watch -39 blit 1 in irredundant size 3 clause[98] -39 1 29
c LOG 0 watch 1 blit -39 in irredundant size 3 clause[98] -39 1 29
c LOG 0 watch -27 blit -34 in irredundant size 3 clause[99] -27 -34 -16
c LOG 0 watch -34 blit -27 in irredundant size 3 clause[99] -27 -34 -16
c LOG 0 watch -19 blit 38 in irredundant size 3 clause[100] -19 38 -24
c LOG 0 watch 38 blit -19 in irredundant size 3 clause[100] -19 38 -24
c LOG 0 watch -29 blit 20 in irredundant size 3 clause[101] -29 20 -37
c LOG 0 watch 20 blit -29 in irredundant size 3 clause[101] -29 20 -37
c LOG 0 watch -2 blit -9 in irredundant size 3 clause[102] -2 -9 29
c LOG 0 watch -9 blit -2 in irredundant size 3 clause[102] -2 -9 29
c LOG 0 watch -48 blit 45 in irredundant size 3 clause[103] -48 45 -22
c LOG 0 watch 45 blit -48 in irredundant size 3 clause[103] -48 45 -22
c LOG 0 watch -24 blit 22 in irredundant size 3 clause[104] -24 22 -16
c LOG 0 watch 22 blit -24 in irredundant size 3 clause[104] -24 22 -16
c LOG 0 watch 41 blit -28 in irredundant size 3 clause[105] 41 -28 -34
c LOG 0 watch -28 blit 41 in irredundant size 3 clause[105] 41 -28 -34
c LOG 0 watch 11 blit 38 in irredundant size 3 clause[106] 11 38 -31
c LOG 0 watch 38 blit 11 in irredundant size 3 clause[106] 11 38 -31
c LOG 0 watch -31 blit -24 in irredundant size 3 clause[107] -31 -24 -38
c LOG 0 watch -24 blit -31 in irredundant size 3 clause[107] -31 -24 -38
c LOG 0 watch -23 blit 5 in irredundant size 3 clause[108] -23 5 -8
c LOG 0 watch 5 blit -23 in irredundant size 3 clause[108] -23 5 -8
c LOG 0 watch 14 blit -50 in irredundant size 3 clause[109] 14 -50 -18
c LOG 0 watch -50 blit 14 in irredundant size 3 clause[109] 14 -50 -18
c LOG 0 watch -39 blit -48 in irredundant size 16 clause[110] -39 -48 -13 -11 -26 -19 -38 -8 21 44 -20 -28 7 -18 -45 -25
c LOG 0 watch -48 blit -39 in irredundant size 16 clause[110] -39 -48 -13 -11 -26 -19 -38 -8 21 44 -20 -28 7 -18 -45 -25
c LOG 0 watch -37 blit -12 in irredundant size 3 clause[111] -37 -12 -33
c LOG 0 watch -12 blit -37 in irredundant size 3 clause[111] -37 -12 -33
c LOG 0 watch -12 blit -51 in irredundant size 3 clause[112] -12 -51 40
c LOG 0 watch -51 blit -12 in irredundant size 3 clause[112] -12 -51 40
c LOG 0 watch 19 blit -20 in irredundant size 3 clause[113] 19 -20 -3
c LOG 0 watch -20 blit 19 in irredundant size 3 clause[113] 19 -20 -3
c LOG 0 watch -36 blit -26 in irredundant size 3 clause[114] -36 -26 43
c LOG 0 watch -26 blit -36 in irredundant size 3 clause[114] -36 -26 43
c LOG 0 watch -34 blit 5 in irredundant size 3 clause[115] -34 5 -10
c LOG 0 watch 5 blit -34 in irredundant size 3 clause[115] -34 5 -10
c LOG 0 watch 13 blit 25 in irredundant size 3 clause[116] 13 25 -10
c LOG 0 watch 25 blit 13 in irredundant size 3 clause[116] 13 25 -10
c LOG 0 watch -39 blit -42 in irredundant size 3 clause[117] -39 -42 17
c LOG 0 watch -42 blit -39 in irredundant size 3 clause[117] -39 -42 17
c LOG 0 watch -19 blit -12 in irredundant size 3 clause[118] -19 -12 34
c LOG 0 watch -12 blit -19 in irredundant size 3 clause[118] -19 -12 34
c LOG 0 watch -48 blit -35 in irredundant size 3 clause[119] -48 -35 18
c LOG 0 watch -35 blit -48 in irredundant size 3 clause[119] -48 -35 18
c LOG 0 watch 48 blit -3 in irredundant size 3 clause[120] 48 -3 10
c LOG 0 watch -3 blit 48 in irredundant size 3 clause[120] 48 -3 10
c LOG 0 watch 45 blit -48 in irredundant size 3 clause[121] 45 -48 33
c LOG 0 watch -48 blit 45 in irredundant size 3 clause[121] 45 -48 33
c LOG 0 watch -9 blit 44 in irredundant size 3 clause[122] -9 44 -8
c LOG 0 watch 44 blit -9 in irredundant size 3 clause[122] -9 44 -8
c LOG 0 watch 11 blit 47 in irredundant size 3 clause[123] 11 47 -33
c LOG 0 watch 47 blit 11 in irredundant size 3 clause[123] 11 47 -33
c LOG 0 watch -23 blit -31 in irredundant size 3 clause[124] -23 -31 -4
c LOG 0 watch -31 blit -23 in irredundant size 3 clause[124] -23 -31 -4
c LOG 0 watch -11 blit -2 in irredundant size 3 clause[125] -11 -2 -30
c LOG 0 watch -2 blit -11 in irredundant size 3 clause[125] -11 -2 -30
c LOG 0 watch -14 blit 30 in irredundant size 3 clause[126] -14 30 -40
c LOG 0 watch 30 blit -14 in irredundant size 3 clause[126] -14 30 -40
c LOG 0 watch 15 blit -50 in irredundant size 3 clause[127] 15 -50 -42
c LOG 0 watch -50 blit 15 in irredundant size 3 clause[127] 15 -50 -42
c LOG 0 watch -26 blit 48 in irredundant size 3 clause[128] -26 48 -10
c LOG 0 watch 48 blit -26 in irredundant size 3 clause[128] -26 48 -10
c LOG 0 watch 31 blit -14 in irredundant size 3 clause[129] 31 -14 18
c LOG 0 watch -14 blit 31 in irredundant size 3 clause[129] 31 -14 18
c LOG 0 watch -9 blit -19 in irredundant size 3 clause[130] -9 -19 16
c LOG 0 watch -19 blit -9 in irredundant size 3 clause[130] -9 -19 16
c LOG 0 watch 16 blit 15 in irredundant size 3 clause[131] 16 15 20
c LOG 0 watch 15 blit 16 in irredundant size 3 clause[131] 16 15 20
c LOG 0 watch 50 blit 35 in irredundant size 4 clause[132] 50 35 -4 -45
c LOG 0 watch 35 blit 50 in irredundant size 4 clause[132] 50 35 -4 -45
c LOG 0 watch 11 blit 1 in irredundant size 3 clause[133] 11 1 32
c LOG 0 watch 1 blit 11 in irredundant size 3 clause[133] 11 1 32
c LOG 0 watch 1 blit 40 in irredundant size 3 clause[134] 1 40 -2
c LOG 0 watch 40 blit 1 in irredundant size 3 clause[134] 1 40 -2
c LOG 0 watch 20 blit -43 in irredundant size 4 clause[135] 20 -43 -51 32
c LOG 0 watch -43 blit 20 in irredundant size 4 clause[135] 20 -43 -51 32
c LOG 0 watch -41 blit 25 in irredundant size 6 clause[136] -41 25 -8 -17 -22 -26
c LOG 0 watch 25 blit -41 in irredundant size 6 clause[136] -41 25 -8 -17 -22 -26
c LOG 0 watch 30 blit -38 in irredundant size 3 clause[137] 30 -38 -12
c LOG 0 watch -38 blit 30 in irredundant size 3 clause[137] 30 -38 -12
c LOG 0 watch 45 blit -38 in irredundant size 3 clause[139] 45 -38 17
c LOG 0 watch -38 blit 45 in irredundant size 3 clause[139] 45 -38 17
c LOG 0 watch 34 blit -16 in irredundant size 3 clause[140] 34 -16 -29
c LOG 0 watch -16 blit 34 in irredundant size 3 clause[140] 34 -16 -29
c LOG 0 watch 40 blit 30 in irredundant size 3 clause[141] 40 30 31
c LOG 0 watch 30 blit 40 in irredundant size 3 clause[141] 40 30 31
c LOG 0 watch 3 blit 35 in irredundant size 3 clause[142] 3 35 8
c LOG 0 watch 35 blit 3 in irredundant size 3 clause[142] 3 35 8
c LOG 0 watch 39 blit 7 in irredundant size 3 clause[143] 39 7 -19
c LOG 0 watch 7 blit 39 in irredundant size 3 clause[143] 39 7 -19
c LOG 0 watch -43 blit 3 in irredundant size 3 clause[144] -43 3 -12
c LOG 0 watch 3 blit -43 in irredundant size 3 clause[144] -43 3 -12
c LOG 0 watch -12 blit 51 in irredundant size 3 clause[145] -12 51 -5
c LOG 0 watch 51 blit -12 in irredundant size 3 clause[145] -12 51 -5
c LOG 0 watch 22 blit -30 in irredundant size 3 clause[146] 22 -30 38
c LOG 0 watch -30 blit 22 in irredundant size 3 clause[146] 22 -30 38
c LOG 0 watch -17 blit -37 in irredundant size 3 clause[147] -17 -37 28
c LOG 0 watch -37 blit -17 in irredundant size 3 clause[147] -17 -37 28
c LOG 0 watch -31 blit -24 in irredundant size 3 clause[148] -31 -24 -30
c LOG 0 watch -24 blit -31 in irredundant size 3 clause[148] -31 -24 -30
c LOG 0 watch 29 blit -45 in irredundant size 3 clause[149] 29 -45 8
c LOG 0 watch -45 blit 29 in irredundant size 3 clause[149] 29 -45 8
c LOG 0 watch -33 blit 16 in irredundant size 3 clause[150] -33 16 -13
c LOG 0 watch 16 blit -33 in irredundant size 3 clause[150] -33 16 -13
c LOG 0 watch 27 blit 1 in irredundant size 4 clause[151] 27 1 2 -16
c LOG 0 watch 1 blit 27 in irredundant size 4 clause[151] 27 1 2 -16
c LOG 0 watch 21 blit 23 in irredundant size 3 clause[152] 21 23 37
c LOG 0 watch 23 blit 21 in irredundant size 3 clause[152] 21 23 37
c LOG 0 watch 33 blit -20 in irredundant size 3 clause[153] 33 -20 32
c LOG 0 watch -20 blit 33 in irredundant size 3 clause[153] 33 -20 32
c LOG 0 watch -30 blit -48 in irredundant size 3 clause[154] -30 -48 -25
c LOG 0 watch -48 blit -30 in irredundant size 3 clause[154] -30 -48 -25
c LOG 0 watch -24 blit 16 in irredundant size 3 clause[155] -24 16 26
c LOG 0 watch 16 blit -24 in irredundant size 3 clause[155] -24 16 26
c LOG 0 watch -16 blit 4 in irredundant size 3 clause[156] -16 4 8
c LOG 0 watch 4 blit -16 in irredundant size 3 clause[156] -16 4 8
c LOG 0 watch 45 blit -13 in irredundant size 3 clause[157] 45 -13 6
c LOG 0 watch -13 blit 45 in irredundant size 3 clause[157] 45 -13 6
c LOG 0 watch 24 blit 22 in irredundant size 3 clause[158] 24 22 -8
c LOG 0 watch 22 blit 24 in irredundant size 3 clause[158] 24 22 -8
c LOG 0 watch -8 blit 14 in irredundant size 3 clause[159] -8 14 -33
c LOG 0 watch 14 blit -8 in irredundant size 3 clause[159] -8 14 -33
c LOG 0 watch 25 blit -11 in irredundant size 3 clause[160] 25 -11 -8
c LOG 0 watch -11 blit 25 in irredundant size 3 clause[160] 25 -11 -8
c LOG 0 watch -30 blit 43 in irredundant size 3 clause[161] -30 43 -40
c LOG 0 watch 43 blit -30 in irredundant size 3 clause[161] -30 43 -40
c LOG 0 watch -9 blit -43 in irredundant size 3 clause[162] -9 -43 -16
c LOG 0 watch -43 blit -9 in irredundant size 3 clause[162] -9 -43 -16
c LOG 0 watch 15 blit 44 in irredundant size 3 clause[163] 15 44 -16
c LOG 0 watch 44 blit 15 in irredundant size 3 clause[163] 15 44 -16
c LOG 0 watch 34 blit 45 in irredundant size 3 clause[164] 34 45 24
c LOG 0 watch 45 blit 34 in irredundant size 3 clause[164] 34 45 24
c LOG 0 watch 3 blit 31 in irredundant size 8 clause[165] 3 31 8 27 -23 14 -47 -17
c LOG 0 watch 31 blit 3 in irredundant size 8 clause[165] 3 31 8 27 -23 14 -47 -17
c LOG 0 watch -12 blit 20 in irredundant size 3 clause[166] -12 20 -25
c LOG 0 watch 20 blit -12 in irredundant size 3 clause[166] -12 20 -25
c LOG 0 watch 1 blit 2 in irredundant size 3 clause[167] 1 2 3
c LOG 0 watch 2 blit 1 in irredundant size 3 clause[167] 1 2 3
c LOG 0 watch 47 blit 48 in irredundant size 8 clause[168] 47 48 11 35 50 -31 -27 -5
c LOG 0 watch 48 blit 47 in irredundant size 8 clause[168] 47 48 11 35 50 -31 -27 -5
c LOG 0 watch 42 blit 37 in irredundant size 3 clause[169] 42 37 11
c LOG 0 watch 37 blit 42 in irredundant size 3 clause[169] 42 37 11
c LOG 0 watch -9 blit 43 in irredundant size 3 clause[170] -9 43 -40
c LOG 0 watch 43 blit -9 in irredundant size 3 clause[170] -9 43 -40
c LOG 0 watch 43 blit -41 in irredundant size 3 clause[171] 43 -41 -8
c LOG 0 watch -41 blit 43 in irredundant size 3 clause[171] 43 -41 -8
c LOG 0 watch 11 blit 36 in irredundant size 3 clause[172] 11 36 50
c LOG 0 watch 36 blit 11 in irredundant size 3 clause[172] 11 36 50
c LOG 0 watch 10 blit -34 in irredundant size 3 clause[173] 10 -34 -44
c LOG 0 watch -34 blit 10 in irredundant size 3 clause[173] 10 -34 -44
c LOG 0 watch 15 blit 21 in irredundant size 3 clause[174] 15 21 26
c LOG 0 watch 21 blit 15 in irredundant size 3 clause[174] 15 21 26
c LOG 0 watch -13 blit 15 in irredundant size 3 clause[175] -13 15 28
c LOG 0 watch 15 blit -13 in irredundant size 3 clause[175] -13 15 28
c LOG 0 watch -4 blit 32 in irredundant size 3 clause[176] -4 32 26
c LOG 0 watch 32 blit -4 in irredundant size 3 clause[176] -4 32 26
c LOG 0 watch 43 blit 3 in irredundant size 3 clause[177] 43 3 40
c LOG 0 watch 3 blit 43 in irredundant size 3 clause[177] 43 3 40
c LOG 0 watch -11 blit -12 in irredundant size 3 clause[178] -11 -12 4
c LOG 0 watch -12 blit -11 in irredundant size 3 clause[178] -11 -12 4
c LOG 0 watch -20 blit 31 in irredundant size 3 clause[179] -20 31 17
c LOG 0 watch 31 blit -20 in irredundant size 3 clause[179] -20 31 17
c LOG 0 watch 18 blit 4 in irredundant size 3 clause[180] 18 4 6
c LOG 0 watch 4 blit 18 in irredundant size 3 clause[180] 18 4 6
c LOG 0 watch 48 blit -14 in irredundant size 3 clause[181] 48 -14 -10
c LOG 0 watch -14 blit 48 in irredundant size 3 clause[181] 48 -14 -10
c LOG 0 watch 42 blit -11 in irredundant size 3 clause[182] 42 -11 -16
c LOG 0 watch -11 blit 42 in irredundant size 3 clause[182] 42 -11 -16
c LOG 0 watch 51 blit -35 in irredundant size 3 clause[183] 51 -35 -16
c LOG 0 watch -35 blit 51 in irredundant size 3 clause[183] 51 -35 -16
c LOG 0 watch -29 blit 4 in irredundant size 3 clause[184] -29 4 -45
c LOG 0 watch 4 blit -29 in irredundant size 3 clause[184] -29 4 -45
c LOG 0 watch -47 blit -50 in irredundant size 3 clause[185] -47 -50 36
c LOG 0 watch -50 blit -47 in irredundant size 3 clause[185] -47 -50 36
c LOG 0 watch 43 blit -30 in irredundant size 3 clause[186] 43 -30 26
c LOG 0 watch -30 blit 43 in irredundant size 3 clause[186] 43 -30 26
c LOG 0 watch -21 blit -26 in irredundant size 3 clause[187] -21 -26 -6
c LOG 0 watch -26 blit -21 in irredundant size 3 clause[187] -21 -26 -6
c LOG 0 watch 50 blit -34 in irredundant size 4 clause[188] 50 -34 23 -40
c LOG 0 watch -34 blit 50 in irredundant size 4 clause[188] 50 -34 23 -40
c LOG 0 watch 1 blit 30 in irredundant size 4 clause[189] 1 30 -25 -14
c LOG 0 watch 30 blit 1 in irredundant size 4 clause[189] 1 30 -25 -14
c LOG 0 watch 43 blit 21 in irredundant size 3 clause[190] 43 21 30
c LOG 0 watch 21 blit 43 in irredundant size 3 clause[190] 43 21 30
c LOG 0 watch 18 blit 47 in irredundant size 3 clause[191] 18 47 -35
c LOG 0 watch 47 blit 18 in irredundant size 3 clause[191] 18 47 -35
c LOG 0 watch 50 blit 7 in irredundant size 3 clause[192] 50 7 -27
c LOG 0 watch 7 blit 50 in irredundant size 3 clause[192] 50 7 -27
c LOG 0 watch -7 blit -28 in irredundant size 3 clause[193] -7 -28 14
c LOG 0 watch -28 blit -7 in irredundant size 3 clause[193] -7 -28 14
c LOG 0 watch -29 blit -33 in irredundant size 4 clause[194] -29 -33 -51 -41
c LOG 0 watch -33 blit -29 in irredundant size 4 clause[194] -29 -33 -51 -41
c LOG 0 watch -35 blit -44 in irredundant size 3 clause[195] -35 -44 17
c LOG 0 watch -44 blit -35 in irredundant size 3 clause[195] -35 -44 17
c LOG 0 watch 47 blit -5 in irredundant size 3 clause[196] 47 -5 -45
c LOG 0 watch -5 blit 47 in irredundant size 3 clause[196] 47 -5 -45
c LOG 0 watch -42 blit -22 in irredundant size 3 clause[197] -42 -22 25
c LOG 0 watch -22 blit -42 in irredundant size 3 clause[197] -42 -22 25
c LOG 0 watch 21 blit 47 in irredundant size 4 clause[198] 21 47 25 9
c LOG 0 watch 47 blit 21 in irredundant size 4 clause[198] 21 47 25 9
c LOG 0 watch 50 blit 16 in irredundant size 3 clause[199] 50 16 -37
c LOG 0 watch 16 blit 50 in irredundant size 3 clause[199] 50 16 -37
c LOG 0 watch 1 blit -28 in irredundant size 3 clause[200] 1 -28 36
c LOG 0 watch -28 blit 1 in irredundant size 3 clause[200] 1 -28 36
c LOG 0 watch -32 blit 40 in irredundant size 3 clause[201] -32 40 -36
c LOG 0 watch 40 blit -32 in irredundant size 3 clause[201] -32 40 -36
c LOG 0 watch -42 blit -35 in irredundant size 3 clause[202] -42 -35 4
c LOG 0 watch -35 blit -42 in irredundant size 3 clause[202] -42 -35 4
c LOG 0 watch 32 blit 34 in irredundant size 3 clause[203] 32 34 26
c LOG 0 watch 34 blit 32 in irredundant size 3 clause[203] 32 34 26
c LOG 0 watch -19 blit 14 in irredundant size 3 clause[204] -19 14 -10
c LOG 0 watch 14 blit -19 in irredundant size 3 clause[204] -19 14 -10
c LOG 0 watch -13 blit 28 in glue 5 redundant size 6 clause[205] -13 28 -15 26 17 6
c LOG 0 watch 28 blit -13 in glue 5 redundant size 6 clause[205] -13 28 -15 26 17 6
c LOG 0 watch -31 blit -13 in irredundant size 3 clause[207] -31 -13 44
c LOG 0 watch -13 blit -31 in irredundant size 3 clause[207] -31 -13 44
c LOG 0 watch 32 blit 26 in irredundant size 3 clause[208] 32 26 27
c LOG 0 watch 26 blit 32 in irredundant size 3 clause[208] 32 26 27
c LOG 0 watch -3 blit 49 in irredundant size 14 clause[209] -3 49 -50 -28 34 41 -26 52 -13 -46 35 -53 -14 5
c LOG 0 watch 49 blit -3 in irredundant size 14 clause[209] -3 49 -50 -28 34 41 -26 52 -13 -46 35 -53 -14 5
c LOG 0 watch -46 blit -44 in irredundant size 3 clause[210] -46 -44 53
c LOG 0 watch -44 blit -46 in irredundant size 3 clause[210] -46 -44 53
c LOG 0 watch -46 blit 21 in irredundant size 3 clause[211] -46 21 -23
c LOG 0 watch 21 blit -46 in irredundant size 3 clause[211] -46 21 -23
c LOG 0 watch 42 blit 37 in irredundant size 3 clause[212] 42 37 5
c LOG 0 watch 37 blit 42 in irredundant size 3 clause[212] 42 37 5
c LOG 0 watch -44 blit -36 in irredundant size 3 clause[213] -44 -36 3
c LOG 0 watch -36 blit -44 in irredundant size 3 clause[213] -44 -36 3
c LOG 0 watch 54 blit 34 in irredundant size 3 clause[214] 54 34 35
c LOG 0 watch 34 blit 54 in irredundant size 3 clause[214] 54 34 35
c LOG 0 watch 47 blit -14 in irredundant size 3 clause[215] 47 -14 -21
c LOG 0 watch -14 blit 47 in irredundant size 3 clause[215] 47 -14 -21
c LOG 0 watch -30 blit -10 in irredundant size 3 clause[216] -30 -10 -18
c LOG 0 watch -10 blit -30 in irredundant size 3 clause[216] -30 -10 -18
c LOG 0 watch -26 blit 27 in irredundant size 3 clause[217] -26 27 -15
c LOG 0 watch 27 blit -26 in irredundant size 3 clause[217] -26 27 -15
c LOG 0 watch -44 blit 23 in irredundant size 3 clause[218] -44 23 -21
c LOG 0 watch 23 blit -44 in irredundant size 3 clause[218] -44 23 -21
c LOG 0 watch 24 blit -23 in irredundant size 3 clause[219] 24 -23 -27
c LOG 0 watch -23 blit 24 in irredundant size 3 clause[219] 24 -23 -27
c LOG 0 watch -56 blit -5 in irredundant size 3 clause[220] -56 -5 22
c LOG 0 watch -5 blit -56 in irredundant size 3 clause[220] -56 -5 22
c LOG 0 watch -49 blit 24 in irredundant size 3 clause[221] -49 24 -15
c LOG 0 watch 24 blit -49 in irredundant size 3 clause[221] -49 24 -15
c LOG 0 watch -10 blit 57 in irredundant size 3 clause[222] -10 57 -41
c LOG 0 watch 57 blit -10 in irredundant size 3 clause[222] -10 57 -41
c LOG 0 watch 46 blit 44 in irredundant size 3 clause[223] 46 44 -36
c LOG 0 watch 44 blit 46 in irredundant size 3 clause[223] 46 44 -36
c LOG 0 watch 18 blit 21 in irredundant size 3 clause[224] 18 21 -36
c LOG 0 watch 21 blit 18 in irredundant size 3 clause[224] 18 21 -36
c LOG 0 watch -47 blit -30 in irredundant size 3 clause[225] -47 -30 27
c LOG 0 watch -30 blit -47 in irredundant size 3 clause[225] -47 -30 27
c LOG 0 watch -26 blit 2 in irredundant size 3 clause[226] -26 2 24
c LOG 0 watch 2 blit -26 in irredundant size 3 clause[226] -26 2 24
c LOG 0 watch -51 blit -58 in irredundant size 8 clause[227] -51 -58 -26 44 49 23 -15 -10
c LOG 0 watch -58 blit -51 in irredundant size 8 clause[227] -51 -58 -26 44 49 23 -15 -10
c LOG 0 watch -25 blit 32 in irredundant size 3 clause[228] -25 32 56
c LOG 0 watch 32 blit -25 in irredundant size 3 clause[228] -25 32 56
c LOG 0 watch -44 blit -53 in irredundant size 3 clause[229] -44 -53 58
c LOG 0 watch -53 blit -44 in irredundant size 3 clause[229] -44 -53 58
c LOG 0 watch 31 blit 22 in irredundant size 3 clause[230] 31 22 -37
c LOG 0 watch 22 blit 31 in irredundant size 3 clause[230] 31 22 -37
c LOG 0 watch 53 blit -41 in irredundant size 3 clause[231] 53 -41 51
c LOG 0 watch -41 blit 53 in irredundant size 3 clause[231] 53 -41 51
c LOG 0 watch 46 blit -45 in irredundant size 3 clause[232] 46 -45 -53
c LOG 0 watch -45 blit 46 in irredundant size 3 clause[232] 46 -45 -53
c LOG 0 watch 8 blit -56 in irredundant size 3 clause[233] 8 -56 49
c LOG 0 watch -56 blit 8 in irredundant size 3 clause[233] 8 -56 49
c LOG 0 watch 58 blit 59 in irredundant size 3 clause[234] 58 59 60
c LOG 0 watch 59 blit 58 in irredundant size 3 clause[234] 58 59 60
c LOG 0 watch 3 blit 47 in irredundant size 3 clause[235] 3 47 37
c LOG 0 watch 47 blit 3 in irredundant size 3 clause[235] 3 47 37
c LOG 0 watch -57 blit 25 in irredundant size 3 clause[236] -57 25 3
c LOG 0 watch 25 blit -57 in irredundant size 3 clause[236] -57 25 3
c LOG 0 watch 42 blit -47 in irredundant size 3 clause[237] 42 -47 -56
c LOG 0 watch -47 blit 42 in irredundant size 3 clause[237] 42 -47 -56
c LOG 0 watch -51 blit -31 in irredundant size 3 clause[238] -51 -31 -3
c LOG 0 watch -31 blit -51 in irredundant size 3 clause[238] -51 -31 -3
c LOG 0 watch 53 blit -13 in irredundant size 3 clause[239] 53 -13 -45
c LOG 0 watch -13 blit 53 in irredundant size 3 clause[239] 53 -13 -45
c LOG 0 watch -59 blit 49 in irredundant size 3 clause[240] -59 49 -13
c LOG 0 watch 49 blit -59 in irredundant size 3 clause[240] -59 49 -13
c LOG 0 watch 14 blit -34 in irredundant size 18 clause[241] 14 -34 -58 -13 15 -54 57 22 -18 50 -44 -1 9 -41 -45 27 -59 38
c LOG 0 watch -34 blit 14 in irredundant size 18 clause[241] 14 -34 -58 -13 15 -54 57 22 -18 50 -44 -1 9 -41 -45 27 -59 38
c LOG 0 watch -28 blit -8 in irredundant size 3 clause[242] -28 -8 1
c LOG 0 watch -8 blit -28 in irredundant size 3 clause[242] -28 -8 1
c LOG 0 watch 38 blit 23 in irredundant size 3 clause[243] 38 23 -35
c LOG 0 watch 23 blit 38 in irredundant size 3 clause[243] 38 23 -35
c LOG 0 watch -51 blit 49 in irredundant size 3 clause[244] -51 49 46
c LOG 0 watch 49 blit -51 in irredundant size 3 clause[244] -51 49 46
c LOG 0 watch -38 blit 56 in irredundant size 3 clause[245] -38 56 -58
c LOG 0 watch 56 blit -38 in irredundant size 3 clause[245] -38 56 -58
c LOG 0 watch -21 blit 27 in irredundant size 3 clause[246] -21 27 -24
c LOG 0 watch 27 blit -21 in irredundant size 3 clause[246] -21 27 -24
c LOG 0 watch -18 blit -21 in irredundant size 3 clause[247] -18 -21 -47
c LOG 0 watch -21 blit -18 in irredundant size 3 clause[247] -18 -21 -47
c LOG 0 watch -10 blit -38 in irredundant size 3 clause[248] -10 -38 -8
c LOG 0 watch -38 blit -10 in irredundant size 3 clause[248] -10 -38 -8
c LOG 0 watch 5 blit -26 in irredundant size 3 clause[249] 5 -26 -52
c LOG 0 watch -26 blit 5 in irredundant size 3 clause[249] 5 -26 -52
c LOG 0 watch -3 blit 31 in irredundant size 3 clause[250] -3 31 26
c LOG 0 watch 31 blit -3 in irredundant size 3 clause[250] -3 31 26
c LOG 0 watch 58 blit 28 in irredundant size 3 clause[251] 58 28 2
c LOG 0 watch 28 blit 58 in irredundant size 3 clause[251] 58 28 2
c LOG 0 watch 60 blit -35 in irredundant size 3 clause[252] 60 -35 36
c LOG 0 watch -35 blit 60 in irredundant size 3 clause[252] 60 -35 36
c LOG 0 watch 31 blit 34 in irredundant size 3 clause[253] 31 34 -52
c LOG 0 watch 34 blit 31 in irredundant size 3 clause[253] 31 34 -52
c LOG 0 watch 51 blit -2 in irredundant size 3 clause[254] 51 -2 10
c LOG 0 watch -2 blit 51 in irredundant size 3 clause[254] 51 -2 10
c LOG 0 watch 36 blit -28 in irredundant size 19 clause[255] 36 -28 -24 10 52 -37 -9 -32 -58 -5 -44 22 15 -60 -40 47 18 -53 41
c LOG 0 watch -28 blit 36 in irredundant size 19 clause[255] 36 -28 -24 10 52 -37 -9 -32 -58 -5 -44 22 15 -60 -40 47 18 -53 41
c LOG 0 watch 51 blit -18 in irredundant size 3 clause[256] 51 -18 -57
c LOG 0 watch -18 blit 51 in irredundant size 3 clause[256] 51 -18 -57
c LOG 0 watch 60 blit 45 in irredundant size 3 clause[257] 60 45 -23
c LOG 0 watch 45 blit 60 in irredundant size 3 clause[257] 60 45 -23
c LOG 0 watch -60 blit 18 in irredundant size 3 clause[258] -60 18 40
c LOG 0 watch 18 blit -60 in irredundant size 3 clause[258] -60 18 40
c LOG 0 watch 59 blit 5 in irredundant size 3 clause[259] 59 5 50
c LOG 0 watch 5 blit 59 in irredundant size 3 clause[259] 59 5 50
c LOG 0 watch 2 blit -18 in irredundant size 3 clause[260] 2 -18 40
c LOG 0 watch -18 blit 2 in irredundant size 3 clause[260] 2 -18 40
c LOG 0 watch -47 blit -58 in irredundant size 3 clause[261] -47 -58 13
c LOG 0 watch -58 blit -47 in irredundant size 3 clause[261] -47 -58 13
c LOG 0 watch -23 blit -26 in irredundant size 3 clause[262] -23 -26 -44
c LOG 0 watch -26 blit -23 in irredundant size 3 clause[262] -23 -26 -44
c LOG 0 watch -9 blit -51 in irredundant size 14 clause[263] -9 -51 35 23 -30 44 -62 -59 56 -26 -52 27 -1 10
c LOG 0 watch -51 blit -9 in irredundant size 14 clause[263] -9 -51 35 23 -30 44 -62 -59 56 -26 -52 27 -1 10
c LOG 0 watch 1 blit -34 in irredundant size 3 clause[264] 1 -34 51
c LOG 0 watch -34 blit 1 in irredundant size 3 clause[264] 1 -34 51
c LOG 0 watch -60 blit -44 in irredundant size 3 clause[265] -60 -44 -51
c LOG 0 watch -44 blit -60 in irredundant size 3 clause[265] -60 -44 -51
c LOG 0 watch -8 blit -62 in irredundant size 3 clause[266] -8 -62 -35
c LOG 0 watch -62 blit -8 in irredundant size 3 clause[266] -8 -62 -35
c LOG 0 watch 13 blit 18 in irredundant size 3 clause[267] 13 18 -14
c LOG 0 watch 18 blit 13 in irredundant size 3 clause[267] 13 18 -14
c LOG 0 watch -37 blit 10 in irredundant size 3 clause[268] -37 10 54
c LOG 0 watch 10 blit -37 in irredundant size 3 clause[268] -37 10 54
c LOG 0 watch 13 blit 2 in irredundant size 3 clause[269] 13 2 52
c LOG 0 watch 2 blit 13 in irredundant size 3 clause[269] 13 2 52
c LOG 0 watch 62 blit 37 in irredundant size 4 clause[270] 62 37 -45 36
c LOG 0 watch 37 blit 62 in irredundant size 4 clause[270] 62 37 -45 36
c LOG 0 watch -37 blit -18 in irredundant size 3 clause[271] -37 -18 30
c LOG 0 watch -18 blit -37 in irredundant size 3 clause[271] -37 -18 30
c LOG 0 watch -44 blit 36 in irredundant size 3 clause[272] -44 36 -13
c LOG 0 watch 36 blit -44 in irredundant size 3 clause[272] -44 36 -13
c LOG 0 watch 18 blit 59 in irredundant size 3 clause[273] 18 59 -2
c LOG 0 watch 59 blit 18 in irredundant size 3 clause[273] 18 59 -2
c LOG 0 watch 13 blit 56 in irredundant size 3 clause[274] 13 56 36
c LOG 0 watch 56 blit 13 in irredundant size 3 clause[274] 13 56 36
c LOG 0 watch 31 blit 35 in irredundant size 3 clause[275] 31 35 8
c LOG 0 watch 35 blit 31 in irredundant size 3 clause[275] 31 35 8
c LOG 0 watch 22 blit 46 in irredundant size 3 clause[276] 22 46 -23
c LOG 0 watch 46 blit 22 in irredundant size 3 clause[276] 22 46 -23
c LOG 0 watch 35 blit 3 in irredundant size 3 clause[277] 35 3 -50
c LOG 0 watch 3 blit 35 in irredundant size 3 clause[277] 35 3 -50
c LOG 0 watch 37 blit -59 in irredundant size 15 clause[278] 37 -59 31 5 -40 2 18 -56 -27 51 13 21 -22 32 -60
c LOG 0 watch -59 blit 37 in irredundant size 15 clause[278] 37 -59 31 5 -40 2 18 -56 -27 51 13 21 -22 32 -60
c LOG 0 watch 21 blit -42 in irredundant size 7 clause[279] 21 -42 53 -56 45 -50 31
c LOG 0 watch -42 blit 21 in irredundant size 7 clause[279] 21 -42 53 -56 45 -50 31
c LOG 0 watch -27 blit 47 in irredundant size 3 clause[280] -27 47 -21
c LOG 0 watch 47 blit -27 in irredundant size 3 clause[280] -27 47 -21
c LOG 0 watch 38 blit 46 in irredundant size 3 clause[281] 38 46 -30
c LOG 0 watch 46 blit 38 in irredundant size 3 clause[281] 38 46 -30
c LOG 0 watch 26 blit -9 in irredundant size 3 clause[282] 26 -9 -1
c LOG 0 watch -9 blit 26 in irredundant size 3 clause[282] 26 -9 -1
c LOG 0 watch 54 blit -34 in irredundant size 3 clause[283] 54 -34 23
c LOG 0 watch -34 blit 54 in irredundant size 3 clause[283] 54 -34 23
c LOG 0 watch 22 blit 47 in irredundant size 3 clause[284] 22 47 38
c LOG 0 watch 47 blit 22 in irredundant size 3 clause[284] 22 47 38
c LOG 0 watch -14 blit -34 in irredundant size 3 clause[285] -14 -34 -18
c LOG 0 watch -34 blit -14 in irredundant size 3 clause[285] -14 -34 -18
c LOG 0 watch 59 blit 58 in irredundant size 3 clause[286] 59 58 56
c LOG 0 watch 58 blit 59 in irredundant size 3 clause[286] 59 58 56
c LOG 0 watch 21 blit 18 in irredundant size 3 clause[287] 21 18 -27
c LOG 0 watch 18 blit 21 in irredundant size 3 clause[287] 21 18 -27
c LOG 0 watch 38 blit 52 in irredundant size 3 clause[288] 38 52 -30
c LOG 0 watch 52 blit 38 in irredundant size 3 clause[288] 38 52 -30
c LOG 0 watch 54 blit 10 in irredundant size 4 clause[289] 54 10 -37 -21
c LOG 0 watch 10 blit 54 in irredundant size 4 clause[289] 54 10 -37 -21
c LOG 0 watch 28 blit -59 in irredundant size 3 clause[290] 28 -59 42
c LOG 0 watch -59 blit 28 in irredundant size 3 clause[290] 28 -59 42
c LOG 0 watch -14 blit 45 in irredundant size 3 clause[291] -14 45 -13
c LOG 0 watch 45 blit -14 in irredundant size 3 clause[291] -14 45 -13
c LOG 0 watch 51 blit -13 in irredundant size 3 clause[292] 51 -13 -41
c LOG 0 watch -13 blit 51 in irredundant size 3 clause[292] 51 -13 -41
c LOG 0 watch 54 blit 28 in irredundant size 3 clause[293] 54 28 34
c LOG 0 watch 28 blit 54 in irredundant size 3 clause[293] 54 28 34
c LOG 0 watch 30 blit -10 in irredundant size 3 clause[294] 30 -10 -5
c LOG 0 watch -10 blit 30 in irredundant size 3 clause[294] 30 -10 -5
c LOG 0 watch 8 blit -31 in irredundant size 3 clause[295] 8 -31 22
c LOG 0 watch -31 blit 8 in irredundant size 3 clause[295] 8 -31 22
c LOG 0 watch -9 blit -44 in irredundant size 3 clause[296] -9 -44 3
c LOG 0 watch -44 blit -9 in irredundant size 3 clause[296] -9 -44 3
c LOG 0 watch -41 blit -24 in irredundant size 3 clause[297] -41 -24 -54
c LOG 0 watch -24 blit -41 in irredundant size 3 clause[297] -41 -24 -54
c LOG 0 watch 42 blit 22 in irredundant size 8 clause[298] 42 22 -1 -14 -44 -60 3 -8
c LOG 0 watch 22 blit 42 in irredundant size 8 clause[298] 42 22 -1 -14 -44 -60 3 -8
c LOG 0 watch 23 blit 22 in irredundant size 4 clause[299] 23 22 -14 13
c LOG 0 watch 22 blit 23 in irredundant size 4 clause[299] 23 22 -14 13
c LOG 0 watch 24 blit 1 in irredundant size 3 clause[300] 24 1 13
c LOG 0 watch 1 blit 24 in irredundant size 3 clause[300] 24 1 13
c LOG 0 watch 21 blit 10 in irredundant size 4 clause[301] 21 10 -51 -31
c LOG 0 watch 10 blit 21 in irredundant size 4 clause[301] 21 10 -51 -31
c LOG 0 watch 25 blit -54 in irredundant size 3 clause[302] 25 -54 -60
c LOG 0 watch -54 blit 25 in irredundant size 3 clause[302] 25 -54 -60
c LOG 0 watch -42 blit 2 in irredundant size 3 clause[303] -42 2 34
c LOG 0 watch 2 blit -42 in irredundant size 3 clause[303] -42 2 34
c LOG 0 watch 62 blit -51 in irredundant size 3 clause[304] 62 -51 -25
c LOG 0 watch -51 blit 62 in irredundant size 3 clause[304] 62 -51 -25
c LOG 0 watch 1 blit 34 in irredundant size 3 clause[305] 1 34 -9
c LOG 0 watch 34 blit 1 in irredundant size 3 clause[305] 1 34 -9
c LOG 0 watch 45 blit 60 in irredundant size 3 clause[306] 45 60 -2
c LOG 0 watch 60 blit 45 in irredundant size 3 clause[306] 45 60 -2
c LOG 0 watch -1 blit -24 in irredundant size 3 clause[307] -1 -24 5
c LOG 0 watch -24 blit -1 in irredundant size 3 clause[307] -1 -24 5
c LOG 0 watch -38 blit -34 in irredundant size 3 clause[308] -38 -34 54
c LOG 0 watch -34 blit -38 in irredundant size 3 clause[308] -38 -34 54
c LOG 0 watch -22 blit 45 in irredundant size 3 clause[309] -22 45 38
c LOG 0 watch 45 blit -22 in irredundant size 3 clause[309] -22 45 38
c LOG 0 watch 46 blit -41 in irredundant size 3 clause[310] 46 -41 10
c LOG 0 watch -41 blit 46 in irredundant size 3 clause[310] 46 -41 10
c LOG 0 watch -45 blit 27 in irredundant size 4 clause[311] -45 27 38 -52
c LOG 0 watch 27 blit -45 in irredundant size 4 clause[311] -45 27 38 -52
c LOG 0 watch 51 blit 44 in irredundant size 20 clause[312] 51 44 -46 -25 -35 -34 -26 -42 10 -21 9 -56 15 58 -3 -18 -22 -54 24 -50
c LOG 0 watch 44 blit 51 in irredundant size 20 clause[312] 51 44 -46 -25 -35 -34 -26 -42 10 -21 9 -56 15 58 -3 -18 -22 -54 24 -50
c LOG 0 watch -2 blit -30 in irredundant size 14 clause[313] -2 -30 -57 -23 52 -41 -50 18 58 21 -9 -51 36 49
c LOG 0 watch -30 blit -2 in irredundant size 14 clause[313] -2 -30 -57 -23 52 -41 -50 18 58 21 -9 -51 36 49
c LOG 0 watch 35 blit 24 in irredundant size 3 clause[314] 35 24 53
c LOG 0 watch 24 blit 35 in irredundant size 3 clause[314] 35 24 53
c LOG 0 watch -54 blit 24 in irredundant size 3 clause[315] -54 24 -53
c LOG 0 watch 24 blit -54 in irredundant size 3 clause[315] -54 24 -53
c LOG 0 watch 3 blit 40 in irredundant size 3 clause[316] 3 40 -47
c LOG 0 watch 40 blit 3 in irredundant size 3 clause[316] 3 40 -47
c LOG 0 watch -8 blit 54 in irredundant size 3 clause[317] -8 54 -34
c LOG 0 watch 54 blit -8 in irredundant size 3 clause[317] -8 54 -34
c LOG 0 watch 3 blit 8 in irredundant size 3 clause[318] 3 8 -38
c LOG 0 watch 8 blit 3 in irredundant size 3 clause[318] 3 8 -38
c LOG 0 watch -24 blit -59 in irredundant size 3 clause[319] -24 -59 53
c LOG 0 watch -59 blit -24 in irredundant size 3 clause[319] -24 -59 53
c LOG 0 watch 45 blit 27 in irredundant size 3 clause[320] 45 27 54
c LOG 0 watch 27 blit 45 in irredundant size 3 clause[320] 45 27 54
c LOG 0 watch -45 blit 62 in irredundant size 3 clause[321] -45 62 21
c LOG 0 watch 62 blit -45 in irredundant size 3 clause[321] -45 62 21
c LOG 0 watch -45 blit 25 in irredundant size 3 clause[322] -45 25 27
c LOG 0 watch 25 blit -45 in irredundant size 3 clause[322] -45 25 27
c LOG 0 watch -35 blit 8 in irredundant size 16 clause[323] -35 8 -15 -38 47 -41 58 1 3 21 32 -25 14 5 54 51
c LOG 0 watch 8 blit -35 in irredundant size 16 clause[323] -35 8 -15 -38 47 -41 58 1 3 21 32 -25 14 5 54 51
c LOG 0 watch -62 blit 13 in irredundant size 3 clause[324] -62 13 -18
c LOG 0 watch 13 blit -62 in irredundant size 3 clause[324] -62 13 -18
c LOG 0 watch 31 blit -40 in irredundant size 3 clause[325] 31 -40 27
c LOG 0 watch -40 blit 31 in irredundant size 3 clause[325] 31 -40 27
c LOG 0 watch 42 blit 30 in irredundant size 3 clause[327] 42 30 13
c LOG 0 watch 30 blit 42 in irredundant size 3 clause[327] 42 30 13
c LOG 0 watch -52 blit 13 in irredundant size 3 clause[328] -52 13 18
c LOG 0 watch 13 blit -52 in irredundant size 3 clause[328] -52 13 18
c LOG 0 watch -5 blit -56 in irredundant size 3 clause[329] -5 -56 44
c LOG 0 watch -56 blit -5 in irredundant size 3 clause[329] -5 -56 44
c LOG 0 watch -25 blit 36 in irredundant size 3 clause[330] -25 36 -54
c LOG 0 watch 36 blit -25 in irredundant size 3 clause[330] -25 36 -54
c LOG 0 watch 36 blit -34 in irredundant size 3 clause[331] 36 -34 -5
c LOG 0 watch -34 blit 36 in irredundant size 3 clause[331] 36 -34 -5
c LOG 0 watch -37 blit -34 in irredundant size 3 clause[332] -37 -34 42
c LOG 0 watch -34 blit -37 in irredundant size 3 clause[332] -37 -34 42
c LOG 0 watch -13 blit 31 in irredundant size 3 clause[333] -13 31 57
c LOG 0 watch 31 blit -13 in irredundant size 3 clause[333] -13 31 57
c LOG 0 watch 45 blit 24 in irredundant size 20 clause[334] 45 24 5 -10 -22 -3 -57 51 -14 -21 2 54 -27 -9 -15 49 -8 44 -23 -47
c LOG 0 watch 24 blit 45 in irredundant size 20 clause[334] 45 24 5 -10 -22 -3 -57 51 -14 -21 2 54 -27 -9 -15 49 -8 44 -23 -47
c LOG 0 watch 8 blit 51 in irredundant size 3 clause[335] 8 51 -31
c LOG 0 watch 51 blit 8 in irredundant size 3 clause[335] 8 51 -31
c LOG 0 watch 9 blit 52 in irredundant size 3 clause[336] 9 52 8
c LOG 0 watch 52 blit 9 in irredundant size 3 clause[336] 9 52 8
c LOG 0 watch 58 blit -21 in irredundant size 3 clause[337] 58 -21 14
c LOG 0 watch -21 blit 58 in irredundant size 3 clause[337] 58 -21 14
c LOG 0 watch 56 blit -24 in irredundant size 3 clause[338] 56 -24 -14
c LOG 0 watch -24 blit 56 in irredundant size 3 clause[338] 56 -24 -14
c LOG 0 watch 37 blit -41 in irredundant size 3 clause[339] 37 -41 26
c LOG 0 watch -41 blit 37 in irredundant size 3 clause[339] 37 -41 26
c LOG 0 watch 54 blit -35 in irredundant size 3 clause[340] 54 -35 -53
c LOG 0 watch -35 blit 54 in irredundant size 3 clause[340] 54 -35 -53
c LOG 0 watch 57 blit -50 in irredundant size 3 clause[341] 57 -50 28
c LOG 0 watch -50 blit 57 in irredundant size 3 clause[341] 57 -50 28
c LOG 0 watch 41 blit -32 in irredundant size 3 clause[342] 41 -32 42
c LOG 0 watch -32 blit 41 in irredundant size 3 clause[342] 41 -32 42
c LOG 0 watch -14 blit 56 in irredundant size 14 clause[343] -14 56 26 -57 40 31 62 -42 3 -44 30 49 24 60
c LOG 0 watch 56 blit -14 in irredundant size 14 clause[343] -14 56 26 -57 40 31 62 -42 3 -44 30 49 24 60
c LOG 0 watch 47 blit 37 in irredundant size 3 clause[344] 47 37 -14
c LOG 0 watch 37 blit 47 in irredundant size 3 clause[344] 47 37 -14
c LOG 0 watch 57 blit -59 in irredundant size 3 clause[345] 57 -59 9
c LOG 0 watch -59 blit 57 in irredundant size 3 clause[345] 57 -59 9
c LOG 0 watch -2 blit 49 in irredundant size 3 clause[346] -2 49 13
c LOG 0 watch 49 blit -2 in irredundant size 3 clause[346] -2 49 13
c LOG 0 watch 24 blit 30 in irredundant size 3 clause[347] 24 30 47
c LOG 0 watch 30 blit 24 in irredundant size 3 clause[347] 24 30 47
c LOG 0 watch -54 blit 49 in irredundant size 3 clause[348] -54 49 37
c LOG 0 watch 49 blit -54 in irredundant size 3 clause[348] -54 49 37
c LOG 0 watch -45 blit -59 in irredundant size 3 clause[349] -45 -59 -8
c LOG 0 watch -59 blit -45 in irredundant size 3 clause[349] -45 -59 -8
c LOG 0 watch 22 blit 42 in irredundant size 3 clause[350] 22 42 -3
c LOG 0 watch 42 blit 22 in irredundant size 3 clause[350] 22 42 -3
c LOG 0 watch 8 blit -37 in irredundant size 3 clause[351] 8 -37 -28
c LOG 0 watch -37 blit 8 in irredundant size 3 clause[351] 8 -37 -28
c LOG 0 watch 53 blit -18 in irredundant size 3 clause[352] 53 -18 -10
c LOG 0 watch -18 blit 53 in irredundant size 3 clause[352] 53 -18 -10
c LOG 0 watch 35 blit 5 in irredundant size 3 clause[353] 35 5 54
c LOG 0 watch 5 blit 35 in irredundant size 3 clause[353] 35 5 54
c LOG 0 watch -27 blit 45 in irredundant size 3 clause[354] -27 45 25
c LOG 0 watch 45 blit -27 in irredundant size 3 clause[354] -27 45 25
c LOG 0 watch 22 blit -32 in irredundant size 3 clause[355] 22 -32 -21
c LOG 0 watch -32 blit 22 in irredundant size 3 clause[355] 22 -32 -21
c LOG 0 watch -3 blit 21 in irredundant size 3 clause[356] -3 21 58
c LOG 0 watch 21 blit -3 in irredundant size 3 clause[356] -3 21 58
c LOG 0 watch -2 blit -36 in irredundant size 3 clause[357] -2 -36 49
c LOG 0 watch -36 blit -2 in irredundant size 3 clause[357] -2 -36 49
c LOG 0 watch -40 blit 41 in irredundant size 3 clause[358] -40 41 3
c LOG 0 watch 41 blit -40 in irredundant size 3 clause[358] -40 41 3
c LOG 0 watch 56 blit 28 in irredundant size 3 clause[359] 56 28 -26
c LOG 0 watch 28 blit 56 in irredundant size 3 clause[359] 56 28 -26
c LOG 0 watch 60 blit 35 in irredundant size 3 clause[360] 60 35 1
c LOG 0 watch 35 blit 60 in irredundant size 3 clause[360] 60 35 1
c LOG 0 watch -5 blit 37 in irredundant size 3 clause[361] -5 37 50
c LOG 0 watch 37 blit -5 in irredundant size 3 clause[361] -5 37 50
c LOG 0 watch 14 blit -34 in irredundant size 3 clause[362] 14 -34 35
c LOG 0 watch -34 blit 14 in irredundant size 3 clause[362] 14 -34 35
c LOG 0 watch -25 blit 57 in irredundant size 3 clause[363] -25 57 -31
c LOG 0 watch 57 blit -25 in irredundant size 3 clause[363] -25 57 -31
c LOG 0 watch 9 blit -35 in irredundant size 3 clause[364] 9 -35 -31
c LOG 0 watch -35 blit 9 in irredundant size 3 clause[364] 9 -35 -31
c LOG 0 watch -40 blit 47 in irredundant size 3 clause[365] -40 47 -34
c LOG 0 watch 47 blit -40 in irredundant size 3 clause[365] -40 47 -34
c LOG 0 watch 8 blit 18 in irredundant size 3 clause[366] 8 18 23
c LOG 0 watch 18 blit 8 in irredundant size 3 clause[366] 8 18 23
c LOG 0 watch 59 blit -45 in irredundant size 3 clause[367] 59 -45 26
c LOG 0 watch -45 blit 59 in irredundant size 3 clause[367] 59 -45 26
c LOG 0 watch -51 blit -30 in irredundant size 3 clause[368] -51 -30 34
c LOG 0 watch -30 blit -51 in irredundant size 3 clause[368] -51 -30 34
c LOG 0 watch 34 blit 18 in irredundant size 3 clause[369] 34 18 30
c LOG 0 watch 18 blit 34 in irredundant size 3 clause[369] 34 18 30
c LOG 0 watch 57 blit 21 in irredundant size 3 clause[370] 57 21 3
c LOG 0 watch 21 blit 57 in irredundant size 3 clause[370] 57 21 3
c LOG 0 watch 8 blit -10 in irredundant size 3 clause[371] 8 -10 3
c LOG 0 watch -10 blit 8 in irredundant size 3 clause[371] 8 -10 3
c LOG 0 watch -5 blit 51 in irredundant size 20 clause[372] -5 51 -52 -53 -2 -21 -14 58 32 -10 35 -62 26 -23 -57 50 -28 41 -18 34
c LOG 0 watch 51 blit -5 in irredundant size 20 clause[372] -5 51 -52 -53 -2 -21 -14 58 32 -10 35 -62 26 -23 -57 50 -28 41 -18 34
c LOG 0 watch -53 blit -30 in irredundant size 3 clause[373] -53 -30 -35
c LOG 0 watch -30 blit -53 in irredundant size 3 clause[373] -53 -30 -35
c LOG 0 watch -41 blit -28 in irredundant size 3 clause[374] -41 -28 -57
c LOG 0 watch -28 blit -41 in irredundant size 3 clause[374] -41 -28 -57
c LOG 0 watch -50 blit 57 in irredundant size 15 clause[375] -50 57 -40 -26 25 35 3 41 60 -5 49 -37 -18 51 1
c LOG 0 watch 57 blit -50 in irredundant size 15 clause[375] -50 57 -40 -26 25 35 3 41 60 -5 49 -37 -18 51 1
c LOG 0 watch -53 blit 44 in irredundant size 4 clause[376] -53 44 18 9
c LOG 0 watch 44 blit -53 in irredundant size 4 clause[376] -53 44 18 9
c LOG 0 watch 36 blit 27 in irredundant size 3 clause[377] 36 27 -31
c LOG 0 watch 27 blit 36 in irredundant size 3 clause[377] 36 27 -31
c LOG 0 watch 51 blit -62 in irredundant size 3 clause[378] 51 -62 36
c LOG 0 watch -62 blit 51 in irredundant size 3 clause[378] 51 -62 36
c LOG 0 watch 49 blit -56 in irredundant size 3 clause[379] 49 -56 5
c LOG 0 watch -56 blit 49 in irredundant size 3 clause[379] 49 -56 5
c LOG 0 watch -60 blit -26 in irredundant size 3 clause[380] -60 -26 50
c LOG 0 watch -26 blit -60 in irredundant size 3 clause[380] -60 -26 50
c LOG 0 watch -35 blit -14 in irredundant size 3 clause[381] -35 -14 41
c LOG 0 watch -14 blit -35 in irredundant size 3 clause[381] -35 -14 41
c LOG 0 watch -62 blit -42 in irredundant size 3 clause[382] -62 -42 36
c LOG 0 watch -42 blit -62 in irredundant size 3 clause[382] -62 -42 36
c LOG 0 watch -37 blit 21 in irredundant size 3 clause[383] -37 21 15
c LOG 0 watch 21 blit -37 in irredundant size 3 clause[383] -37 21 15
c LOG 0 watch -25 blit -37 in irredundant size 14 clause[384] -25 -37 -60 54 23 36 22 -53 -42 -47 30 3 2 10
c LOG 0 watch -37 blit -25 in irredundant size 14 clause[384] -25 -37 -60 54 23 36 22 -53 -42 -47 30 3 2 10
c LOG 0 watch 15 blit -23 in irredundant size 3 clause[385] 15 -23 41
c LOG 0 watch -23 blit 15 in irredundant size 3 clause[385] 15 -23 41
c LOG 0 watch 22 blit -1 in irredundant size 3 clause[386] 22 -1 56
c LOG 0 watch -1 blit 22 in irredundant size 3 clause[386] 22 -1 56
c LOG 0 watch 1 blit 25 in irredundant size 3 clause[387] 1 25 -2
c LOG 0 watch 25 blit 1 in irredundant size 3 clause[387] 1 25 -2
c LOG 0 watch 31 blit 40 in irredundant size 3 clause[388] 31 40 50
c LOG 0 watch 40 blit 31 in irredundant size 3 clause[388] 31 40 50
c LOG 0 watch 54 blit -37 in irredundant size 3 clause[389] 54 -37 -30
c LOG 0 watch -37 blit 54 in irredundant size 3 clause[389] 54 -37 -30
c LOG 0 watch 54 blit -26 in irredundant size 3 clause[390] 54 -26 44
c LOG 0 watch -26 blit 54 in irredundant size 3 clause[390] 54 -26 44
c LOG 0 watch 32 blit -49 in irredundant size 3 clause[391] 32 -49 3
c LOG 0 watch -49 blit 32 in irredundant size 3 clause[391] 32 -49 3
c LOG 0 watch -40 blit 57 in irredundant size 3 clause[392] -40 57 13
c LOG 0 watch 57 blit -40 in irredundant size 3 clause[392] -40 57 13
c LOG 0 watch 5 blit -46 in irredundant size 3 clause[393] 5 -46 31
c LOG 0 watch -46 blit 5 in irredundant size 3 clause[393] 5 -46 31
c LOG 0 watch -32 blit -54 in irredundant size 3 clause[394] -32 -54 -45
c LOG 0 watch -54 blit -32 in irredundant size 3 clause[394] -32 -54 -45
c LOG 0 watch 58 blit -23 in irredundant size 3 clause[395] 58 -23 -50
c LOG 0 watch -23 blit 58 in irredundant size 3 clause[395] 58 -23 -50
c LOG 0 watch 47 blit -45 in irredundant size 3 clause[396] 47 -45 56
c LOG 0 watch -45 blit 47 in irredundant size 3 clause[396] 47 -45 56
c LOG 0 watch -59 blit -30 in irredundant size 4 clause[397] -59 -30 34 -60
c LOG 0 watch -30 blit -59 in irredundant size 4 clause[397] -59 -30 34 -60
c LOG 0 watch 59 blit 37 in irredundant size 3 clause[398] 59 37 -38
c LOG 0 watch 37 blit 59 in irredundant size 3 clause[398] 59 37 -38
c LOG 0 starting propagate
c LOG 0 termination asynchronously forced
c LOG 0 reset watcher tables
c LOG 0 termination asynchronously forced
c [elim-phase-1] incomplete elimination 1 at elimination bound 0
c LOG 0 initialized watcher tables
c LOG 0 watching all clauses
c LOG 0 watch 43 blit -24 in irredundant size 2 clause[88] 43 -24
c LOG 0 watch -24 blit 43 in irredundant size 2 clause[88] 43 -24
c LOG 0 watch -30 blit -11 in irredundant size 2 clause[138] -30 -11
c LOG 0 watch -11 blit -30 in irredundant size 2 clause[138] -30 -11
c LOG 0 watch -22 blit 25 in irredundant size 2 clause[326] -22 25
c LOG 0 watch 25 blit -22 in irredundant size 2 clause[326] -22 25
c LOG 0 watch -36 blit 25 in irredundant size 2 clause[399] -36 25
c LOG 0 watch 25 blit -36 in irredundant size 2 clause[399] -36 25
c LOG 0 watch -1 blit 2 in irredundant size 3 clause[1] -1 2 3
c LOG 0 watch 2 blit -1 in irredundant size 3 clause[1] -1 2 3
c LOG 0 watch -4 blit 3 in irredundant size 3 clause[2] -4 3 -5
c LOG 0 watch 3 blit -4 in irredundant size 3 clause[2] -4 3 -5
c LOG 0 watch 7 blit -8 in irredundant size 3 clause[3] 7 -8 6
c LOG 0 watch -8 blit 7 in irredundant size 3 clause[3] 7 -8 6
c LOG 0 watch -9 blit 11 in irredundant size 3 clause[4] -9 11 -10
c LOG 0 watch 11 blit -9 in irredundant size 3 clause[4] -9 11 -10
c LOG 0 watch 2 blit 12 in irredundant size 3 clause[5] 2 12 13
c LOG 0 watch 12 blit 2 in irredundant size 3 clause[5] 2 12 13
c LOG 0 watch 14 blit -16 in irredundant size 3 clause[6] 14 -16 -15
c LOG 0 watch -16 blit 14 in irredundant size 3 clause[6] 14 -16 -15
c LOG 0 watch -17 blit -18 in irredundant size 3 clause[7] -17 -18 -19
c LOG 0 watch -18 blit -17 in irredundant size 3 clause[7] -17 -18 -19
c LOG 0 watch -20 blit 12 in irredundant size 3 clause[8] -20 12 -15
c LOG 0 watch 12 blit -20 in irredundant size 3 clause[8] -20 12 -15
c LOG 0 watch 21 blit 22 in irredundant size 3 clause[9] 21 22 23
c LOG 0 watch 22 blit 21 in irredundant size 3 clause[9] 21 22 23
c LOG 0 watch -24 blit -12 in irredundant size 3 clause[10] -24 -12 -25
c LOG 0 watch -12 blit -24 in irredundant size 3 clause[10] -24 -12 -25
c LOG 0 watch 4 blit -26 in irredundant size 15 clause[11] 4 -26 27 28 -29 18 -30 -2 -7 -31 -8 -13 25 20 -23
c LOG 0 watch -26 blit 4 in irredundant size 15 clause[11] 4 -26 27 28 -29 18 -30 -2 -7 -31 -8 -13 25 20 -23
c LOG 0 watch -24 blit -23 in irredundant size 3 clause[12] -24 -23 30
c LOG 0 watch -23 blit -24 in irredundant size 3 clause[12] -24 -23 30
c LOG 0 watch 32 blit -2 in irredundant size 3 clause[13] 32 -2 -16
c LOG 0 watch -2 blit 32 in irredundant size 3 clause[13] 32 -2 -16
c LOG 0 watch 27 blit -14 in irredundant size 3 clause[14] 27 -14 -33
c LOG 0 watch -14 blit 27 in irredundant size 3 clause[14] 27 -14 -33
c LOG 0 watch -32 blit -34 in irredundant size 3 clause[15] -32 -34 -7
c LOG 0 watch -34 blit -32 in irredundant size 3 clause[15] -32 -34 -7
c LOG 0 watch -20 blit -35 in irredundant size 3 clause[16] -20 -35 -15
c LOG 0 watch -35 blit -20 in irredundant size 3 clause[16] -20 -35 -15
c LOG 0 watch 36 blit -14 in irredundant size 3 clause[17] 36 -14 -33
c LOG 0 watch -14 blit 36 in irredundant size 3 clause[17] 36 -14 -33
c LOG 0 watch -29 blit -5 in irredundant size 3 clause[18] -29 -5 -12
c LOG 0 watch -5 blit -29 in irredundant size 3 clause[18] -29 -5 -12
c LOG 0 watch -37 blit -38 in irredundant size 3 clause[19] -37 -38 8
c LOG 0 watch -38 blit -37 in irredundant size 3 clause[19] -37 -38 8
c LOG 0 watch 19 blit -27 in irredundant size 3 clause[20] 19 -27 -11
c LOG 0 watch -27 blit 19 in irredundant size 3 clause[20] 19 -27 -11
c LOG 0 watch 1 blit -6 in irredundant size 4 clause[21] 1 -6 23 -39
c LOG 0 watch -6 blit 1 in irredundant size 4 clause[21] 1 -6 23 -39
c LOG 0 watch -30 blit 19 in irredundant size 3 clause[22] -30 19 36
c LOG 0 watch 19 blit -30 in irredundant size 3 clause[22] -30 19 36
c LOG 0 watch 9 blit 19 in irredundant size 3 clause[23] 9 19 -13
c LOG 0 watch 19 blit 9 in irredundant size 3 clause[23] 9 19 -13
c LOG 0 watch 37 blit 40 in irredundant size 3 clause[24] 37 40 -35
c LOG 0 watch 40 blit 37 in irredundant size 3 clause[24] 37 40 -35
c LOG 0 watch -41 blit 24 in irredundant size 3 clause[25] -41 24 -40
c LOG 0 watch 24 blit -41 in irredundant size 3 clause[25] -41 24 -40
c LOG 0 watch -26 blit -37 in irredundant size 19 clause[26] -26 -37 35 23 -10 -38 -4 8 24 -40 12 42 -18 29 36 -39 41 19 -15
c LOG 0 watch -37 blit -26 in irredundant size 19 clause[26] -26 -37 35 23 -10 -38 -4 8 24 -40 12 42 -18 29 36 -39 41 19 -15
c LOG 0 watch 25 blit -9 in irredundant size 3 clause[27] 25 -9 -33
c LOG 0 watch -9 blit 25 in irredundant size 3 clause[27] 25 -9 -33
c LOG 0 watch 18 blit -21 in irredundant size 3 clause[28] 18 -21 29
c LOG 0 watch -21 blit 18 in irredundant size 3 clause[28] 18 -21 29
c LOG 0 watch 9 blit 32 in irredundant size 3 clause[29] 9 32 8
c LOG 0 watch 32 blit 9 in irredundant size 3 clause[29] 9 32 8
c LOG 0 watch -2 blit -43 in irredundant size 3 clause[30] -2 -43 -42
c LOG 0 watch -43 blit -2 in irredundant size 3 clause[30] -2 -43 -42
c LOG 0 watch 5 blit 3 in irredundant size 3 clause[31] 5 3 40
c LOG 0 watch 3 blit 5 in irredundant size 3 clause[31] 5 3 40
c LOG 0 watch -23 blit -33 in irredundant size 19 clause[32] -23 -33 -25 24 -44 38 -2 -11 -9 34 20 43 -45 15 -21 -36 5 30 -17
c LOG 0 watch -33 blit -23 in irredundant size 19 clause[32] -23 -33 -25 24 -44 38 -2 -11 -9 34 20 43 -45 15 -21 -36 5 30 -17
c LOG 0 watch -8 blit -4 in irredundant size 3 clause[33] -8 -4 21
c LOG 0 watch -4 blit -8 in irredundant size 3 clause[33] -8 -4 21
c LOG 0 watch -12 blit -36 in irredundant size 3 clause[34] -12 -36 26
c LOG 0 watch -36 blit -12 in irredundant size 3 clause[34] -12 -36 26
c LOG 0 watch 34 blit 41 in irredundant size 3 clause[35] 34 41 -23
c LOG 0 watch 41 blit 34 in irredundant size 3 clause[35] 34 41 -23
c LOG 0 watch -44 blit 18 in irredundant size 3 clause[36] -44 18 -13
c LOG 0 watch 18 blit -44 in irredundant size 3 clause[36] -44 18 -13
c LOG 0 watch -27 blit -9 in irredundant size 4 clause[37] -27 -9 -19 -1
c LOG 0 watch -9 blit -27 in irredundant size 4 clause[37] -27 -9 -19 -1
c LOG 0 watch 27 blit 30 in irredundant size 3 clause[38] 27 30 32
c LOG 0 watch 30 blit 27 in irredundant size 3 clause[38] 27 30 32
c LOG 0 watch 12 blit 38 in irredundant size 3 clause[39] 12 38 28
c LOG 0 watch 38 blit 12 in irredundant size 3 clause[39] 12 38 28
c LOG 0 watch 20 blit -19 in irredundant size 3 clause[40] 20 -19 28
c LOG 0 watch -19 blit 20 in irredundant size 3 clause[40] 20 -19 28
c LOG 0 watch 21 blit 2 in irredundant size 3 clause[41] 21 2 17
c LOG 0 watch 2 blit 21 in irredundant size 3 clause[41] 21 2 17
c LOG 0 watch -36 blit 18 in irredundant size 3 clause[42] -36 18 -10
c LOG 0 watch 18 blit -36 in irredundant size 3 clause[42] -36 18 -10
c LOG 0 watch 33 blit 4 in irredundant size 3 clause[43] 33 4 -45
c LOG 0 watch 4 blit 33 in irredundant size 3 clause[43] 33 4 -45
c LOG 0 watch 7 blit 23 in irredundant size 3 clause[44] 7 23 -45
c LOG 0 watch 23 blit 7 in irredundant size 3 clause[44] 7 23 -45
c LOG 0 watch 19 blit 35 in irredundant size 3 clause[45] 19 35 -33
c LOG 0 watch 35 blit 19 in irredundant size 3 clause[45] 19 35 -33
c LOG 0 watch 3 blit -18 in irredundant size 3 clause[46] 3 -18 2
c LOG 0 watch -18 blit 3 in irredundant size 3 clause[46] 3 -18 2
c LOG 0 watch -30 blit 43 in irredundant size 3 clause[47] -30 43 6
c LOG 0 watch 43 blit -30 in irredundant size 3 clause[47] -30 43 6
c LOG 0 watch 41 blit 37 in irredundant size 4 clause[48] 41 37 17 29
c LOG 0 watch 37 blit 41 in irredundant size 4 clause[48] 41 37 17 29
c LOG 0 watch 38 blit 37 in irredundant size 3 clause[49] 38 37 8
c LOG 0 watch 37 blit 38 in irredundant size 3 clause[49] 38 37 8
c LOG 0 watch 12 blit -47 in irredundant size 3 clause[50] 12 -47 29
c LOG 0 watch -47 blit 12 in irredundant size 3 clause[50] 12 -47 29
c LOG 0 watch 18 blit 42 in irredundant size 3 clause[51] 18 42 -15
c LOG 0 watch 42 blit 18 in irredundant size 3 clause[51] 18 42 -15
c LOG 0 watch 23 blit 18 in irredundant size 3 clause[52] 23 18 -14
c LOG 0 watch 18 blit 23 in irredundant size 3 clause[52] 23 18 -14
c LOG 0 watch -4 blit 19 in irredundant size 3 clause[53] -4 19 -18
c LOG 0 watch 19 blit -4 in irredundant size 3 clause[53] -4 19 -18
c LOG 0 watch -26 blit -48 in irredundant size 3 clause[54] -26 -48 -35
c LOG 0 watch -48 blit -26 in irredundant size 3 clause[54] -26 -48 -35
c LOG 0 watch -43 blit -39 in irredundant size 3 clause[55] -43 -39 4
c LOG 0 watch -39 blit -43 in irredundant size 3 clause[55] -43 -39 4
c LOG 0 watch 22 blit -36 in irredundant size 3 clause[56] 22 -36 25
c LOG 0 watch -36 blit 22 in irredundant size 3 clause[56] 22 -36 25
c LOG 0 watch -50 blit -42 in irredundant size 3 clause[57] -50 -42 30
c LOG 0 watch -42 blit -50 in irredundant size 3 clause[57] -50 -42 30
c LOG 0 watch -23 blit -31 in irredundant size 3 clause[58] -23 -31 -40
c LOG 0 watch -31 blit -23 in irredundant size 3 clause[58] -23 -31 -40
c LOG 0 watch -25 blit -8 in irredundant size 3 clause[59] -25 -8 -10
c LOG 0 watch -8 blit -25 in irredundant size 3 clause[59] -25 -8 -10
c LOG 0 watch -32 blit -28 in irredundant size 3 clause[60] -32 -28 -43
c LOG 0 watch -28 blit -32 in irredundant size 3 clause[60] -32 -28 -43
c LOG 0 watch 22 blit 31 in irredundant size 3 clause[61] 22 31 -25
c LOG 0 watch 31 blit 22 in irredundant size 3 clause[61] 22 31 -25
c LOG 0 watch -33 blit 3 in irredundant size 3 clause[62] -33 3 6
c LOG 0 watch 3 blit -33 in irredundant size 3 clause[62] -33 3 6
c LOG 0 watch 33 blit 21 in irredundant size 3 clause[63] 33 21 -47
c LOG 0 watch 21 blit 33 in irredundant size 3 clause[63] 33 21 -47
c LOG 0 watch -42 blit -31 in irredundant size 3 clause[64] -42 -31 26
c LOG 0 watch -31 blit -42 in irredundant size 3 clause[64] -42 -31 26
c LOG 0 watch 23 blit 34 in irredundant size 3 clause[65] 23 34 16
c LOG 0 watch 34 blit 23 in irredundant size 3 clause[65] 23 34 16
c LOG 0 watch 8 blit -16 in irredundant size 3 clause[66] 8 -16 51
c LOG 0 watch -16 blit 8 in irredundant size 3 clause[66] 8 -16 51
c LOG 0 watch -36 blit 38 in irredundant size 3 clause[67] -36 38 -26
c LOG 0 watch 38 blit -36 in irredundant size 3 clause[67] -36 38 -26
c LOG 0 watch 35 blit -39 in irredundant size 3 clause[68] 35 -39 -27
c LOG 0 watch -39 blit 35 in irredundant size 3 clause[68] 35 -39 -27
c LOG 0 watch -29 blit 25 in irredundant size 20 clause[69] -29 25 17 -40 -23 -24 -13 -26 39 37 34 30 -32 48 8 -42 -10 -19 -16 -22
c LOG 0 watch 25 blit -29 in irredundant size 20 clause[69] -29 25 17 -40 -23 -24 -13 -26 39 37 34 30 -32 48 8 -42 -10 -19 -16 -22
c LOG 0 watch 44 blit -20 in irredundant size 3 clause[70] 44 -20 48
c LOG 0 watch -20 blit 44 in irredundant size 3 clause[70] 44 -20 48
c LOG 0 watch -24 blit 45 in irredundant size 3 clause[71] -24 45 -7
c LOG 0 watch 45 blit -24 in irredundant size 3 clause[71] -24 45 -7
c LOG 0 watch 3 blit -14 in irredundant size 3 clause[72] 3 -14 43
c LOG 0 watch -14 blit 3 in irredundant size 3 clause[72] 3 -14 43
c LOG 0 watch -23 blit -31 in irredundant size 3 clause[73] -23 -31 -50
c LOG 0 watch -31 blit -23 in irredundant size 3 clause[73] -23 -31 -50
c LOG 0 watch -41 blit 5 in irredundant size 4 clause[74] -41 5 14 2
c LOG 0 watch 5 blit -41 in irredundant size 4 clause[74] -41 5 14 2
c LOG 0 watch -41 blit 47 in irredundant size 3 clause[75] -41 47 16
c LOG 0 watch 47 blit -41 in irredundant size 3 clause[75] -41 47 16
c LOG 0 watch 48 blit 45 in irredundant size 3 clause[76] 48 45 3
c LOG 0 watch 45 blit 48 in irredundant size 3 clause[76] 48 45 3
c LOG 0 watch -8 blit 7 in irredundant size 3 clause[77] -8 7 28
c LOG 0 watch 7 blit -8 in irredundant size 3 clause[77] -8 7 28
c LOG 0 watch 23 blit -1 in irredundant size 3 clause[78] 23 -1 35
c LOG 0 watch -1 blit 23 in irredundant size 3 clause[78] 23 -1 35
c LOG 0 watch -11 blit 12 in irredundant size 3 clause[79] -11 12 40
c LOG 0 watch 12 blit -11 in irredundant size 3 clause[79] -11 12 40
c LOG 0 watch -8 blit 50 in irredundant size 3 clause[80] -8 50 45
c LOG 0 watch 50 blit -8 in irredundant size 3 clause[80] -8 50 45
c LOG 0 watch -12 blit -14 in irredundant size 3 clause[81] -12 -14 -33
c LOG 0 watch -14 blit -12 in irredundant size 3 clause[81] -12 -14 -33
c LOG 0 watch 42 blit 21 in irredundant size 3 clause[82] 42 21 -19
c LOG 0 watch 21 blit 42 in irredundant size 3 clause[82] 42 21 -19
c LOG 0 watch 10 blit 31 in irredundant size 3 clause[83] 10 31 -23
c LOG 0 watch 31 blit 10 in irredundant size 3 clause[83] 10 31 -23
c LOG 0 watch -4 blit -13 in irredundant size 3 clause[84] -4 -13 6
c LOG 0 watch -13 blit -4 in irredundant size 3 clause[84] -4 -13 6
c LOG 0 watch 44 blit -11 in irredundant size 3 clause[85] 44 -11 39
c LOG 0 watch -11 blit 44 in irredundant size 3 clause[85] 44 -11 39
c LOG 0 watch -7 blit -32 in irredundant size 3 clause[86] -7 -32 17
c LOG 0 watch -32 blit -7 in irredundant size 3 clause[86] -7 -32 17
c LOG 0 watch -18 blit 25 in irredundant size 3 clause[87] -18 25 13
c LOG 0 watch 25 blit -18 in irredundant size 3 clause[87] -18 25 13
c LOG 0 watch 44 blit -34 in irredundant size 3 clause[89] 44 -34 42
c LOG 0 watch -34 blit 44 in irredundant size 3 clause[89] 44 -34 42
c LOG 0 watch 43 blit -19 in irredundant size 3 clause[90] 43 -19 -31
c LOG 0 watch -19 blit 43 in irredundant size 3 clause[90] 43 -19 -31
c LOG 0 watch -6 blit 26 in irredundant size 3 clause[91] -6 26 15
c LOG 0 watch 26 blit -6 in irredundant size 3 clause[91] -6 26 15
c LOG 0 watch 34 blit -22 in irredundant size 3 clause[92] 34 -22 37
TERMINATE DELAY VIOLATION: 571 NEW/MALLOC-CALLS AFTER TRIGGER. RAISING SIGUSR2
